fixture.id,fixture.referee,fixture.timezone,fixture.date,fixture.timestamp,fixture.periods.first,fixture.periods.second,fixture.venue.id,fixture.venue.name,fixture.venue.city,fixture.status.long,fixture.status.short,fixture.status.elapsed,fixture.status.extra,league.id,league.name,league.country,league.logo,league.flag,league.season,league.round,league.standings,teams.home.id,teams.home.name,teams.home.logo,teams.home.winner,teams.away.id,teams.away.name,teams.away.logo,teams.away.winner,goals.home,goals.away,score.halftime.home,score.halftime.away,score.fulltime.home,score.fulltime.away,score.extratime.home,score.extratime.away,score.penalty.home,score.penalty.away
1031275,I. Lopez,UTC,2023-07-01T01:00:00+00:00,1688173200,1688173200,1688176800,1069.0,Estadio Azteca,D.F.,Match Finished,FT,90,,262,Liga MX,Mexico,https://media.api-sports.io/football/leagues/262.png,https://media.api-sports.io/flags/mx.svg,2023,Apertura - 1,True,2287,Club America,https://media.api-sports.io/football/teams/2287.png,False,2298,FC Juarez,https://media.api-sports.io/football/teams/2298.png,True,1,2,1,0,1,2,,,,
1031277,J. Lopez,UTC,2023-07-01T01:00:00+00:00,1688173200,1688173200,1688176800,20435.0,Estadio El Encanto,Mazatlán,Match Finished,FT,90,,262,Liga MX,Mexico,https://media.api-sports.io/football/leagues/262.png,https://media.api-sports.io/flags/mx.svg,2023,Apertura - 1,True,14002,Mazatlán,https://media.api-sports.io/football/teams/14002.png,,2292,Pachuca,https://media.api-sports.io/football/teams/2292.png,,1,1,0,1,1,1,,,,
1031276,D. Quintero,UTC,2023-07-01T03:10:00+00:00,1688181000,1688181000,1688184600,1088.0,Estadio Caliente,Tijuana,Match Finished,FT,90,,262,Liga MX,Mexico,https://media.api-sports.io/football/leagues/262.png,https://media.api-sports.io/flags/mx.svg,2023,Apertura - 1,True,2280,Club Tijuana,https://media.api-sports.io/football/teams/2280.png,False,2286,U.N.A.M. - Pumas,https://media.api-sports.io/football/teams/2286.png,True,2,3,1,1,2,3,,,,
1031278,J. Camacho,UTC,2023-07-01T23:00:00+00:00,1688252400,1688252400,1688256000,1795.0,Estadio Alfonso Lastras Ramírez,San Luis Potosí,Match Finished,FT,90,,262,Liga MX,Mexico,https://media.api-sports.io/football/leagues/262.png,https://media.api-sports.io/flags/mx.svg,2023,Apertura - 1,True,2314,Atletico San Luis,https://media.api-sports.io/football/teams/2314.png,,2282,Monterrey,https://media.api-sports.io/football/teams/2282.png,,1,1,0,1,1,1,,,,
1031279,Ó. Macías,UTC,2023-07-02T01:00:00+00:00,1688259600,1688259600,1688263200,,Estadio Universitario,San Nicolás de los Garza,Match Finished,FT,90,,262,Liga MX,Mexico,https://media.api-sports.io/football/leagues/262.png,https://media.api-sports.io/flags/mx.svg,2023,Apertura - 1,True,2279,Tigres UANL,https://media.api-sports.io/football/teams/2279.png,,2291,Puebla,https://media.api-sports.io/football/teams/2291.png,,1,1,0,0,1,1,,,,
1031280,V. Cáceres,UTC,2023-07-02T03:10:00+00:00,1688267400,1688267400,1688271000,1071.0,Estadio Jalisco,Guadalajara,Match Finished,FT,90,,262,Liga MX,Mexico,https://media.api-sports.io/football/leagues/262.png,https://media.api-sports.io/flags/mx.svg,2023,Apertura - 1,True,2283,Atlas,https://media.api-sports.io/football/teams/2283.png,True,2295,Cruz Azul,https://media.api-sports.io/football/teams/2295.png,False,2,0,1,0,2,0,,,,
1031281,I. López,UTC,2023-07-02T18:00:00+00:00,1688320800,1688320800,1688324400,1089.0,Estadio Nemesio Díez,Toluca de Lerdo,Match Finished,FT,90,,262,Liga MX,Mexico,https://media.api-sports.io/football/leagues/262.png,https://media.api-sports.io/flags/mx.svg,2023,Apertura - 1,True,2281,Toluca,https://media.api-sports.io/football/teams/2281.png,,2288,Necaxa,https://media.api-sports.io/football/teams/2288.png,,0,0,0,0,0,0,,,,
1031282,A. Quirarte,UTC,2023-07-03T01:05:00+00:00,1688346300,1688346300,1688349900,20475.0,Estadio Corona,Torreón,Match Finished,FT,90,,262,Liga MX,Mexico,https://media.api-sports.io/football/leagues/262.png,https://media.api-sports.io/flags/mx.svg,2023,Apertura - 1,True,2285,Santos Laguna,https://media.api-sports.io/football/teams/2285.png,False,2290,Club Queretaro,https://media.api-sports.io/football/teams/2290.png,True,0,2,0,0,0,2,,,,
1031283,Ó. Mejía,UTC,2023-07-04T02:00:00+00:00,1688436000,1688436000,1688439600,,Estadio León,León de los Aldamas,Match Finished,FT,90,,262,Liga MX,Mexico,https://media.api-sports.io/football/leagues/262.png,https://media.api-sports.io/flags/mx.svg,2023,Apertura - 1,True,2289,Leon,https://media.api-sports.io/football/teams/2289.png,False,2278,Guadalajara Chivas,https://media.api-sports.io/football/teams/2278.png,True,1,2,1,1,1,2,,,,
1031284,B. González,UTC,2023-07-08T01:00:00+00:00,1688778000,1688778000,1688781600,1082.0,Estadio Cuauhtémoc,Puebla,Match Finished,FT,90,,262,Liga MX,Mexico,https://media.api-sports.io/football/leagues/262.png,https://media.api-sports.io/flags/mx.svg,2023,Apertura - 2,True,2291,Puebla,https://media.api-sports.io/football/teams/2291.png,False,2285,Santos Laguna,https://media.api-sports.io/football/teams/2285.png,True,2,3,2,2,2,3,,,,
1031290,Ó. Mejía,UTC,2023-07-08T03:00:00+00:00,1688785200,1688785200,1688788800,20474.0,Estadio Victoria,Aguascalientes,Match Finished,FT,90,,262,Liga MX,Mexico,https://media.api-sports.io/football/leagues/262.png,https://media.api-sports.io/flags/mx.svg,2023,Apertura - 2,True,2288,Necaxa,https://media.api-sports.io/football/teams/2288.png,,2280,Club Tijuana,https://media.api-sports.io/football/teams/2280.png,,1,1,0,0,1,1,,,,
1031288,I. Lopez,UTC,2023-07-08T23:50:00+00:00,1688860200,1688860200,1688863800,1069.0,Estadio Azteca,D.F.,Match Finished,FT,90,,262,Liga MX,Mexico,https://media.api-sports.io/football/leagues/262.png,https://media.api-sports.io/flags/mx.svg,2023,Apertura - 2,True,2295,Cruz Azul,https://media.api-sports.io/football/teams/2295.png,False,2281,Toluca,https://media.api-sports.io/football/teams/2281.png,True,0,2,0,1,0,2,,,,
1031286,V. Cáceres,UTC,2023-07-09T00:05:00+00:00,1688861100,1688861100,1688864700,1076.0,Estadio AKRON,Zapopan,Match Finished,FT,90,,262,Liga MX,Mexico,https://media.api-sports.io/football/leagues/262.png,https://media.api-sports.io/flags/mx.svg,2023,Apertura - 2,True,2278,Guadalajara Chivas,https://media.api-sports.io/football/teams/2278.png,True,2314,Atletico San Luis,https://media.api-sports.io/football/teams/2314.png,False,3,1,2,1,3,1,,,,
1031285,J. Lopez,UTC,2023-07-09T00:06:00+00:00,1688861160,1688861160,1688864760,1845.0,Estadio Olímpico Benito Juárez,Ciudad Juárez,Match Finished,FT,90,,262,Liga MX,Mexico,https://media.api-sports.io/football/leagues/262.png,https://media.api-sports.io/flags/mx.svg,2023,Apertura - 2,True,2298,FC Juarez,https://media.api-sports.io/football/teams/2298.png,,2279,Tigres UANL,https://media.api-sports.io/football/teams/2279.png,,1,1,0,1,1,1,,,,
1031289,Ó. Macías,UTC,2023-07-09T18:00:00+00:00,1688925600,1688925600,1688929200,,Estadio Olímpico Universitario,D.F.,Match Finished,FT,90,,262,Liga MX,Mexico,https://media.api-sports.io/football/leagues/262.png,https://media.api-sports.io/flags/mx.svg,2023,Apertura - 2,True,2286,U.N.A.M. - Pumas,https://media.api-sports.io/football/teams/2286.png,,14002,Mazatlán,https://media.api-sports.io/football/teams/14002.png,,0,0,0,0,0,0,,,,
1031287,E. Morales,UTC,2023-07-10T01:00:00+00:00,1688950800,1688950800,1688954400,11905.0,Estadio BBVA,Guadalupe,Match Finished,FT,90,,262,Liga MX,Mexico,https://media.api-sports.io/football/leagues/262.png,https://media.api-sports.io/flags/mx.svg,2023,Apertura - 2,True,2282,Monterrey,https://media.api-sports.io/football/teams/2282.png,True,2283,Atlas,https://media.api-sports.io/football/teams/2283.png,False,1,0,1,0,1,0,,,,
1031292,J. Camacho,UTC,2023-07-11T02:00:00+00:00,1689040800,1689040800,1689044400,,Estadio León,León de los Aldamas,Match Finished,FT,90,,262,Liga MX,Mexico,https://media.api-sports.io/football/leagues/262.png,https://media.api-sports.io/flags/mx.svg,2023,Apertura - 2,True,2289,Leon,https://media.api-sports.io/football/teams/2289.png,True,2292,Pachuca,https://media.api-sports.io/football/teams/2292.png,False,4,0,3,0,4,0,,,,
1031293,D. Montaño,UTC,2023-07-14T01:05:00+00:00,1689296700,1689296700,1689300300,20475.0,Estadio Corona,Torreón,Match Finished,FT,90,,262,Liga MX,Mexico,https://media.api-sports.io/football/leagues/262.png,https://media.api-sports.io/flags/mx.svg,2023,Apertura - 3,True,2285,Santos Laguna,https://media.api-sports.io/football/teams/2285.png,,2283,Atlas,https://media.api-sports.io/football/teams/2283.png,,0,0,0,0,0,0,,,,
1031294,J. Lopez,UTC,2023-07-14T03:00:00+00:00,1689303600,1689303600,1689307200,1076.0,Estadio AKRON,Zapopan,Match Finished,FT,90,,262,Liga MX,Mexico,https://media.api-sports.io/football/leagues/262.png,https://media.api-sports.io/flags/mx.svg,2023,Apertura - 3,True,2278,Guadalajara Chivas,https://media.api-sports.io/football/teams/2278.png,True,2288,Necaxa,https://media.api-sports.io/football/teams/2288.png,False,2,0,1,0,2,0,,,,
1031295,B. González,UTC,2023-07-15T01:00:00+00:00,1689382800,1689382800,1689386400,20435.0,Estadio El Encanto,Mazatlán,Match Finished,FT,90,,262,Liga MX,Mexico,https://media.api-sports.io/football/leagues/262.png,https://media.api-sports.io/flags/mx.svg,2023,Apertura - 3,True,14002,Mazatlán,https://media.api-sports.io/football/teams/14002.png,False,2282,Monterrey,https://media.api-sports.io/football/teams/2282.png,True,0,3,0,0,0,3,,,,
1031296,E. Morales,UTC,2023-07-15T03:10:00+00:00,1689390600,1689390600,1689394200,1088.0,Estadio Caliente,Tijuana,Match Finished,FT,90,,262,Liga MX,Mexico,https://media.api-sports.io/football/leagues/262.png,https://media.api-sports.io/flags/mx.svg,2023,Apertura - 3,True,2280,Club Tijuana,https://media.api-sports.io/football/teams/2280.png,True,2295,Cruz Azul,https://media.api-sports.io/football/teams/2295.png,False,2,1,0,1,2,1,,,,
1031297,D. Quintero,UTC,2023-07-15T23:00:00+00:00,1689462000,1689462000,1689465600,1795.0,Estadio Alfonso Lastras Ramírez,San Luis Potosí,Match Finished,FT,90,,262,Liga MX,Mexico,https://media.api-sports.io/football/leagues/262.png,https://media.api-sports.io/flags/mx.svg,2023,Apertura - 3,True,2314,Atletico San Luis,https://media.api-sports.io/football/teams/2314.png,True,2290,Club Queretaro,https://media.api-sports.io/football/teams/2290.png,False,4,1,2,1,4,1,,,,
1031298,V. Cáceres,UTC,2023-07-16T01:00:00+00:00,1689469200,1689469200,1689472800,1069.0,Estadio Azteca,D.F.,Match Finished,FT,90,,262,Liga MX,Mexico,https://media.api-sports.io/football/leagues/262.png,https://media.api-sports.io/flags/mx.svg,2023,Apertura - 3,True,2287,Club America,https://media.api-sports.io/football/teams/2287.png,True,2291,Puebla,https://media.api-sports.io/football/teams/2291.png,False,3,0,2,0,3,0,,,,
1031299,I. Lopez,UTC,2023-07-16T03:05:00+00:00,1689476700,1689476700,1689480300,,Estadio Universitario,San Nicolás de los Garza,Match Finished,FT,90,,262,Liga MX,Mexico,https://media.api-sports.io/football/leagues/262.png,https://media.api-sports.io/flags/mx.svg,2023,Apertura - 3,True,2279,Tigres UANL,https://media.api-sports.io/football/teams/2279.png,True,2289,Leon,https://media.api-sports.io/football/teams/2289.png,False,1,0,1,0,1,0,,,,
1031300,M. Terrazas,UTC,2023-07-16T18:00:00+00:00,1689530400,1689530400,1689534000,1089.0,Estadio Nemesio Díez,Toluca de Lerdo,Match Finished,FT,90,,262,Liga MX,Mexico,https://media.api-sports.io/football/leagues/262.png,https://media.api-sports.io/flags/mx.svg,2023,Apertura - 3,True,2281,Toluca,https://media.api-sports.io/football/teams/2281.png,False,2298,FC Juarez,https://media.api-sports.io/football/teams/2298.png,True,2,4,1,1,2,4,,,,
1031301,Ó. Mejía,UTC,2023-07-17T02:15:00+00:00,1689560100,1689560100,1689563700,1081.0,Estadio Hidalgo,Pachuca de Soto,Match Finished,FT,90,,262,Liga MX,Mexico,https://media.api-sports.io/football/leagues/262.png,https://media.api-sports.io/flags/mx.svg,2023,Apertura - 3,True,2292,Pachuca,https://media.api-sports.io/football/teams/2292.png,,2286,U.N.A.M. - Pumas,https://media.api-sports.io/football/teams/2286.png,,1,1,1,1,1,1,,,,
1031305,M. Quintero,UTC,2023-08-19T01:06:00+00:00,1692407160,1692407160,1692410760,,Estadio León,León de los Aldamas,Match Finished,FT,90,,262,Liga MX,Mexico,https://media.api-sports.io/football/leagues/262.png,https://media.api-sports.io/flags/mx.svg,2023,Apertura - 4,True,2289,Leon,https://media.api-sports.io/football/teams/2289.png,True,14002,Mazatlán,https://media.api-sports.io/football/teams/14002.png,False,2,1,0,1,2,1,,,,
1031308,L. Santander,UTC,2023-08-19T03:00:00+00:00,1692414000,1692414000,1692417600,,Estadio Olímpico Universitario,D.F.,Match Finished,FT,90,,262,Liga MX,Mexico,https://media.api-sports.io/football/leagues/262.png,https://media.api-sports.io/flags/mx.svg,2023,Apertura - 4,True,2286,U.N.A.M. - Pumas,https://media.api-sports.io/football/teams/2286.png,,2281,Toluca,https://media.api-sports.io/football/teams/2281.png,,1,1,1,1,1,1,,,,
1031302,I. Lopez,UTC,2023-08-19T03:06:00+00:00,1692414360,1692414360,1692417960,1082.0,Estadio Cuauhtémoc,Puebla,Match Finished,FT,90,,262,Liga MX,Mexico,https://media.api-sports.io/football/leagues/262.png,https://media.api-sports.io/flags/mx.svg,2023,Apertura - 4,True,2291,Puebla,https://media.api-sports.io/football/teams/2291.png,False,2314,Atletico San Luis,https://media.api-sports.io/football/teams/2314.png,True,1,2,0,1,1,2,,,,
1031303,F. Hernández,UTC,2023-08-19T03:10:00+00:00,1692414600,1692414600,1692418200,1845.0,Estadio Olímpico Benito Juárez,Ciudad Juárez,Match Finished,FT,90,,262,Liga MX,Mexico,https://media.api-sports.io/football/leagues/262.png,https://media.api-sports.io/flags/mx.svg,2023,Apertura - 4,True,2298,FC Juarez,https://media.api-sports.io/football/teams/2298.png,,2278,Guadalajara Chivas,https://media.api-sports.io/football/teams/2278.png,,1,1,0,1,1,1,,,,
1031309,M. Ortíz,UTC,2023-08-20T23:00:00+00:00,1692572400,1692572400,1692576000,1069.0,Estadio Azteca,D.F.,Match Finished,FT,90,,262,Liga MX,Mexico,https://media.api-sports.io/football/leagues/262.png,https://media.api-sports.io/flags/mx.svg,2023,Apertura - 4,True,2295,Cruz Azul,https://media.api-sports.io/football/teams/2295.png,,2285,Santos Laguna,https://media.api-sports.io/football/teams/2285.png,,2,2,2,1,2,2,,,,
1031310,V. Arce,UTC,2023-08-21T01:06:00+00:00,1692579960,1692579960,1692583560,20476.0,Estadio Corregidora,Santiago de Querétaro,Match Finished,FT,90,,262,Liga MX,Mexico,https://media.api-sports.io/football/leagues/262.png,https://media.api-sports.io/flags/mx.svg,2023,Apertura - 4,True,2290,Club Queretaro,https://media.api-sports.io/football/teams/2290.png,,2292,Pachuca,https://media.api-sports.io/football/teams/2292.png,,1,1,1,0,1,1,,,,
1031307,A. Escobedo,UTC,2023-08-21T01:10:00+00:00,1692580200,1692580200,1692583800,1069.0,Estadio Azteca,D.F.,Match Finished,FT,90,,262,Liga MX,Mexico,https://media.api-sports.io/football/leagues/262.png,https://media.api-sports.io/flags/mx.svg,2023,Apertura - 4,True,2287,Club America,https://media.api-sports.io/football/teams/2287.png,,2283,Atlas,https://media.api-sports.io/football/teams/2283.png,,1,1,1,1,1,1,,,,
1031304,G. Pacheco,UTC,2023-08-21T03:10:00+00:00,1692587400,1692587400,1692591000,20474.0,Estadio Victoria,Aguascalientes,Match Finished,FT,90,,262,Liga MX,Mexico,https://media.api-sports.io/football/leagues/262.png,https://media.api-sports.io/flags/mx.svg,2023,Apertura - 4,True,2288,Necaxa,https://media.api-sports.io/football/teams/2288.png,False,2279,Tigres UANL,https://media.api-sports.io/football/teams/2279.png,True,0,3,0,1,0,3,,,,
1031316,A. Escobedo,UTC,2023-08-23T01:00:00+00:00,1692752400,1692752400,1692756000,1076.0,Estadio AKRON,Zapopan,Match Finished,FT,90,,262,Liga MX,Mexico,https://media.api-sports.io/football/leagues/262.png,https://media.api-sports.io/flags/mx.svg,2023,Apertura - 5,True,2278,Guadalajara Chivas,https://media.api-sports.io/football/teams/2278.png,True,2280,Club Tijuana,https://media.api-sports.io/football/teams/2280.png,False,1,0,0,0,1,0,,,,
1031317,L. Santander,UTC,2023-08-23T01:00:00+00:00,1692752400,1692752400,1692756000,20435.0,Estadio El Encanto,Mazatlán,Match Finished,FT,90,,262,Liga MX,Mexico,https://media.api-sports.io/football/leagues/262.png,https://media.api-sports.io/flags/mx.svg,2023,Apertura - 5,True,14002,Mazatlán,https://media.api-sports.io/football/teams/14002.png,True,2291,Puebla,https://media.api-sports.io/football/teams/2291.png,False,1,0,0,0,1,0,,,,
1031312,I. López,UTC,2023-08-23T03:06:00+00:00,1692759960,1692759960,1692763560,1845.0,Estadio Olímpico Benito Juárez,Ciudad Juárez,Match Finished,FT,90,,262,Liga MX,Mexico,https://media.api-sports.io/football/leagues/262.png,https://media.api-sports.io/flags/mx.svg,2023,Apertura - 5,True,2298,FC Juarez,https://media.api-sports.io/football/teams/2298.png,True,2286,U.N.A.M. - Pumas,https://media.api-sports.io/football/teams/2286.png,False,4,1,3,0,4,1,,,,
1031311,M. Ortíz,UTC,2023-08-24T01:00:00+00:00,1692838800,1692838800,1692842400,1069.0,Estadio Azteca,D.F.,Match Finished,FT,90,,262,Liga MX,Mexico,https://media.api-sports.io/football/leagues/262.png,https://media.api-sports.io/flags/mx.svg,2023,Apertura - 5,True,2287,Club America,https://media.api-sports.io/football/teams/2287.png,True,2288,Necaxa,https://media.api-sports.io/football/teams/2288.png,False,3,2,2,1,3,2,,,,
1031314,J. Lopez,UTC,2023-08-24T01:06:00+00:00,1692839160,1692839160,1692842760,1081.0,Estadio Hidalgo,Pachuca de Soto,Match Finished,FT,90,,262,Liga MX,Mexico,https://media.api-sports.io/football/leagues/262.png,https://media.api-sports.io/flags/mx.svg,2023,Apertura - 5,True,2292,Pachuca,https://media.api-sports.io/football/teams/2292.png,True,2295,Cruz Azul,https://media.api-sports.io/football/teams/2295.png,False,1,0,0,0,1,0,,,,
1031424,E. Morales,UTC,2023-08-24T03:00:00+00:00,1692846000,1692846000,1692849600,1795.0,Estadio Alfonso Lastras Ramírez,San Luis Potosí,Match Finished,FT,90,,262,Liga MX,Mexico,https://media.api-sports.io/football/leagues/262.png,https://media.api-sports.io/flags/mx.svg,2023,Apertura - 5,True,2314,Atletico San Luis,https://media.api-sports.io/football/teams/2314.png,True,2289,Leon,https://media.api-sports.io/football/teams/2289.png,False,3,0,1,0,3,0,,,,
1031425,D. Montaño,UTC,2023-08-26T01:00:00+00:00,1693011600,1693011600,1693015200,1082.0,Estadio Cuauhtémoc,Puebla,Match Finished,FT,90,,262,Liga MX,Mexico,https://media.api-sports.io/football/leagues/262.png,https://media.api-sports.io/flags/mx.svg,2023,Apertura - 6,True,2291,Puebla,https://media.api-sports.io/football/teams/2291.png,True,2298,FC Juarez,https://media.api-sports.io/football/teams/2298.png,False,1,0,1,0,1,0,,,,
1031319,F. Guerrero,UTC,2023-08-26T03:10:00+00:00,1693019400,1693019400,1693023000,1088.0,Estadio Caliente,Tijuana,Match Finished,FT,90,,262,Liga MX,Mexico,https://media.api-sports.io/football/leagues/262.png,https://media.api-sports.io/flags/mx.svg,2023,Apertura - 6,True,2280,Club Tijuana,https://media.api-sports.io/football/teams/2280.png,,14002,Mazatlán,https://media.api-sports.io/football/teams/14002.png,,1,1,1,1,1,1,,,,
1031320,G. Pacheco,UTC,2023-08-26T23:00:00+00:00,1693090800,1693090800,1693094400,1071.0,Estadio Jalisco,Guadalajara,Match Finished,FT,90,,262,Liga MX,Mexico,https://media.api-sports.io/football/leagues/262.png,https://media.api-sports.io/flags/mx.svg,2023,Apertura - 6,True,2283,Atlas,https://media.api-sports.io/football/teams/2283.png,,2281,Toluca,https://media.api-sports.io/football/teams/2281.png,,0,0,0,0,0,0,,,,
1031321,Ó. Macías,UTC,2023-08-27T01:00:00+00:00,1693098000,1693098000,1693101600,1069.0,Estadio Azteca,D.F.,Match Finished,FT,90,,262,Liga MX,Mexico,https://media.api-sports.io/football/leagues/262.png,https://media.api-sports.io/flags/mx.svg,2023,Apertura - 6,True,2287,Club America,https://media.api-sports.io/football/teams/2287.png,,2289,Leon,https://media.api-sports.io/football/teams/2289.png,,1,1,0,0,1,1,,,,
1031322,Ó. Mejía,UTC,2023-08-27T03:05:00+00:00,1693105500,1693105500,1693109100,20475.0,Estadio Corona,Torreón,Match Finished,FT,90,,262,Liga MX,Mexico,https://media.api-sports.io/football/leagues/262.png,https://media.api-sports.io/flags/mx.svg,2023,Apertura - 6,True,2285,Santos Laguna,https://media.api-sports.io/football/teams/2285.png,True,2278,Guadalajara Chivas,https://media.api-sports.io/football/teams/2278.png,False,2,1,0,0,2,1,,,,
1031324,F. Hernández,UTC,2023-08-28T00:05:00+00:00,1693181100,1693181100,1693184700,,Estadio Olímpico Universitario,D.F.,Match Finished,FT,90,,262,Liga MX,Mexico,https://media.api-sports.io/football/leagues/262.png,https://media.api-sports.io/flags/mx.svg,2023,Apertura - 6,True,2286,U.N.A.M. - Pumas,https://media.api-sports.io/football/teams/2286.png,True,2279,Tigres UANL,https://media.api-sports.io/football/teams/2279.png,False,2,1,0,0,2,1,,,,
1031325,C. Ramos,UTC,2023-08-28T02:05:00+00:00,1693188300,1693188300,1693191900,11905.0,Estadio BBVA,Guadalupe,Match Finished,FT,90,,262,Liga MX,Mexico,https://media.api-sports.io/football/leagues/262.png,https://media.api-sports.io/flags/mx.svg,2023,Apertura - 6,True,2282,Monterrey,https://media.api-sports.io/football/teams/2282.png,False,2295,Cruz Azul,https://media.api-sports.io/football/teams/2295.png,True,1,2,1,1,1,2,,,,
1031323,D. Quintero,UTC,2023-08-28T22:00:00+00:00,1693260000,1693260000,1693263600,20474.0,Estadio Victoria,Aguascalientes,Match Finished,FT,90,,262,Liga MX,Mexico,https://media.api-sports.io/football/leagues/262.png,https://media.api-sports.io/flags/mx.svg,2023,Apertura - 6,True,2288,Necaxa,https://media.api-sports.io/football/teams/2288.png,False,2290,Club Queretaro,https://media.api-sports.io/football/teams/2290.png,True,0,1,0,0,0,1,,,,
1031326,J. Camacho,UTC,2023-08-29T03:10:00+00:00,1693278600,1693278600,1693282200,1081.0,Estadio Hidalgo,Pachuca de Soto,Match Finished,FT,90,,262,Liga MX,Mexico,https://media.api-sports.io/football/leagues/262.png,https://media.api-sports.io/flags/mx.svg,2023,Apertura - 6,True,2292,Pachuca,https://media.api-sports.io/football/teams/2292.png,False,2314,Atletico San Luis,https://media.api-sports.io/football/teams/2314.png,True,0,2,0,0,0,2,,,,
1031315,D. Montaño,UTC,2023-08-31T01:00:00+00:00,1693443600,1693443600,1693447200,1089.0,Estadio Nemesio Díez,Toluca de Lerdo,Match Finished,FT,90,,262,Liga MX,Mexico,https://media.api-sports.io/football/leagues/262.png,https://media.api-sports.io/flags/mx.svg,2023,Apertura - 5,True,2281,Toluca,https://media.api-sports.io/football/teams/2281.png,True,2282,Monterrey,https://media.api-sports.io/football/teams/2282.png,False,1,0,1,0,1,0,,,,
1031313,F. Hernández,UTC,2023-08-31T01:06:00+00:00,1693443960,1693443960,1693447560,20476.0,Estadio Corregidora,Santiago de Querétaro,Match Finished,FT,90,,262,Liga MX,Mexico,https://media.api-sports.io/football/leagues/262.png,https://media.api-sports.io/flags/mx.svg,2023,Apertura - 5,True,2290,Club Queretaro,https://media.api-sports.io/football/teams/2290.png,False,2283,Atlas,https://media.api-sports.io/football/teams/2283.png,True,1,2,0,1,1,2,,,,
1031318,D. Quintero,UTC,2023-08-31T03:00:00+00:00,1693450800,1693450800,1693454400,,Estadio Universitario,San Nicolás de los Garza,Match Finished,FT,90,,262,Liga MX,Mexico,https://media.api-sports.io/football/leagues/262.png,https://media.api-sports.io/flags/mx.svg,2023,Apertura - 5,True,2279,Tigres UANL,https://media.api-sports.io/football/teams/2279.png,True,2285,Santos Laguna,https://media.api-sports.io/football/teams/2285.png,False,3,2,1,1,3,2,,,,
1031328,A. Escobedo,UTC,2023-09-02T01:06:00+00:00,1693616760,1693616760,1693620360,1845.0,Estadio Olímpico Benito Juárez,Ciudad Juárez,Match Finished,FT,90,,262,Liga MX,Mexico,https://media.api-sports.io/football/leagues/262.png,https://media.api-sports.io/flags/mx.svg,2023,Apertura - 7,True,2298,FC Juarez,https://media.api-sports.io/football/teams/2298.png,True,14002,Mazatlán,https://media.api-sports.io/football/teams/14002.png,False,3,1,2,1,3,1,,,,
1031329,C. Ramos,UTC,2023-09-02T03:10:00+00:00,1693624200,1693624200,1693627800,1082.0,Estadio Cuauhtémoc,Puebla,Match Finished,FT,90,,262,Liga MX,Mexico,https://media.api-sports.io/football/leagues/262.png,https://media.api-sports.io/flags/mx.svg,2023,Apertura - 7,True,2291,Puebla,https://media.api-sports.io/football/teams/2291.png,True,2280,Club Tijuana,https://media.api-sports.io/football/teams/2280.png,False,3,0,2,0,3,0,,,,
1031331,V. Cáceres,UTC,2023-09-02T23:00:00+00:00,1693695600,1693695600,1693699200,,Estadio León,León de los Aldamas,Match Finished,FT,90,,262,Liga MX,Mexico,https://media.api-sports.io/football/leagues/262.png,https://media.api-sports.io/flags/mx.svg,2023,Apertura - 7,True,2289,Leon,https://media.api-sports.io/football/teams/2289.png,,2288,Necaxa,https://media.api-sports.io/football/teams/2288.png,,1,1,0,1,1,1,,,,
1031332,F. Guerrero,UTC,2023-09-03T01:00:00+00:00,1693702800,1693702800,1693706400,20475.0,Estadio Corona,Torreón,Match Finished,FT,90,,262,Liga MX,Mexico,https://media.api-sports.io/football/leagues/262.png,https://media.api-sports.io/flags/mx.svg,2023,Apertura - 7,True,2285,Santos Laguna,https://media.api-sports.io/football/teams/2285.png,True,2286,U.N.A.M. - Pumas,https://media.api-sports.io/football/teams/2286.png,False,2,1,2,1,2,1,,,,
1031333,I. Lopez,UTC,2023-09-03T01:05:00+00:00,1693703100,1693703100,1693706700,,Estadio Universitario,San Nicolás de los Garza,Match Finished,FT,90,,262,Liga MX,Mexico,https://media.api-sports.io/football/leagues/262.png,https://media.api-sports.io/flags/mx.svg,2023,Apertura - 7,True,2279,Tigres UANL,https://media.api-sports.io/football/teams/2279.png,True,2290,Club Queretaro,https://media.api-sports.io/football/teams/2290.png,False,5,0,2,0,5,0,,,,
1031334,D. Quintero,UTC,2023-09-03T03:10:00+00:00,1693710600,1693710600,1693714200,1069.0,Estadio Azteca,D.F.,Match Finished,FT,90,,262,Liga MX,Mexico,https://media.api-sports.io/football/leagues/262.png,https://media.api-sports.io/flags/mx.svg,2023,Apertura - 7,True,2295,Cruz Azul,https://media.api-sports.io/football/teams/2295.png,False,2287,Club America,https://media.api-sports.io/football/teams/2287.png,True,2,3,1,3,2,3,,,,
1031335,M. Ortíz,UTC,2023-09-03T18:00:00+00:00,1693764000,1693764000,1693767600,1089.0,Estadio Nemesio Díez,Toluca de Lerdo,Match Finished,FT,90,,262,Liga MX,Mexico,https://media.api-sports.io/football/leagues/262.png,https://media.api-sports.io/flags/mx.svg,2023,Apertura - 7,True,2281,Toluca,https://media.api-sports.io/football/teams/2281.png,True,2292,Pachuca,https://media.api-sports.io/football/teams/2292.png,False,5,0,2,0,5,0,,,,
1031330,Ó. Macías,UTC,2023-09-03T23:05:00+00:00,1693782300,1693782300,1693785900,1076.0,Estadio AKRON,Zapopan,Match Finished,FT,90,,262,Liga MX,Mexico,https://media.api-sports.io/football/leagues/262.png,https://media.api-sports.io/flags/mx.svg,2023,Apertura - 7,True,2278,Guadalajara Chivas,https://media.api-sports.io/football/teams/2278.png,False,2282,Monterrey,https://media.api-sports.io/football/teams/2282.png,True,1,2,0,2,1,2,,,,
1031327,L. Santander,UTC,2023-09-04T02:00:00+00:00,1693792800,1693792800,1693796400,1795.0,Estadio Alfonso Lastras Ramírez,San Luis Potosí,Match Finished,FT,90,,262,Liga MX,Mexico,https://media.api-sports.io/football/leagues/262.png,https://media.api-sports.io/flags/mx.svg,2023,Apertura - 7,True,2314,Atletico San Luis,https://media.api-sports.io/football/teams/2314.png,True,2283,Atlas,https://media.api-sports.io/football/teams/2283.png,False,2,0,1,0,2,0,,,,
1031338,M. Ortíz,UTC,2023-09-16T01:00:00+00:00,1694826000,1694826000,1694829600,20435.0,Estadio El Encanto,Mazatlán,Match Finished,FT,90,,262,Liga MX,Mexico,https://media.api-sports.io/football/leagues/262.png,https://media.api-sports.io/flags/mx.svg,2023,Apertura - 8,True,14002,Mazatlán,https://media.api-sports.io/football/teams/14002.png,,2295,Cruz Azul,https://media.api-sports.io/football/teams/2295.png,,2,2,2,0,2,2,,,,
1031339,E. Miranda,UTC,2023-09-16T03:10:00+00:00,1694833800,1694833800,1694837400,1088.0,Estadio Caliente,Tijuana,Match Finished,FT,90,,262,Liga MX,Mexico,https://media.api-sports.io/football/leagues/262.png,https://media.api-sports.io/flags/mx.svg,2023,Apertura - 8,True,2280,Club Tijuana,https://media.api-sports.io/football/teams/2280.png,True,2281,Toluca,https://media.api-sports.io/football/teams/2281.png,False,2,1,2,0,2,1,,,,
1031340,B. González,UTC,2023-09-16T23:00:00+00:00,1694905200,1694905200,1694908800,20474.0,Estadio Victoria,Aguascalientes,Match Finished,FT,90,,262,Liga MX,Mexico,https://media.api-sports.io/football/leagues/262.png,https://media.api-sports.io/flags/mx.svg,2023,Apertura - 8,True,2288,Necaxa,https://media.api-sports.io/football/teams/2288.png,,2298,FC Juarez,https://media.api-sports.io/football/teams/2298.png,,1,1,1,1,1,1,,,,
1031336,L. Santander,UTC,2023-09-17T01:00:00+00:00,1694912400,1694912400,1694916000,11905.0,Estadio BBVA,Guadalupe,Match Finished,FT,90,,262,Liga MX,Mexico,https://media.api-sports.io/football/leagues/262.png,https://media.api-sports.io/flags/mx.svg,2023,Apertura - 8,True,2282,Monterrey,https://media.api-sports.io/football/teams/2282.png,True,2289,Leon,https://media.api-sports.io/football/teams/2289.png,False,3,1,2,1,3,1,,,,
1031337,F. Guerrero,UTC,2023-09-17T03:10:00+00:00,1694920200,1694920200,1694923800,1069.0,Estadio Azteca,D.F.,Match Finished,FT,90,,262,Liga MX,Mexico,https://media.api-sports.io/football/leagues/262.png,https://media.api-sports.io/flags/mx.svg,2023,Apertura - 8,True,2287,Club America,https://media.api-sports.io/football/teams/2287.png,True,2278,Guadalajara Chivas,https://media.api-sports.io/football/teams/2278.png,False,4,0,2,0,4,0,,,,
1031341,C. Ramos,UTC,2023-09-17T18:00:00+00:00,1694973600,1694973600,1694977200,,Estadio Olímpico Universitario,D.F.,Match Finished,FT,90,,262,Liga MX,Mexico,https://media.api-sports.io/football/leagues/262.png,https://media.api-sports.io/flags/mx.svg,2023,Apertura - 8,True,2286,U.N.A.M. - Pumas,https://media.api-sports.io/football/teams/2286.png,True,2314,Atletico San Luis,https://media.api-sports.io/football/teams/2314.png,False,3,2,0,1,3,2,,,,
1031342,V. Cáceres,UTC,2023-09-17T23:00:00+00:00,1694991600,1694991600,1694995200,20476.0,Estadio Corregidora,Santiago de Querétaro,Match Finished,FT,90,,262,Liga MX,Mexico,https://media.api-sports.io/football/leagues/262.png,https://media.api-sports.io/flags/mx.svg,2023,Apertura - 8,True,2290,Club Queretaro,https://media.api-sports.io/football/teams/2290.png,,2291,Puebla,https://media.api-sports.io/football/teams/2291.png,,1,1,0,1,1,1,,,,
1031343,A. Escobedo,UTC,2023-09-18T01:00:00+00:00,1694998800,1694998800,1695002400,1071.0,Estadio Jalisco,Guadalajara,Match Finished,FT,90,,262,Liga MX,Mexico,https://media.api-sports.io/football/leagues/262.png,https://media.api-sports.io/flags/mx.svg,2023,Apertura - 8,True,2283,Atlas,https://media.api-sports.io/football/teams/2283.png,True,2279,Tigres UANL,https://media.api-sports.io/football/teams/2279.png,False,2,0,2,0,2,0,,,,
1031344,F. Hernández,UTC,2023-09-19T03:00:00+00:00,1695092400,1695092400,1695096000,1081.0,Estadio Hidalgo,Pachuca de Soto,Match Finished,FT,90,,262,Liga MX,Mexico,https://media.api-sports.io/football/leagues/262.png,https://media.api-sports.io/flags/mx.svg,2023,Apertura - 8,True,2292,Pachuca,https://media.api-sports.io/football/teams/2292.png,True,2285,Santos Laguna,https://media.api-sports.io/football/teams/2285.png,False,3,2,1,0,3,2,,,,
1031291,D. Montaño,UTC,2023-09-21T02:06:00+00:00,1695261960,1695261960,1695265560,20476.0,Estadio Corregidora,Santiago de Querétaro,Match Finished,FT,90,,262,Liga MX,Mexico,https://media.api-sports.io/football/leagues/262.png,https://media.api-sports.io/flags/mx.svg,2023,Apertura - 2,True,2290,Club Queretaro,https://media.api-sports.io/football/teams/2290.png,False,2287,Club America,https://media.api-sports.io/football/teams/2287.png,True,1,2,1,0,1,2,,,,
1031346,V. Cáceres,UTC,2023-09-23T01:00:00+00:00,1695430800,1695430800,1695434400,1845.0,Estadio Olímpico Benito Juárez,Ciudad Juárez,Match Finished,FT,90,,262,Liga MX,Mexico,https://media.api-sports.io/football/leagues/262.png,https://media.api-sports.io/flags/mx.svg,2023,Apertura - 9,True,2298,FC Juarez,https://media.api-sports.io/football/teams/2298.png,False,2283,Atlas,https://media.api-sports.io/football/teams/2283.png,True,1,2,0,1,1,2,,,,
1031345,F. Hernández,UTC,2023-09-23T01:00:00+00:00,1695430800,1695430800,1695434400,1795.0,Estadio Alfonso Lastras Ramírez,San Luis Potosí,Match Finished,FT,90,,262,Liga MX,Mexico,https://media.api-sports.io/football/leagues/262.png,https://media.api-sports.io/flags/mx.svg,2023,Apertura - 9,True,2314,Atletico San Luis,https://media.api-sports.io/football/teams/2314.png,True,14002,Mazatlán,https://media.api-sports.io/football/teams/14002.png,False,3,2,2,0,3,2,,,,
1031347,G. Pacheco,UTC,2023-09-23T03:10:00+00:00,1695438600,1695438600,1695442200,1082.0,Estadio Cuauhtémoc,Puebla,Match Finished,FT,90,,262,Liga MX,Mexico,https://media.api-sports.io/football/leagues/262.png,https://media.api-sports.io/flags/mx.svg,2023,Apertura - 9,True,2291,Puebla,https://media.api-sports.io/football/teams/2291.png,False,2286,U.N.A.M. - Pumas,https://media.api-sports.io/football/teams/2286.png,True,0,2,0,1,0,2,,,,
1031349,C. Ramos,UTC,2023-09-24T01:00:00+00:00,1695517200,1695517200,1695520800,1076.0,Estadio AKRON,Zapopan,Match Finished,FT,90,,262,Liga MX,Mexico,https://media.api-sports.io/football/leagues/262.png,https://media.api-sports.io/flags/mx.svg,2023,Apertura - 9,True,2278,Guadalajara Chivas,https://media.api-sports.io/football/teams/2278.png,,2292,Pachuca,https://media.api-sports.io/football/teams/2292.png,,0,0,0,0,0,0,,,,
1031348,F. Guerrero,UTC,2023-09-24T01:00:00+00:00,1695517200,1695517200,1695520800,,Estadio León,León de los Aldamas,Match Finished,FT,90,,262,Liga MX,Mexico,https://media.api-sports.io/football/leagues/262.png,https://media.api-sports.io/flags/mx.svg,2023,Apertura - 9,True,2289,Leon,https://media.api-sports.io/football/teams/2289.png,True,2280,Club Tijuana,https://media.api-sports.io/football/teams/2280.png,False,1,0,0,0,1,0,,,,
1031350,M. Ortíz,UTC,2023-09-24T03:05:00+00:00,1695524700,1695524700,1695528300,,Estadio Universitario,San Nicolás de los Garza,Match Finished,FT,90,,262,Liga MX,Mexico,https://media.api-sports.io/football/leagues/262.png,https://media.api-sports.io/flags/mx.svg,2023,Apertura - 9,True,2279,Tigres UANL,https://media.api-sports.io/football/teams/2279.png,True,2282,Monterrey,https://media.api-sports.io/football/teams/2282.png,False,3,0,1,0,3,0,,,,
1031426,A. Escobedo,UTC,2023-09-24T18:00:00+00:00,1695578400,1695578400,1695582000,1089.0,Estadio Nemesio Díez,Toluca de Lerdo,Match Finished,FT,90,,262,Liga MX,Mexico,https://media.api-sports.io/football/leagues/262.png,https://media.api-sports.io/flags/mx.svg,2023,Apertura - 9,True,2281,Toluca,https://media.api-sports.io/football/teams/2281.png,,2287,Club America,https://media.api-sports.io/football/teams/2287.png,,1,1,0,1,1,1,,,,
1031352,Ó. Mejía,UTC,2023-09-25T02:05:00+00:00,1695607500,1695607500,1695611100,20475.0,Estadio Corona,Torreón,Match Finished,FT,90,,262,Liga MX,Mexico,https://media.api-sports.io/football/leagues/262.png,https://media.api-sports.io/flags/mx.svg,2023,Apertura - 9,True,2285,Santos Laguna,https://media.api-sports.io/football/teams/2285.png,False,2288,Necaxa,https://media.api-sports.io/football/teams/2288.png,True,2,5,0,1,2,5,,,,
1031351,A. Quirarte,UTC,2023-09-25T22:00:00+00:00,1695679200,1695679200,1695682800,1069.0,Estadio Azteca,D.F.,Match Finished,FT,90,,262,Liga MX,Mexico,https://media.api-sports.io/football/leagues/262.png,https://media.api-sports.io/flags/mx.svg,2023,Apertura - 9,True,2295,Cruz Azul,https://media.api-sports.io/football/teams/2295.png,False,2290,Club Queretaro,https://media.api-sports.io/football/teams/2290.png,True,1,3,1,0,1,3,,,,
1031367,E. Morales,UTC,2023-09-27T01:05:00+00:00,1695776700,1695776700,1695780300,1076.0,Estadio AKRON,Zapopan,Match Finished,FT,90,,262,Liga MX,Mexico,https://media.api-sports.io/football/leagues/262.png,https://media.api-sports.io/flags/mx.svg,2023,Apertura - 11,True,2278,Guadalajara Chivas,https://media.api-sports.io/football/teams/2278.png,False,14002,Mazatlán,https://media.api-sports.io/football/teams/14002.png,True,1,3,0,2,1,3,,,,
1031353,I. Lopez,UTC,2023-09-29T02:00:00+00:00,1695952800,1695952800,1695956400,1071.0,Estadio Jalisco,Guadalajara,Match Finished,FT,90,,262,Liga MX,Mexico,https://media.api-sports.io/football/leagues/262.png,https://media.api-sports.io/flags/mx.svg,2023,Apertura - 10,True,2283,Atlas,https://media.api-sports.io/football/teams/2283.png,False,2291,Puebla,https://media.api-sports.io/football/teams/2291.png,True,2,3,1,2,2,3,,,,
1031354,G. Pacheco,UTC,2023-09-30T01:00:00+00:00,1696035600,1696035600,1696039200,20476.0,Estadio Corregidora,Santiago de Querétaro,Match Finished,FT,90,,262,Liga MX,Mexico,https://media.api-sports.io/football/leagues/262.png,https://media.api-sports.io/flags/mx.svg,2023,Apertura - 10,True,2290,Club Queretaro,https://media.api-sports.io/football/teams/2290.png,,2289,Leon,https://media.api-sports.io/football/teams/2289.png,,1,1,0,1,1,1,,,,
1031361,A. Escobedo,UTC,2023-09-30T03:00:00+00:00,1696042800,1696042800,1696046400,1795.0,Estadio Alfonso Lastras Ramírez,San Luis Potosí,Match Finished,FT,90,,262,Liga MX,Mexico,https://media.api-sports.io/football/leagues/262.png,https://media.api-sports.io/flags/mx.svg,2023,Apertura - 10,True,2314,Atletico San Luis,https://media.api-sports.io/football/teams/2314.png,False,2295,Cruz Azul,https://media.api-sports.io/football/teams/2295.png,True,1,2,0,0,1,2,,,,
1031356,F. Hernández,UTC,2023-09-30T03:10:00+00:00,1696043400,1696043400,1696047000,1088.0,Estadio Caliente,Tijuana,Match Finished,FT,90,,262,Liga MX,Mexico,https://media.api-sports.io/football/leagues/262.png,https://media.api-sports.io/flags/mx.svg,2023,Apertura - 10,True,2280,Club Tijuana,https://media.api-sports.io/football/teams/2280.png,True,2298,FC Juarez,https://media.api-sports.io/football/teams/2298.png,False,5,1,1,1,5,1,,,,
1031357,M. Terrazas,UTC,2023-09-30T23:00:00+00:00,1696114800,1696114800,1696118400,1081.0,Estadio Hidalgo,Pachuca de Soto,Match Finished,FT,90,,262,Liga MX,Mexico,https://media.api-sports.io/football/leagues/262.png,https://media.api-sports.io/flags/mx.svg,2023,Apertura - 10,True,2292,Pachuca,https://media.api-sports.io/football/teams/2292.png,,2288,Necaxa,https://media.api-sports.io/football/teams/2288.png,,1,1,1,1,1,1,,,,
1031359,V. Cáceres,UTC,2023-10-01T00:40:00+00:00,1696120800,1696120800,1696124400,1069.0,Estadio Azteca,D.F.,Match Finished,FT,90,,262,Liga MX,Mexico,https://media.api-sports.io/football/leagues/262.png,https://media.api-sports.io/flags/mx.svg,2023,Apertura - 10,True,2287,Club America,https://media.api-sports.io/football/teams/2287.png,True,2286,U.N.A.M. - Pumas,https://media.api-sports.io/football/teams/2286.png,False,1,0,0,0,1,0,,,,
1031355,J. Lopez,UTC,2023-10-01T01:06:00+00:00,1696122360,1696122360,1696125960,20435.0,Estadio El Encanto,Mazatlán,Match Finished,FT,90,,262,Liga MX,Mexico,https://media.api-sports.io/football/leagues/262.png,https://media.api-sports.io/flags/mx.svg,2023,Apertura - 10,True,14002,Mazatlán,https://media.api-sports.io/football/teams/14002.png,False,2279,Tigres UANL,https://media.api-sports.io/football/teams/2279.png,True,2,3,1,1,2,3,,,,
1031360,D. Quintero,UTC,2023-10-02T23:20:00+00:00,1696288800,1696288800,1696292400,1089.0,Estadio Nemesio Díez,Toluca de Lerdo,Match Finished,FT,90,,262,Liga MX,Mexico,https://media.api-sports.io/football/leagues/262.png,https://media.api-sports.io/flags/mx.svg,2023,Apertura - 10,True,2281,Toluca,https://media.api-sports.io/football/teams/2281.png,,2278,Guadalajara Chivas,https://media.api-sports.io/football/teams/2278.png,,1,1,0,0,1,1,,,,
1031362,E. Miranda,UTC,2023-10-04T01:00:00+00:00,1696381200,1696381200,1696384800,1082.0,Estadio Cuauhtémoc,Puebla,Match Finished,FT,90,,262,Liga MX,Mexico,https://media.api-sports.io/football/leagues/262.png,https://media.api-sports.io/flags/mx.svg,2023,Apertura - 11,True,2291,Puebla,https://media.api-sports.io/football/teams/2291.png,,2282,Monterrey,https://media.api-sports.io/football/teams/2282.png,,1,1,1,1,1,1,,,,
1031363,M. Ortíz,UTC,2023-10-04T03:00:00+00:00,1696388400,1696388400,1696392000,1069.0,Estadio Azteca,D.F.,Match Finished,FT,90,,262,Liga MX,Mexico,https://media.api-sports.io/football/leagues/262.png,https://media.api-sports.io/flags/mx.svg,2023,Apertura - 11,True,2287,Club America,https://media.api-sports.io/football/teams/2287.png,True,2292,Pachuca,https://media.api-sports.io/football/teams/2292.png,False,4,0,1,0,4,0,,,,
1031364,L. Santander,UTC,2023-10-05T01:00:00+00:00,1696467600,1696467600,1696471200,,Estadio Olímpico Universitario,D.F.,Match Finished,FT,90,,262,Liga MX,Mexico,https://media.api-sports.io/football/leagues/262.png,https://media.api-sports.io/flags/mx.svg,2023,Apertura - 11,True,2286,U.N.A.M. - Pumas,https://media.api-sports.io/football/teams/2286.png,True,2290,Club Queretaro,https://media.api-sports.io/football/teams/2290.png,False,4,0,2,0,4,0,,,,
1031365,F. Guerrero,UTC,2023-10-05T01:00:00+00:00,1696467600,1696467600,1696471200,20474.0,Estadio Victoria,Aguascalientes,Match Finished,FT,90,,262,Liga MX,Mexico,https://media.api-sports.io/football/leagues/262.png,https://media.api-sports.io/flags/mx.svg,2023,Apertura - 11,True,2288,Necaxa,https://media.api-sports.io/football/teams/2288.png,False,2295,Cruz Azul,https://media.api-sports.io/football/teams/2295.png,True,1,3,0,1,1,3,,,,
1031366,C. Ramos,UTC,2023-10-05T03:00:00+00:00,1696474800,1696474800,1696478400,,Estadio Universitario,San Nicolás de los Garza,Match Finished,FT,90,,262,Liga MX,Mexico,https://media.api-sports.io/football/leagues/262.png,https://media.api-sports.io/flags/mx.svg,2023,Apertura - 11,True,2279,Tigres UANL,https://media.api-sports.io/football/teams/2279.png,,2281,Toluca,https://media.api-sports.io/football/teams/2281.png,,2,2,1,1,2,2,,,,
1031368,I. Lopez,UTC,2023-10-05T03:00:00+00:00,1696474800,1696474800,1696478400,20475.0,Estadio Corona,Torreón,Match Finished,FT,90,,262,Liga MX,Mexico,https://media.api-sports.io/football/leagues/262.png,https://media.api-sports.io/flags/mx.svg,2023,Apertura - 11,True,2285,Santos Laguna,https://media.api-sports.io/football/teams/2285.png,True,2280,Club Tijuana,https://media.api-sports.io/football/teams/2280.png,False,2,1,1,1,2,1,,,,
1031370,Ó. Mejía,UTC,2023-10-07T03:00:00+00:00,1696647600,1696647600,1696651200,20435.0,Estadio El Encanto,Mazatlán,Match Finished,FT,90,,262,Liga MX,Mexico,https://media.api-sports.io/football/leagues/262.png,https://media.api-sports.io/flags/mx.svg,2023,Apertura - 12,True,14002,Mazatlán,https://media.api-sports.io/football/teams/14002.png,False,2287,Club America,https://media.api-sports.io/football/teams/2287.png,True,1,2,1,0,1,2,,,,
1031371,D. Quintero,UTC,2023-10-07T23:00:00+00:00,1696719600,1696719600,1696723200,11905.0,Estadio BBVA,Guadalupe,Match Finished,FT,90,,262,Liga MX,Mexico,https://media.api-sports.io/football/leagues/262.png,https://media.api-sports.io/flags/mx.svg,2023,Apertura - 12,True,2282,Monterrey,https://media.api-sports.io/football/teams/2282.png,True,2298,FC Juarez,https://media.api-sports.io/football/teams/2298.png,False,3,1,2,0,3,1,,,,
1031373,A. Escobedo,UTC,2023-10-08T01:00:00+00:00,1696726800,1696726800,1696730400,1076.0,Estadio AKRON,Zapopan,Match Finished,FT,90,,262,Liga MX,Mexico,https://media.api-sports.io/football/leagues/262.png,https://media.api-sports.io/flags/mx.svg,2023,Apertura - 12,True,2278,Guadalajara Chivas,https://media.api-sports.io/football/teams/2278.png,True,2283,Atlas,https://media.api-sports.io/football/teams/2283.png,False,4,1,1,1,4,1,,,,
1031372,I. Lopez,UTC,2023-10-08T01:00:00+00:00,1696726800,1696726800,1696730400,1081.0,Estadio Hidalgo,Pachuca de Soto,Match Finished,FT,90,,262,Liga MX,Mexico,https://media.api-sports.io/football/leagues/262.png,https://media.api-sports.io/flags/mx.svg,2023,Apertura - 12,True,2292,Pachuca,https://media.api-sports.io/football/teams/2292.png,,2279,Tigres UANL,https://media.api-sports.io/football/teams/2279.png,,1,1,1,1,1,1,,,,
1031374,C. Ramos,UTC,2023-10-08T03:10:00+00:00,1696734600,1696734600,1696738200,1069.0,Estadio Azteca,D.F.,Match Finished,FT,90,,262,Liga MX,Mexico,https://media.api-sports.io/football/leagues/262.png,https://media.api-sports.io/flags/mx.svg,2023,Apertura - 12,True,2295,Cruz Azul,https://media.api-sports.io/football/teams/2295.png,False,2286,U.N.A.M. - Pumas,https://media.api-sports.io/football/teams/2286.png,True,1,4,1,1,1,4,,,,
1031375,F. Hernández,UTC,2023-10-08T18:00:00+00:00,1696788000,1696788000,1696791600,1089.0,Estadio Nemesio Díez,Toluca de Lerdo,Match Finished,FT,90,,262,Liga MX,Mexico,https://media.api-sports.io/football/leagues/262.png,https://media.api-sports.io/flags/mx.svg,2023,Apertura - 12,True,2281,Toluca,https://media.api-sports.io/football/teams/2281.png,True,2290,Club Queretaro,https://media.api-sports.io/football/teams/2290.png,False,3,1,1,1,3,1,,,,
1031376,G. Pacheco,UTC,2023-10-08T23:00:00+00:00,1696806000,1696806000,1696809600,20474.0,Estadio Victoria,Aguascalientes,Match Finished,FT,90,,262,Liga MX,Mexico,https://media.api-sports.io/football/leagues/262.png,https://media.api-sports.io/flags/mx.svg,2023,Apertura - 12,True,2288,Necaxa,https://media.api-sports.io/football/teams/2288.png,False,2291,Puebla,https://media.api-sports.io/football/teams/2291.png,True,1,2,0,2,1,2,,,,
1031377,M. Ortíz,UTC,2023-10-09T01:05:00+00:00,1696813500,1696813500,1696817100,20475.0,Estadio Corona,Torreón,Match Finished,FT,90,,262,Liga MX,Mexico,https://media.api-sports.io/football/leagues/262.png,https://media.api-sports.io/flags/mx.svg,2023,Apertura - 12,True,2285,Santos Laguna,https://media.api-sports.io/football/teams/2285.png,False,2289,Leon,https://media.api-sports.io/football/teams/2289.png,True,0,2,0,1,0,2,,,,
1031378,L. Santander,UTC,2023-10-09T03:00:00+00:00,1696820400,1696820400,1696824000,1088.0,Estadio Caliente,Tijuana,Match Finished,FT,90,,262,Liga MX,Mexico,https://media.api-sports.io/football/leagues/262.png,https://media.api-sports.io/flags/mx.svg,2023,Apertura - 12,True,2280,Club Tijuana,https://media.api-sports.io/football/teams/2280.png,True,2314,Atletico San Luis,https://media.api-sports.io/football/teams/2314.png,False,2,1,1,0,2,1,,,,
1031379,M. Ortíz,UTC,2023-10-21T01:00:00+00:00,1697850000,1697850000,1697853600,1071.0,Estadio Jalisco,Guadalajara,Match Finished,FT,90,,262,Liga MX,Mexico,https://media.api-sports.io/football/leagues/262.png,https://media.api-sports.io/flags/mx.svg,2023,Apertura - 13,True,2283,Atlas,https://media.api-sports.io/football/teams/2283.png,False,14002,Mazatlán,https://media.api-sports.io/football/teams/14002.png,True,1,3,1,2,1,3,,,,
1031380,F. Guerrero,UTC,2023-10-21T01:06:00+00:00,1697850360,1697850360,1697853960,1845.0,Estadio Olímpico Benito Juárez,Ciudad Juárez,Match Finished,FT,90,,262,Liga MX,Mexico,https://media.api-sports.io/football/leagues/262.png,https://media.api-sports.io/flags/mx.svg,2023,Apertura - 13,True,2298,FC Juarez,https://media.api-sports.io/football/teams/2298.png,False,2292,Pachuca,https://media.api-sports.io/football/teams/2292.png,True,0,1,0,0,0,1,,,,
1031428,V. Cáceres,UTC,2023-10-21T03:10:00+00:00,1697857800,1697857800,1697861400,1082.0,Estadio Cuauhtémoc,Puebla,Match Finished,FT,90,,262,Liga MX,Mexico,https://media.api-sports.io/football/leagues/262.png,https://media.api-sports.io/flags/mx.svg,2023,Apertura - 13,True,2291,Puebla,https://media.api-sports.io/football/teams/2291.png,False,2278,Guadalajara Chivas,https://media.api-sports.io/football/teams/2278.png,True,0,2,0,1,0,2,,,,
1031381,Ó. Mejía,UTC,2023-10-21T23:00:00+00:00,1697929200,1697929200,1697932800,,Estadio León,León de los Aldamas,Match Finished,FT,90,,262,Liga MX,Mexico,https://media.api-sports.io/football/leagues/262.png,https://media.api-sports.io/flags/mx.svg,2023,Apertura - 13,True,2289,Leon,https://media.api-sports.io/football/teams/2289.png,True,2281,Toluca,https://media.api-sports.io/football/teams/2281.png,False,1,0,1,0,1,0,,,,
1031382,C. Ramos,UTC,2023-10-22T01:00:00+00:00,1697936400,1697936400,1697940000,1069.0,Estadio Azteca,D.F.,Match Finished,FT,90,,262,Liga MX,Mexico,https://media.api-sports.io/football/leagues/262.png,https://media.api-sports.io/flags/mx.svg,2023,Apertura - 13,True,2287,Club America,https://media.api-sports.io/football/teams/2287.png,True,2285,Santos Laguna,https://media.api-sports.io/football/teams/2285.png,False,4,3,3,2,4,3,,,,
1031386,Ó. Macías,UTC,2023-10-22T01:06:00+00:00,1697936760,1697936760,1697940360,20476.0,Estadio Corregidora,Santiago de Querétaro,Match Finished,FT,90,,262,Liga MX,Mexico,https://media.api-sports.io/football/leagues/262.png,https://media.api-sports.io/flags/mx.svg,2023,Apertura - 13,True,2290,Club Queretaro,https://media.api-sports.io/football/teams/2290.png,True,2280,Club Tijuana,https://media.api-sports.io/football/teams/2280.png,False,1,0,0,0,1,0,,,,
1031383,E. Morales,UTC,2023-10-22T03:10:00+00:00,1697944200,1697944200,1697947800,,Estadio Universitario,San Nicolás de los Garza,Match Finished,FT,90,,262,Liga MX,Mexico,https://media.api-sports.io/football/leagues/262.png,https://media.api-sports.io/flags/mx.svg,2023,Apertura - 13,True,2279,Tigres UANL,https://media.api-sports.io/football/teams/2279.png,True,2295,Cruz Azul,https://media.api-sports.io/football/teams/2295.png,False,2,1,0,1,2,1,,,,
1031384,I. Lopez,UTC,2023-10-22T18:00:00+00:00,1697997600,1697997600,1698001200,,Estadio Olímpico Universitario,D.F.,Match Finished,FT,90,,262,Liga MX,Mexico,https://media.api-sports.io/football/leagues/262.png,https://media.api-sports.io/flags/mx.svg,2023,Apertura - 13,True,2286,U.N.A.M. - Pumas,https://media.api-sports.io/football/teams/2286.png,False,2282,Monterrey,https://media.api-sports.io/football/teams/2282.png,True,0,1,0,0,0,1,,,,
1031385,F. Hernández,UTC,2023-10-23T00:00:00+00:00,1698019200,1698019200,1698022800,1795.0,Estadio Alfonso Lastras Ramírez,San Luis Potosí,Match Finished,FT,90,,262,Liga MX,Mexico,https://media.api-sports.io/football/leagues/262.png,https://media.api-sports.io/flags/mx.svg,2023,Apertura - 13,True,2314,Atletico San Luis,https://media.api-sports.io/football/teams/2314.png,True,2288,Necaxa,https://media.api-sports.io/football/teams/2288.png,False,4,0,2,0,4,0,,,,
1031427,D. Montaño,UTC,2023-10-25T01:00:00+00:00,1698195600,1698195600,1698199200,,Estadio León,León de los Aldamas,Match Finished,FT,90,,262,Liga MX,Mexico,https://media.api-sports.io/football/leagues/262.png,https://media.api-sports.io/flags/mx.svg,2023,Apertura - 11,True,2289,Leon,https://media.api-sports.io/football/teams/2289.png,,2283,Atlas,https://media.api-sports.io/football/teams/2283.png,,1,1,0,1,1,1,,,,
1031306,V. Cáceres,UTC,2023-10-26T01:00:00+00:00,1698282000,1698282000,1698285600,11905.0,Estadio BBVA,Guadalupe,Match Finished,FT,90,,262,Liga MX,Mexico,https://media.api-sports.io/football/leagues/262.png,https://media.api-sports.io/flags/mx.svg,2023,Apertura - 4,True,2282,Monterrey,https://media.api-sports.io/football/teams/2282.png,True,2280,Club Tijuana,https://media.api-sports.io/football/teams/2280.png,False,3,1,2,0,3,1,,,,
1031369,Ó. Mejía,UTC,2023-10-26T03:06:00+00:00,1698289560,1698289560,1698293160,1845.0,Estadio Olímpico Benito Juárez,Ciudad Juárez,Match Finished,FT,90,,262,Liga MX,Mexico,https://media.api-sports.io/football/leagues/262.png,https://media.api-sports.io/flags/mx.svg,2023,Apertura - 11,True,2298,FC Juarez,https://media.api-sports.io/football/teams/2298.png,True,2314,Atletico San Luis,https://media.api-sports.io/football/teams/2314.png,False,3,2,2,0,3,2,,,,
1031387,A. Quirarte,UTC,2023-10-28T01:00:00+00:00,1698454800,1698454800,1698458400,20474.0,Estadio Victoria,Aguascalientes,Match Finished,FT,90,,262,Liga MX,Mexico,https://media.api-sports.io/football/leagues/262.png,https://media.api-sports.io/flags/mx.svg,2023,Apertura - 14,True,2288,Necaxa,https://media.api-sports.io/football/teams/2288.png,True,2286,U.N.A.M. - Pumas,https://media.api-sports.io/football/teams/2286.png,False,1,0,0,0,1,0,,,,
1031388,L. Santander,UTC,2023-10-28T03:00:00+00:00,1698462000,1698462000,1698465600,20435.0,Estadio El Encanto,Mazatlán,Match Finished,FT,90,,262,Liga MX,Mexico,https://media.api-sports.io/football/leagues/262.png,https://media.api-sports.io/flags/mx.svg,2023,Apertura - 14,True,14002,Mazatlán,https://media.api-sports.io/football/teams/14002.png,True,2290,Club Queretaro,https://media.api-sports.io/football/teams/2290.png,False,3,0,0,0,3,0,,,,
1031389,B. González,UTC,2023-10-29T00:00:00+00:00,1698537600,1698537600,1698541200,1069.0,Estadio Azteca,D.F.,Match Finished,FT,90,,262,Liga MX,Mexico,https://media.api-sports.io/football/leagues/262.png,https://media.api-sports.io/flags/mx.svg,2023,Apertura - 14,True,2295,Cruz Azul,https://media.api-sports.io/football/teams/2295.png,True,2289,Leon,https://media.api-sports.io/football/teams/2289.png,False,1,0,1,0,1,0,,,,
1031391,F. Hernández,UTC,2023-10-29T01:05:00+00:00,1698541500,1698541500,1698545100,1071.0,Estadio Jalisco,Guadalajara,Match Finished,FT,90,,262,Liga MX,Mexico,https://media.api-sports.io/football/leagues/262.png,https://media.api-sports.io/flags/mx.svg,2023,Apertura - 14,True,2278,Guadalajara Chivas,https://media.api-sports.io/football/teams/2278.png,False,2279,Tigres UANL,https://media.api-sports.io/football/teams/2279.png,True,0,4,0,1,0,4,,,,
1031390,J. Camacho,UTC,2023-10-29T01:05:00+00:00,1698541500,1698541500,1698545100,1081.0,Estadio Hidalgo,Pachuca de Soto,Match Finished,FT,90,,262,Liga MX,Mexico,https://media.api-sports.io/football/leagues/262.png,https://media.api-sports.io/flags/mx.svg,2023,Apertura - 14,True,2292,Pachuca,https://media.api-sports.io/football/teams/2292.png,,2291,Puebla,https://media.api-sports.io/football/teams/2291.png,,1,1,1,1,1,1,,,,
1031392,A. Escobedo,UTC,2023-10-29T03:10:00+00:00,1698549000,1698549000,1698552600,11905.0,Estadio BBVA,Guadalupe,Match Finished,FT,90,,262,Liga MX,Mexico,https://media.api-sports.io/football/leagues/262.png,https://media.api-sports.io/flags/mx.svg,2023,Apertura - 14,True,2282,Monterrey,https://media.api-sports.io/football/teams/2282.png,False,2287,Club America,https://media.api-sports.io/football/teams/2287.png,True,0,3,0,3,0,3,,,,
1031393,C. Ramos,UTC,2023-10-29T18:00:00+00:00,1698602400,1698602400,1698606000,1089.0,Estadio Nemesio Díez,Toluca de Lerdo,Match Finished,FT,90,,262,Liga MX,Mexico,https://media.api-sports.io/football/leagues/262.png,https://media.api-sports.io/flags/mx.svg,2023,Apertura - 14,True,2281,Toluca,https://media.api-sports.io/football/teams/2281.png,True,2314,Atletico San Luis,https://media.api-sports.io/football/teams/2314.png,False,3,1,1,0,3,1,,,,
1031394,D. Montaño,UTC,2023-10-30T01:05:00+00:00,1698627900,1698627900,1698631500,20475.0,Estadio Corona,Torreón,Match Finished,FT,90,,262,Liga MX,Mexico,https://media.api-sports.io/football/leagues/262.png,https://media.api-sports.io/flags/mx.svg,2023,Apertura - 14,True,2285,Santos Laguna,https://media.api-sports.io/football/teams/2285.png,True,2298,FC Juarez,https://media.api-sports.io/football/teams/2298.png,False,5,1,2,1,5,1,,,,
1031395,D. Quintero,UTC,2023-10-30T03:00:00+00:00,1698634800,1698634800,1698638400,1088.0,Estadio Caliente,Tijuana,Match Finished,FT,90,,262,Liga MX,Mexico,https://media.api-sports.io/football/leagues/262.png,https://media.api-sports.io/flags/mx.svg,2023,Apertura - 14,True,2280,Club Tijuana,https://media.api-sports.io/football/teams/2280.png,True,2283,Atlas,https://media.api-sports.io/football/teams/2283.png,False,2,0,1,0,2,0,,,,
1031429,Ó. Macías,UTC,2023-11-01T01:00:00+00:00,1698800400,1698800400,1698804000,1089.0,Estadio Nemesio Díez,Toluca de Lerdo,Match Finished,FT,90,,262,Liga MX,Mexico,https://media.api-sports.io/football/leagues/262.png,https://media.api-sports.io/flags/mx.svg,2023,Apertura - 15,True,2281,Toluca,https://media.api-sports.io/football/teams/2281.png,False,2291,Puebla,https://media.api-sports.io/football/teams/2291.png,True,0,1,0,0,0,1,,,,
1031396,C. Ramos,UTC,2023-11-01T01:00:00+00:00,1698800400,1698800400,1698804000,20476.0,Estadio Corregidora,Santiago de Querétaro,Match Finished,FT,90,,262,Liga MX,Mexico,https://media.api-sports.io/football/leagues/262.png,https://media.api-sports.io/flags/mx.svg,2023,Apertura - 15,True,2290,Club Queretaro,https://media.api-sports.io/football/teams/2290.png,False,2278,Guadalajara Chivas,https://media.api-sports.io/football/teams/2278.png,True,1,2,0,2,1,2,,,,
1031397,A. Escobedo,UTC,2023-11-01T03:00:00+00:00,1698807600,1698807600,1698811200,,Estadio León,León de los Aldamas,Match Finished,FT,90,,262,Liga MX,Mexico,https://media.api-sports.io/football/leagues/262.png,https://media.api-sports.io/flags/mx.svg,2023,Apertura - 15,True,2289,Leon,https://media.api-sports.io/football/teams/2289.png,,2286,U.N.A.M. - Pumas,https://media.api-sports.io/football/teams/2286.png,,1,1,0,1,1,1,,,,
1031398,Ó. Mejía,UTC,2023-11-01T03:05:00+00:00,1698807900,1698807900,1698811500,11905.0,Estadio BBVA,Guadalupe,Match Finished,FT,90,,262,Liga MX,Mexico,https://media.api-sports.io/football/leagues/262.png,https://media.api-sports.io/flags/mx.svg,2023,Apertura - 15,True,2282,Monterrey,https://media.api-sports.io/football/teams/2282.png,True,2288,Necaxa,https://media.api-sports.io/football/teams/2288.png,False,3,0,1,0,3,0,,,,
1031399,L. Santander,UTC,2023-11-02T01:00:00+00:00,1698886800,1698886800,1698890400,1071.0,Estadio Jalisco,Guadalajara,Match Finished,FT,90,,262,Liga MX,Mexico,https://media.api-sports.io/football/leagues/262.png,https://media.api-sports.io/flags/mx.svg,2023,Apertura - 15,True,2283,Atlas,https://media.api-sports.io/football/teams/2283.png,False,2292,Pachuca,https://media.api-sports.io/football/teams/2292.png,True,0,2,0,1,0,2,,,,
1031400,D. Quintero,UTC,2023-11-02T01:00:00+00:00,1698886800,1698886800,1698890400,1069.0,Estadio Azteca,D.F.,Match Finished,FT,90,,262,Liga MX,Mexico,https://media.api-sports.io/football/leagues/262.png,https://media.api-sports.io/flags/mx.svg,2023,Apertura - 15,True,2295,Cruz Azul,https://media.api-sports.io/football/teams/2295.png,True,2298,FC Juarez,https://media.api-sports.io/football/teams/2298.png,False,2,0,1,0,2,0,,,,
1031402,F. Guerrero,UTC,2023-11-02T03:00:00+00:00,1698894000,1698894000,1698897600,1795.0,Estadio Alfonso Lastras Ramírez,San Luis Potosí,Match Finished,FT,90,,262,Liga MX,Mexico,https://media.api-sports.io/football/leagues/262.png,https://media.api-sports.io/flags/mx.svg,2023,Apertura - 15,True,2314,Atletico San Luis,https://media.api-sports.io/football/teams/2314.png,False,2287,Club America,https://media.api-sports.io/football/teams/2287.png,True,0,1,0,1,0,1,,,,
1031401,F. Hernández,UTC,2023-11-02T03:00:00+00:00,1698894000,1698894000,1698897600,20435.0,Estadio El Encanto,Mazatlán,Match Finished,FT,90,,262,Liga MX,Mexico,https://media.api-sports.io/football/leagues/262.png,https://media.api-sports.io/flags/mx.svg,2023,Apertura - 15,True,14002,Mazatlán,https://media.api-sports.io/football/teams/14002.png,True,2285,Santos Laguna,https://media.api-sports.io/football/teams/2285.png,False,3,1,2,1,3,1,,,,
1031403,M. Ortíz,UTC,2023-11-02T03:06:00+00:00,1698894360,1698894360,1698897960,1088.0,Estadio Caliente,Tijuana,Match Finished,FT,90,,262,Liga MX,Mexico,https://media.api-sports.io/football/leagues/262.png,https://media.api-sports.io/flags/mx.svg,2023,Apertura - 15,True,2280,Club Tijuana,https://media.api-sports.io/football/teams/2280.png,True,2279,Tigres UANL,https://media.api-sports.io/football/teams/2279.png,False,2,0,2,0,2,0,,,,
1031404,E. Morales,UTC,2023-11-04T03:00:00+00:00,1699066800,1699066800,1699070400,1082.0,Estadio Cuauhtémoc,Puebla,Match Finished,FT,90,,262,Liga MX,Mexico,https://media.api-sports.io/football/leagues/262.png,https://media.api-sports.io/flags/mx.svg,2023,Apertura - 16,True,2291,Puebla,https://media.api-sports.io/football/teams/2291.png,True,2289,Leon,https://media.api-sports.io/football/teams/2289.png,False,5,4,1,3,5,4,,,,
1031405,L. Santander,UTC,2023-11-04T22:55:00+00:00,1699138500,1699138500,1699142100,,Estadio Universitario,San Nicolás de los Garza,Match Finished,FT,90,,262,Liga MX,Mexico,https://media.api-sports.io/football/leagues/262.png,https://media.api-sports.io/flags/mx.svg,2023,Apertura - 16,True,2279,Tigres UANL,https://media.api-sports.io/football/teams/2279.png,,2314,Atletico San Luis,https://media.api-sports.io/football/teams/2314.png,,2,2,0,0,2,2,,,,
1031406,Ó. Mejía,UTC,2023-11-05T01:00:00+00:00,1699146000,1699146000,1699149600,1069.0,Estadio Azteca,D.F.,Match Finished,FT,90,,262,Liga MX,Mexico,https://media.api-sports.io/football/leagues/262.png,https://media.api-sports.io/flags/mx.svg,2023,Apertura - 16,True,2287,Club America,https://media.api-sports.io/football/teams/2287.png,True,2280,Club Tijuana,https://media.api-sports.io/football/teams/2280.png,False,3,0,0,0,3,0,,,,
1031407,A. Escobedo,UTC,2023-11-05T03:05:00+00:00,1699153500,1699153500,1699157100,1076.0,Estadio AKRON,Zapopan,Match Finished,FT,90,,262,Liga MX,Mexico,https://media.api-sports.io/football/leagues/262.png,https://media.api-sports.io/flags/mx.svg,2023,Apertura - 16,True,2278,Guadalajara Chivas,https://media.api-sports.io/football/teams/2278.png,True,2295,Cruz Azul,https://media.api-sports.io/football/teams/2295.png,False,1,0,0,0,1,0,,,,
1031408,D. Quintero,UTC,2023-11-05T03:05:00+00:00,1699153500,1699153500,1699157100,1081.0,Estadio Hidalgo,Pachuca de Soto,Match Finished,FT,90,,262,Liga MX,Mexico,https://media.api-sports.io/football/leagues/262.png,https://media.api-sports.io/flags/mx.svg,2023,Apertura - 16,True,2292,Pachuca,https://media.api-sports.io/football/teams/2292.png,False,2282,Monterrey,https://media.api-sports.io/football/teams/2282.png,True,0,2,0,2,0,2,,,,
1031409,F. Guerrero,UTC,2023-11-05T18:00:00+00:00,1699207200,1699207200,1699210800,,Estadio Olímpico Universitario,D.F.,Match Finished,FT,90,,262,Liga MX,Mexico,https://media.api-sports.io/football/leagues/262.png,https://media.api-sports.io/flags/mx.svg,2023,Apertura - 16,True,2286,U.N.A.M. - Pumas,https://media.api-sports.io/football/teams/2286.png,True,2283,Atlas,https://media.api-sports.io/football/teams/2283.png,False,3,0,1,0,3,0,,,,
1031410,C. Ramos,UTC,2023-11-05T22:00:00+00:00,1699221600,1699221600,1699225200,20474.0,Estadio Victoria,Aguascalientes,Match Finished,FT,90,,262,Liga MX,Mexico,https://media.api-sports.io/football/leagues/262.png,https://media.api-sports.io/flags/mx.svg,2023,Apertura - 16,True,2288,Necaxa,https://media.api-sports.io/football/teams/2288.png,True,14002,Mazatlán,https://media.api-sports.io/football/teams/14002.png,False,4,0,2,0,4,0,,,,
1031411,V. Cáceres,UTC,2023-11-06T00:05:00+00:00,1699229100,1699229100,1699232700,20475.0,Estadio Corona,Torreón,Match Finished,FT,90,,262,Liga MX,Mexico,https://media.api-sports.io/football/leagues/262.png,https://media.api-sports.io/flags/mx.svg,2023,Apertura - 16,True,2285,Santos Laguna,https://media.api-sports.io/football/teams/2285.png,True,2281,Toluca,https://media.api-sports.io/football/teams/2281.png,False,3,1,1,0,3,1,,,,
1031412,M. Ortíz,UTC,2023-11-06T02:06:00+00:00,1699236360,1699236360,1699239960,1845.0,Estadio Olímpico Benito Juárez,Ciudad Juárez,Match Finished,FT,90,,262,Liga MX,Mexico,https://media.api-sports.io/football/leagues/262.png,https://media.api-sports.io/flags/mx.svg,2023,Apertura - 16,True,2298,FC Juarez,https://media.api-sports.io/football/teams/2298.png,False,2290,Club Queretaro,https://media.api-sports.io/football/teams/2290.png,True,0,3,0,1,0,3,,,,
1031358,F. Guerrero,UTC,2023-11-09T02:00:00+00:00,1699495200,1699495200,1699498800,11905.0,Estadio BBVA,Guadalupe,Match Finished,FT,90,,262,Liga MX,Mexico,https://media.api-sports.io/football/leagues/262.png,https://media.api-sports.io/flags/mx.svg,2023,Apertura - 10,True,2282,Monterrey,https://media.api-sports.io/football/teams/2282.png,True,2285,Santos Laguna,https://media.api-sports.io/football/teams/2285.png,False,3,0,1,0,3,0,,,,
1031413,G. Pacheco,UTC,2023-11-11T01:00:00+00:00,1699664400,1699664400,1699668000,1071.0,Estadio Jalisco,Guadalajara,Match Finished,FT,90,,262,Liga MX,Mexico,https://media.api-sports.io/football/leagues/262.png,https://media.api-sports.io/flags/mx.svg,2023,Apertura - 17,True,2283,Atlas,https://media.api-sports.io/football/teams/2283.png,,2288,Necaxa,https://media.api-sports.io/football/teams/2288.png,,0,0,0,0,0,0,,,,
1031414,A. Escobedo,UTC,2023-11-11T01:06:00+00:00,1699664760,1699664760,1699668360,20435.0,Estadio El Encanto,Mazatlán,Match Finished,FT,90,,262,Liga MX,Mexico,https://media.api-sports.io/football/leagues/262.png,https://media.api-sports.io/flags/mx.svg,2023,Apertura - 17,True,14002,Mazatlán,https://media.api-sports.io/football/teams/14002.png,True,2281,Toluca,https://media.api-sports.io/football/teams/2281.png,False,1,0,0,0,1,0,,,,
1031415,F. Hernández,UTC,2023-11-11T03:10:00+00:00,1699672200,1699672200,1699675800,1088.0,Estadio Caliente,Tijuana,Match Finished,FT,90,,262,Liga MX,Mexico,https://media.api-sports.io/football/leagues/262.png,https://media.api-sports.io/flags/mx.svg,2023,Apertura - 17,True,2280,Club Tijuana,https://media.api-sports.io/football/teams/2280.png,False,2292,Pachuca,https://media.api-sports.io/football/teams/2292.png,True,2,3,1,0,2,3,,,,
1031416,V. Cáceres,UTC,2023-11-11T23:00:00+00:00,1699743600,1699743600,1699747200,20476.0,Estadio Corregidora,Santiago de Querétaro,Match Finished,FT,90,,262,Liga MX,Mexico,https://media.api-sports.io/football/leagues/262.png,https://media.api-sports.io/flags/mx.svg,2023,Apertura - 17,True,2290,Club Queretaro,https://media.api-sports.io/football/teams/2290.png,,2282,Monterrey,https://media.api-sports.io/football/teams/2282.png,,0,0,0,0,0,0,,,,
1031417,M. Ortíz,UTC,2023-11-11T23:00:00+00:00,1699743600,1699743600,1699747200,1795.0,Estadio Alfonso Lastras Ramírez,San Luis Potosí,Match Finished,FT,90,,262,Liga MX,Mexico,https://media.api-sports.io/football/leagues/262.png,https://media.api-sports.io/flags/mx.svg,2023,Apertura - 17,True,2314,Atletico San Luis,https://media.api-sports.io/football/teams/2314.png,False,2285,Santos Laguna,https://media.api-sports.io/football/teams/2285.png,True,0,2,0,2,0,2,,,,
1031418,Ó. Mejía,UTC,2023-11-12T01:00:00+00:00,1699750800,1699750800,1699754400,,Estadio Olímpico Universitario,D.F.,Match Finished,FT,90,,262,Liga MX,Mexico,https://media.api-sports.io/football/leagues/262.png,https://media.api-sports.io/flags/mx.svg,2023,Apertura - 17,True,2286,U.N.A.M. - Pumas,https://media.api-sports.io/football/teams/2286.png,True,2278,Guadalajara Chivas,https://media.api-sports.io/football/teams/2278.png,False,1,0,1,0,1,0,,,,
1031419,D. Montaño,UTC,2023-11-12T03:10:00+00:00,1699758600,1699758600,1699762200,,Estadio Universitario,San Nicolás de los Garza,Match Finished,FT,90,,262,Liga MX,Mexico,https://media.api-sports.io/football/leagues/262.png,https://media.api-sports.io/flags/mx.svg,2023,Apertura - 17,True,2279,Tigres UANL,https://media.api-sports.io/football/teams/2279.png,,2287,Club America,https://media.api-sports.io/football/teams/2287.png,,0,0,0,0,0,0,,,,
1031420,L. Santander,UTC,2023-11-13T00:00:00+00:00,1699833600,1699833600,1699837200,1069.0,Estadio Azteca,D.F.,Match Finished,FT,90,,262,Liga MX,Mexico,https://media.api-sports.io/football/leagues/262.png,https://media.api-sports.io/flags/mx.svg,2023,Apertura - 17,True,2295,Cruz Azul,https://media.api-sports.io/football/teams/2295.png,False,2291,Puebla,https://media.api-sports.io/football/teams/2291.png,True,1,2,1,1,1,2,,,,
1031421,I. Lopez,UTC,2023-11-13T02:05:00+00:00,1699841100,1699841100,1699844700,,Estadio León,León de los Aldamas,Match Finished,FT,90,,262,Liga MX,Mexico,https://media.api-sports.io/football/leagues/262.png,https://media.api-sports.io/flags/mx.svg,2023,Apertura - 17,True,2289,Leon,https://media.api-sports.io/football/teams/2289.png,True,2298,FC Juarez,https://media.api-sports.io/football/teams/2298.png,False,2,1,2,1,2,1,,,,
1142059,A. Escobedo,UTC,2023-11-24T01:00:00+00:00,1700787600,1700787600,1700791200,1795.0,Estadio Alfonso Lastras Ramírez,San Luis Potosí,Match Finished,FT,90,,262,Liga MX,Mexico,https://media.api-sports.io/football/leagues/262.png,https://media.api-sports.io/flags/mx.svg,2023,Apertura - Reclasificación,True,2314,Atletico San Luis,https://media.api-sports.io/football/teams/2314.png,True,2289,Leon,https://media.api-sports.io/football/teams/2289.png,False,3,2,2,1,3,2,,,,
1142060,F. Guerrero,UTC,2023-11-24T03:10:00+00:00,1700795400,1700795400,1700799000,20475.0,Estadio Corona,Torreón,Match Finished,FT,90,,262,Liga MX,Mexico,https://media.api-sports.io/football/leagues/262.png,https://media.api-sports.io/flags/mx.svg,2023,Apertura - Reclasificación,True,2285,Santos Laguna,https://media.api-sports.io/football/teams/2285.png,True,14002,Mazatlán,https://media.api-sports.io/football/teams/14002.png,False,2,1,1,0,2,1,,,,
1144268,C. Ramos,UTC,2023-11-27T02:06:00+00:00,1701050760,1701050760,1701054360,,Estadio León,León de los Aldamas,Match Finished,FT,90,,262,Liga MX,Mexico,https://media.api-sports.io/football/leagues/262.png,https://media.api-sports.io/flags/mx.svg,2023,Apertura - Play-offs,True,2289,Leon,https://media.api-sports.io/football/teams/2289.png,True,2285,Santos Laguna,https://media.api-sports.io/football/teams/2285.png,False,3,2,2,0,3,2,,,,
1144265,M. Ortíz,UTC,2023-11-30T01:06:00+00:00,1701306360,1701306360,1701309960,,Estadio León,León de los Aldamas,Match Finished,FT,90,,262,Liga MX,Mexico,https://media.api-sports.io/football/leagues/262.png,https://media.api-sports.io/flags/mx.svg,2023,Apertura - Quarter-finals,True,2289,León,https://media.api-sports.io/football/teams/2289.png,,2287,Club America,https://media.api-sports.io/football/teams/2287.png,,2,2,2,1,2,2,,,,
1144266,D. Quintero,UTC,2023-11-30T03:10:00+00:00,1701313800,1701313800,1701317400,1795.0,Estadio Alfonso Lastras Ramírez,San Luis Potosí,Match Finished,FT,90,,262,Liga MX,Mexico,https://media.api-sports.io/football/leagues/262.png,https://media.api-sports.io/flags/mx.svg,2023,Apertura - Quarter-finals,True,2314,Atletico San Luis,https://media.api-sports.io/football/teams/2314.png,True,2282,Monterrey,https://media.api-sports.io/football/teams/2282.png,False,1,0,1,0,1,0,,,,
1142057,Ó. Mejía,UTC,2023-12-01T01:10:00+00:00,1701393000,1701393000,1701396600,1082.0,Estadio Cuauhtémoc,Puebla,Match Finished,FT,90,,262,Liga MX,Mexico,https://media.api-sports.io/football/leagues/262.png,https://media.api-sports.io/flags/mx.svg,2023,Apertura - Quarter-finals,True,2291,Puebla,https://media.api-sports.io/football/teams/2291.png,,2279,Tigres UANL,https://media.api-sports.io/football/teams/2279.png,,2,2,1,1,2,2,,,,
1142042,F. Hernández,UTC,2023-12-01T03:05:00+00:00,1701399900,1701399900,1701403500,1076.0,Estadio AKRON,Zapopan,Match Finished,FT,90,,262,Liga MX,Mexico,https://media.api-sports.io/football/leagues/262.png,https://media.api-sports.io/flags/mx.svg,2023,Apertura - Quarter-finals,True,2278,Guadalajara Chivas,https://media.api-sports.io/football/teams/2278.png,True,2286,U.N.A.M. - Pumas,https://media.api-sports.io/football/teams/2286.png,False,1,0,1,0,1,0,,,,
1144390,F. Guerrero,UTC,2023-12-03T01:00:00+00:00,1701565200,1701565200,1701568800,1069.0,Estadio Azteca,D.F.,Match Finished,FT,90,,262,Liga MX,Mexico,https://media.api-sports.io/football/leagues/262.png,https://media.api-sports.io/flags/mx.svg,2023,Apertura - Quarter-finals,True,2287,Club America,https://media.api-sports.io/football/teams/2287.png,True,2289,Leon,https://media.api-sports.io/football/teams/2289.png,False,2,0,0,0,2,0,,,,
1144267,V. Cáceres,UTC,2023-12-03T03:10:00+00:00,1701573000,1701573000,1701576600,11905.0,Estadio BBVA,Guadalupe,Match Finished,FT,90,,262,Liga MX,Mexico,https://media.api-sports.io/football/leagues/262.png,https://media.api-sports.io/flags/mx.svg,2023,Apertura - Quarter-finals,True,2282,Monterrey,https://media.api-sports.io/football/teams/2282.png,,2314,Atletico San Luis,https://media.api-sports.io/football/teams/2314.png,,1,1,1,0,1,1,,,,
1142043,C. Ramos,UTC,2023-12-04T00:00:00+00:00,1701648000,1701648000,1701651600,,Estadio Olímpico Universitario,D.F.,Match Finished,FT,90,,262,Liga MX,Mexico,https://media.api-sports.io/football/leagues/262.png,https://media.api-sports.io/flags/mx.svg,2023,Apertura - Quarter-finals,True,2286,U.N.A.M. - Pumas,https://media.api-sports.io/football/teams/2286.png,True,2278,Guadalajara Chivas,https://media.api-sports.io/football/teams/2278.png,False,3,0,2,0,3,0,,,,
1142058,A. Escobedo,UTC,2023-12-04T02:10:00+00:00,1701655800,1701655800,1701659400,,Estadio Universitario,San Nicolás de los Garza,Match Finished,FT,90,,262,Liga MX,Mexico,https://media.api-sports.io/football/leagues/262.png,https://media.api-sports.io/flags/mx.svg,2023,Apertura - Quarter-finals,True,2279,Tigres UANL,https://media.api-sports.io/football/teams/2279.png,True,2291,Puebla,https://media.api-sports.io/football/teams/2291.png,False,3,0,2,0,3,0,,,,
1145600,A. Escobedo,UTC,2023-12-07T03:00:00+00:00,1701918000,1701918000,1701921600,1795.0,Estadio Alfonso Lastras Ramírez,San Luis Potosí,Match Finished,FT,90,,262,Liga MX,Mexico,https://media.api-sports.io/football/leagues/262.png,https://media.api-sports.io/flags/mx.svg,2023,Apertura - Semi-finals,True,2314,Atletico San Luis,https://media.api-sports.io/football/teams/2314.png,False,2287,Club America,https://media.api-sports.io/football/teams/2287.png,True,0,5,0,2,0,5,,,,
1145602,M. Ortíz,UTC,2023-12-08T03:00:00+00:00,1702004400,1702004400,1702008000,,Estadio Olímpico Universitario,D.F.,Match Finished,FT,90,,262,Liga MX,Mexico,https://media.api-sports.io/football/leagues/262.png,https://media.api-sports.io/flags/mx.svg,2023,Apertura - Semi-finals,True,2286,U.N.A.M. - Pumas,https://media.api-sports.io/football/teams/2286.png,False,2279,Tigres UANL,https://media.api-sports.io/football/teams/2279.png,True,0,1,0,0,0,1,,,,
1145601,C. Ramos,UTC,2023-12-10T02:00:00+00:00,1702173600,1702173600,1702177200,1069.0,Estadio Azteca,D.F.,Match Finished,FT,90,,262,Liga MX,Mexico,https://media.api-sports.io/football/leagues/262.png,https://media.api-sports.io/flags/mx.svg,2023,Apertura - Semi-finals,True,2287,Club America,https://media.api-sports.io/football/teams/2287.png,False,2314,Atletico San Luis,https://media.api-sports.io/football/teams/2314.png,True,0,2,0,0,0,2,,,,
1145603,F. Guerrero,UTC,2023-12-11T02:00:00+00:00,1702260000,1702260000,1702263600,,Estadio Universitario,San Nicolás de los Garza,Match Finished,FT,90,,262,Liga MX,Mexico,https://media.api-sports.io/football/leagues/262.png,https://media.api-sports.io/flags/mx.svg,2023,Apertura - Semi-finals,True,2279,Tigres UANL,https://media.api-sports.io/football/teams/2279.png,,2286,U.N.A.M. - Pumas,https://media.api-sports.io/football/teams/2286.png,,1,1,1,1,1,1,,,,
1147013,M. Ortíz,UTC,2023-12-15T03:00:00+00:00,1702609200,1702609200,1702612800,,Estadio Universitario,San Nicolás de los Garza,Match Finished,FT,90,,262,Liga MX,Mexico,https://media.api-sports.io/football/leagues/262.png,https://media.api-sports.io/flags/mx.svg,2023,Apertura - Final,True,2279,Tigres UANL,https://media.api-sports.io/football/teams/2279.png,,2287,Club America,https://media.api-sports.io/football/teams/2287.png,,1,1,0,0,1,1,,,,
1147014,A. Escobedo,UTC,2023-12-18T01:30:00+00:00,1702863000,1702863000,1702866600,1069.0,Estadio Azteca,D.F.,Match Finished,AET,120,,262,Liga MX,Mexico,https://media.api-sports.io/football/leagues/262.png,https://media.api-sports.io/flags/mx.svg,2023,Apertura - Final,True,2287,Club America,https://media.api-sports.io/football/teams/2287.png,True,2279,Tigres UANL,https://media.api-sports.io/football/teams/2279.png,False,3,0,0,0,0,0,3.0,0.0,,
1150211,A. Quirarte,UTC,2024-01-13T01:00:00+00:00,1705107600,1705107600,1705111200,20476.0,Estadio Corregidora,Santiago de Querétaro,Match Finished,FT,90,,262,Liga MX,Mexico,https://media.api-sports.io/football/leagues/262.png,https://media.api-sports.io/flags/mx.svg,2023,Clausura - 1,True,2290,Club Queretaro,https://media.api-sports.io/football/teams/2290.png,,2281,Toluca,https://media.api-sports.io/football/teams/2281.png,,2,2,1,0,2,2,,,,
1150212,M. Quintero,UTC,2024-01-13T03:00:00+00:00,1705114800,1705114800,1705118400,20435.0,Estadio El Encanto,Mazatlán,Match Finished,FT,90,,262,Liga MX,Mexico,https://media.api-sports.io/football/leagues/262.png,https://media.api-sports.io/flags/mx.svg,2023,Clausura - 1,True,14002,Mazatlán,https://media.api-sports.io/football/teams/14002.png,False,2314,Atletico San Luis,https://media.api-sports.io/football/teams/2314.png,True,0,1,0,0,0,1,,,,
1150213,I. López,UTC,2024-01-14T01:00:00+00:00,1705194000,1705194000,1705197600,11624.0,Estadio Ciudad de los Deportes,D.F.,Match Finished,FT,90,,262,Liga MX,Mexico,https://media.api-sports.io/football/leagues/262.png,https://media.api-sports.io/flags/mx.svg,2023,Clausura - 1,True,2295,Cruz Azul,https://media.api-sports.io/football/teams/2295.png,False,2292,Pachuca,https://media.api-sports.io/football/teams/2292.png,True,0,1,0,0,0,1,,,,
1150214,J. Camacho,UTC,2024-01-14T01:05:00+00:00,1705194300,1705194300,1705197900,1076.0,Estadio AKRON,Zapopan,Match Finished,FT,90,,262,Liga MX,Mexico,https://media.api-sports.io/football/leagues/262.png,https://media.api-sports.io/flags/mx.svg,2023,Clausura - 1,True,2278,Guadalajara Chivas,https://media.api-sports.io/football/teams/2278.png,,2285,Santos Laguna,https://media.api-sports.io/football/teams/2285.png,,1,1,0,0,1,1,,,,
1150216,E. Morales,UTC,2024-01-14T03:00:00+00:00,1705201200,1705201200,1705204800,1088.0,Estadio Caliente,Tijuana,Match Finished,FT,90,,262,Liga MX,Mexico,https://media.api-sports.io/football/leagues/262.png,https://media.api-sports.io/flags/mx.svg,2023,Clausura - 1,True,2280,Club Tijuana,https://media.api-sports.io/football/teams/2280.png,False,2287,Club America,https://media.api-sports.io/football/teams/2287.png,True,0,2,0,0,0,2,,,,
1150215,G. Pacheco,UTC,2024-01-14T03:00:00+00:00,1705201200,1705201200,1705204800,11905.0,Estadio BBVA,Guadalupe,Match Finished,FT,90,,262,Liga MX,Mexico,https://media.api-sports.io/football/leagues/262.png,https://media.api-sports.io/flags/mx.svg,2023,Clausura - 1,True,2282,Monterrey,https://media.api-sports.io/football/teams/2282.png,True,2291,Puebla,https://media.api-sports.io/football/teams/2291.png,False,2,0,0,0,2,0,,,,
1150217,M. Terrazas,UTC,2024-01-14T18:00:00+00:00,1705255200,1705255200,1705258800,,Estadio Olímpico Universitario,D.F.,Match Finished,FT,90,,262,Liga MX,Mexico,https://media.api-sports.io/football/leagues/262.png,https://media.api-sports.io/flags/mx.svg,2023,Clausura - 1,True,2286,U.N.A.M. - Pumas,https://media.api-sports.io/football/teams/2286.png,True,2298,FC Juarez,https://media.api-sports.io/football/teams/2298.png,False,1,0,0,0,1,0,,,,
1150218,I. Lopez,UTC,2024-01-15T00:00:00+00:00,1705276800,1705276800,1705280400,20474.0,Estadio Victoria,Aguascalientes,Match Finished,FT,90,,262,Liga MX,Mexico,https://media.api-sports.io/football/leagues/262.png,https://media.api-sports.io/flags/mx.svg,2023,Clausura - 1,True,2288,Necaxa,https://media.api-sports.io/football/teams/2288.png,True,2283,Atlas,https://media.api-sports.io/football/teams/2283.png,False,2,1,0,1,2,1,,,,
1150219,J. Lopez,UTC,2024-01-18T01:00:00+00:00,1705539600,1705539600,1705543200,,Estadio León,León de los Aldamas,Match Finished,FT,90,,262,Liga MX,Mexico,https://media.api-sports.io/football/leagues/262.png,https://media.api-sports.io/flags/mx.svg,2023,Clausura - 1,True,2289,Leon,https://media.api-sports.io/football/teams/2289.png,False,2279,Tigres UANL,https://media.api-sports.io/football/teams/2279.png,True,1,2,0,0,1,2,,,,
1150220,V. Arce,UTC,2024-01-20T01:00:00+00:00,1705712400,1705712400,1705716000,1082.0,Estadio Cuauhtémoc,Puebla,Match Finished,FT,90,,262,Liga MX,Mexico,https://media.api-sports.io/football/leagues/262.png,https://media.api-sports.io/flags/mx.svg,2023,Clausura - 2,True,2291,Puebla,https://media.api-sports.io/football/teams/2291.png,False,2288,Necaxa,https://media.api-sports.io/football/teams/2288.png,True,1,2,0,0,1,2,,,,
1150221,I. López,UTC,2024-01-20T03:00:00+00:00,1705719600,1705719600,1705723200,1795.0,Estadio Alfonso Lastras Ramírez,San Luis Potosí,Match Finished,FT,90,,262,Liga MX,Mexico,https://media.api-sports.io/football/leagues/262.png,https://media.api-sports.io/flags/mx.svg,2023,Clausura - 2,True,2314,Atletico San Luis,https://media.api-sports.io/football/teams/2314.png,True,2286,U.N.A.M. - Pumas,https://media.api-sports.io/football/teams/2286.png,False,3,1,1,0,3,1,,,,
1150222,E. Miranda,UTC,2024-01-20T03:10:00+00:00,1705720200,1705720200,1705723800,1845.0,Estadio Olímpico Benito Juárez,Ciudad Juárez,Match Finished,FT,90,,262,Liga MX,Mexico,https://media.api-sports.io/football/leagues/262.png,https://media.api-sports.io/flags/mx.svg,2023,Clausura - 2,True,2298,FC Juarez,https://media.api-sports.io/football/teams/2298.png,,2295,Cruz Azul,https://media.api-sports.io/football/teams/2295.png,,0,0,0,0,0,0,,,,
1150223,J. Camacho,UTC,2024-01-20T23:00:00+00:00,1705791600,1705791600,1705795200,1089.0,Estadio Nemesio Díez,Toluca de Lerdo,Match Finished,FT,90,,262,Liga MX,Mexico,https://media.api-sports.io/football/leagues/262.png,https://media.api-sports.io/flags/mx.svg,2023,Clausura - 2,True,2281,Toluca,https://media.api-sports.io/football/teams/2281.png,True,14002,Mazatlán,https://media.api-sports.io/football/teams/14002.png,False,4,1,1,1,4,1,,,,
1150224,M. Quintero,UTC,2024-01-21T01:05:00+00:00,1705799100,1705799100,1705802700,1069.0,Estadio Azteca,D.F.,Match Finished,FT,90,,262,Liga MX,Mexico,https://media.api-sports.io/football/leagues/262.png,https://media.api-sports.io/flags/mx.svg,2023,Clausura - 2,True,2287,Club America,https://media.api-sports.io/football/teams/2287.png,True,2290,Club Queretaro,https://media.api-sports.io/football/teams/2290.png,False,2,0,0,0,2,0,,,,
1150225,Ó. Macías,UTC,2024-01-21T03:10:00+00:00,1705806600,1705806600,1705810200,1071.0,Estadio Jalisco,Guadalajara,Match Finished,FT,90,,262,Liga MX,Mexico,https://media.api-sports.io/football/leagues/262.png,https://media.api-sports.io/flags/mx.svg,2023,Clausura - 2,True,2283,Atlas,https://media.api-sports.io/football/teams/2283.png,,2280,Club Tijuana,https://media.api-sports.io/football/teams/2280.png,,0,0,0,0,0,0,,,,
1150227,G. Pacheco,UTC,2024-01-22T00:00:00+00:00,1705881600,1705881600,1705885200,,Estadio Universitario,San Nicolás de los Garza,Match Finished,FT,90,,262,Liga MX,Mexico,https://media.api-sports.io/football/leagues/262.png,https://media.api-sports.io/flags/mx.svg,2023,Clausura - 2,True,2279,Tigres UANL,https://media.api-sports.io/football/teams/2279.png,True,2278,Guadalajara Chivas,https://media.api-sports.io/football/teams/2278.png,False,1,0,0,0,1,0,,,,
1150228,E. Morales,UTC,2024-01-22T02:05:00+00:00,1705889100,1705889100,1705892700,20475.0,Estadio Corona,Torreón,Match Finished,FT,90,,262,Liga MX,Mexico,https://media.api-sports.io/football/leagues/262.png,https://media.api-sports.io/flags/mx.svg,2023,Clausura - 2,True,2285,Santos Laguna,https://media.api-sports.io/football/teams/2285.png,False,2282,Monterrey,https://media.api-sports.io/football/teams/2282.png,True,0,2,0,1,0,2,,,,
1150239,M. Ortíz,UTC,2024-01-25T01:00:00+00:00,1706144400,1706144400,1706148000,11905.0,Estadio BBVA,Guadalupe,Match Finished,FT,90,,262,Liga MX,Mexico,https://media.api-sports.io/football/leagues/262.png,https://media.api-sports.io/flags/mx.svg,2023,Clausura - 4,True,2282,Monterrey,https://media.api-sports.io/football/teams/2282.png,,2290,Club Queretaro,https://media.api-sports.io/football/teams/2290.png,,1,1,1,0,1,1,,,,
1150238,V. Cáceres,UTC,2024-01-25T01:00:00+00:00,1706144400,1706144400,1706148000,1795.0,Estadio Alfonso Lastras Ramírez,San Luis Potosí,Match Finished,FT,90,,262,Liga MX,Mexico,https://media.api-sports.io/football/leagues/262.png,https://media.api-sports.io/flags/mx.svg,2023,Clausura - 4,True,2314,Atletico San Luis,https://media.api-sports.io/football/teams/2314.png,False,2279,Tigres UANL,https://media.api-sports.io/football/teams/2279.png,True,1,2,1,0,1,2,,,,
1150240,L. Santander,UTC,2024-01-25T03:06:00+00:00,1706151960,1706151960,1706155560,1845.0,Estadio Olímpico Benito Juárez,Ciudad Juárez,Match Finished,FT,90,,262,Liga MX,Mexico,https://media.api-sports.io/football/leagues/262.png,https://media.api-sports.io/flags/mx.svg,2023,Clausura - 4,True,2298,FC Juarez,https://media.api-sports.io/football/teams/2298.png,False,2287,Club America,https://media.api-sports.io/football/teams/2287.png,True,0,2,0,1,0,2,,,,
1150229,I. López,UTC,2024-01-27T01:00:00+00:00,1706317200,1706317200,1706320800,1082.0,Estadio Cuauhtémoc,Puebla,Match Finished,FT,90,,262,Liga MX,Mexico,https://media.api-sports.io/football/leagues/262.png,https://media.api-sports.io/flags/mx.svg,2023,Clausura - 3,True,2291,Puebla,https://media.api-sports.io/football/teams/2291.png,,2281,Toluca,https://media.api-sports.io/football/teams/2281.png,,1,1,1,1,1,1,,,,
1150230,B. González,UTC,2024-01-27T03:00:00+00:00,1706324400,1706324400,1706328000,1088.0,Estadio Caliente,Tijuana,Match Finished,FT,90,,262,Liga MX,Mexico,https://media.api-sports.io/football/leagues/262.png,https://media.api-sports.io/flags/mx.svg,2023,Clausura - 3,True,2280,Club Tijuana,https://media.api-sports.io/football/teams/2280.png,,2278,Guadalajara Chivas,https://media.api-sports.io/football/teams/2278.png,,1,1,1,0,1,1,,,,
1150232,D. Quintero,UTC,2024-01-27T23:00:00+00:00,1706396400,1706396400,1706400000,,Estadio León,León de los Aldamas,Match Finished,FT,90,,262,Liga MX,Mexico,https://media.api-sports.io/football/leagues/262.png,https://media.api-sports.io/flags/mx.svg,2023,Clausura - 3,True,2289,Leon,https://media.api-sports.io/football/teams/2289.png,True,2285,Santos Laguna,https://media.api-sports.io/football/teams/2285.png,False,3,2,0,1,3,2,,,,
1150231,L. Santander,UTC,2024-01-27T23:00:00+00:00,1706396400,1706396400,1706400000,11624.0,Estadio Ciudad de los Deportes,D.F.,Match Finished,FT,90,,262,Liga MX,Mexico,https://media.api-sports.io/football/leagues/262.png,https://media.api-sports.io/flags/mx.svg,2023,Clausura - 3,True,2295,Cruz Azul,https://media.api-sports.io/football/teams/2295.png,True,14002,Mazatlán,https://media.api-sports.io/football/teams/14002.png,False,2,1,2,1,2,1,,,,
1150233,J. Lopez,UTC,2024-01-28T01:00:00+00:00,1706403600,1706403600,1706407200,11905.0,Estadio BBVA,Guadalupe,Match Finished,FT,90,,262,Liga MX,Mexico,https://media.api-sports.io/football/leagues/262.png,https://media.api-sports.io/flags/mx.svg,2023,Clausura - 3,True,2282,Monterrey,https://media.api-sports.io/football/teams/2282.png,True,2314,Atletico San Luis,https://media.api-sports.io/football/teams/2314.png,False,3,1,2,1,3,1,,,,
1150234,D. Montaño,UTC,2024-01-28T03:05:00+00:00,1706411100,1706411100,1706414700,20474.0,Estadio Victoria,Aguascalientes,Match Finished,FT,90,,262,Liga MX,Mexico,https://media.api-sports.io/football/leagues/262.png,https://media.api-sports.io/flags/mx.svg,2023,Clausura - 3,True,2288,Necaxa,https://media.api-sports.io/football/teams/2288.png,,2287,Club America,https://media.api-sports.io/football/teams/2287.png,,0,0,0,0,0,0,,,,
1150236,M. Quintero,UTC,2024-01-28T23:15:00+00:00,1706483700,1706483700,1706487300,,Estadio Olímpico Universitario,D.F.,Match Finished,FT,90,,262,Liga MX,Mexico,https://media.api-sports.io/football/leagues/262.png,https://media.api-sports.io/flags/mx.svg,2023,Clausura - 3,True,2286,U.N.A.M. - Pumas,https://media.api-sports.io/football/teams/2286.png,True,2292,Pachuca,https://media.api-sports.io/football/teams/2292.png,False,3,1,2,1,3,1,,,,
1150235,F. Hernández,UTC,2024-01-29T01:00:00+00:00,1706490000,1706490000,1706493600,1071.0,Estadio Jalisco,Guadalajara,Match Finished,FT,90,,262,Liga MX,Mexico,https://media.api-sports.io/football/leagues/262.png,https://media.api-sports.io/flags/mx.svg,2023,Clausura - 3,True,2283,Atlas,https://media.api-sports.io/football/teams/2283.png,True,2298,FC Juarez,https://media.api-sports.io/football/teams/2298.png,False,2,1,2,0,2,1,,,,
1150237,I. Lopez,UTC,2024-01-29T03:00:00+00:00,1706497200,1706497200,1706500800,20476.0,Estadio Corregidora,Santiago de Querétaro,Match Finished,FT,90,,262,Liga MX,Mexico,https://media.api-sports.io/football/leagues/262.png,https://media.api-sports.io/flags/mx.svg,2023,Clausura - 3,True,2290,Club Queretaro,https://media.api-sports.io/football/teams/2290.png,,2279,Tigres UANL,https://media.api-sports.io/football/teams/2279.png,,1,1,1,0,1,1,,,,
1150241,J. Lopez,UTC,2024-01-31T01:00:00+00:00,1706662800,1706662800,1706666400,11624.0,Estadio Ciudad de los Deportes,D.F.,Match Finished,FT,90,,262,Liga MX,Mexico,https://media.api-sports.io/football/leagues/262.png,https://media.api-sports.io/flags/mx.svg,2023,Clausura - 4,True,2295,Cruz Azul,https://media.api-sports.io/football/teams/2295.png,True,2280,Club Tijuana,https://media.api-sports.io/football/teams/2280.png,False,1,0,0,0,1,0,,,,
1150242,E. Morales,UTC,2024-01-31T01:00:00+00:00,1706662800,1706662800,1706666400,20435.0,Estadio El Encanto,Mazatlán,Match Finished,FT,90,,262,Liga MX,Mexico,https://media.api-sports.io/football/leagues/262.png,https://media.api-sports.io/flags/mx.svg,2023,Clausura - 4,True,14002,Mazatlán,https://media.api-sports.io/football/teams/14002.png,,2289,Leon,https://media.api-sports.io/football/teams/2289.png,,2,2,2,1,2,2,,,,
1150245,B. González,UTC,2024-01-31T03:00:00+00:00,1706670000,1706670000,1706673600,20475.0,Estadio Corona,Torreón,Match Finished,FT,90,,262,Liga MX,Mexico,https://media.api-sports.io/football/leagues/262.png,https://media.api-sports.io/flags/mx.svg,2023,Clausura - 4,True,2285,Santos Laguna,https://media.api-sports.io/football/teams/2285.png,True,2291,Puebla,https://media.api-sports.io/football/teams/2291.png,False,3,0,0,0,3,0,,,,
1150243,F. Hernández,UTC,2024-01-31T03:05:00+00:00,1706670300,1706670300,1706673900,1076.0,Estadio AKRON,Zapopan,Match Finished,FT,90,,262,Liga MX,Mexico,https://media.api-sports.io/football/leagues/262.png,https://media.api-sports.io/flags/mx.svg,2023,Clausura - 4,True,2278,Guadalajara Chivas,https://media.api-sports.io/football/teams/2278.png,True,2281,Toluca,https://media.api-sports.io/football/teams/2281.png,False,3,2,2,2,3,2,,,,
1150244,D. Quintero,UTC,2024-02-01T01:00:00+00:00,1706749200,1706749200,1706752800,1081.0,Estadio Hidalgo,Pachuca de Soto,Match Finished,FT,90,,262,Liga MX,Mexico,https://media.api-sports.io/football/leagues/262.png,https://media.api-sports.io/flags/mx.svg,2023,Clausura - 4,True,2292,Pachuca,https://media.api-sports.io/football/teams/2292.png,True,2283,Atlas,https://media.api-sports.io/football/teams/2283.png,False,4,3,3,2,4,3,,,,
1150246,C. Ramos,UTC,2024-02-01T03:00:00+00:00,1706756400,1706756400,1706760000,,Estadio Olímpico Universitario,D.F.,Match Finished,FT,90,,262,Liga MX,Mexico,https://media.api-sports.io/football/leagues/262.png,https://media.api-sports.io/flags/mx.svg,2023,Clausura - 4,True,2286,U.N.A.M. - Pumas,https://media.api-sports.io/football/teams/2286.png,,2288,Necaxa,https://media.api-sports.io/football/teams/2288.png,,2,2,1,0,2,2,,,,
1150247,J. Camacho,UTC,2024-02-03T01:00:00+00:00,1706922000,1706922000,1706925600,20476.0,Estadio Corregidora,Santiago de Querétaro,Match Finished,FT,90,,262,Liga MX,Mexico,https://media.api-sports.io/football/leagues/262.png,https://media.api-sports.io/flags/mx.svg,2023,Clausura - 5,True,2290,Club Queretaro,https://media.api-sports.io/football/teams/2290.png,False,2295,Cruz Azul,https://media.api-sports.io/football/teams/2295.png,True,1,3,1,3,1,3,,,,
1150248,F. Guerrero,UTC,2024-02-03T03:00:00+00:00,1706929200,1706929200,1706932800,1082.0,Estadio Cuauhtémoc,Puebla,Match Finished,FT,90,,262,Liga MX,Mexico,https://media.api-sports.io/football/leagues/262.png,https://media.api-sports.io/flags/mx.svg,2023,Clausura - 5,True,2291,Puebla,https://media.api-sports.io/football/teams/2291.png,True,14002,Mazatlán,https://media.api-sports.io/football/teams/14002.png,False,3,2,1,1,3,2,,,,
1150249,I. Lopez,UTC,2024-02-03T23:00:00+00:00,1707001200,1707001200,1707004800,1089.0,Estadio Nemesio Díez,Toluca de Lerdo,Match Finished,FT,90,,262,Liga MX,Mexico,https://media.api-sports.io/football/leagues/262.png,https://media.api-sports.io/flags/mx.svg,2023,Clausura - 5,True,2281,Toluca,https://media.api-sports.io/football/teams/2281.png,True,2289,Leon,https://media.api-sports.io/football/teams/2289.png,False,4,1,3,0,4,1,,,,
1150252,F. Hernández,UTC,2024-02-04T01:05:00+00:00,1707008700,1707008700,1707012300,,Estadio Universitario,San Nicolás de los Garza,Match Finished,FT,90,,262,Liga MX,Mexico,https://media.api-sports.io/football/leagues/262.png,https://media.api-sports.io/flags/mx.svg,2023,Clausura - 5,True,2279,Tigres UANL,https://media.api-sports.io/football/teams/2279.png,,2286,U.N.A.M. - Pumas,https://media.api-sports.io/football/teams/2286.png,,2,2,1,0,2,2,,,,
1150251,G. Pacheco,UTC,2024-02-04T01:10:00+00:00,1707009000,1707009000,1707012600,1081.0,Estadio Hidalgo,Pachuca de Soto,Match Finished,FT,90,,262,Liga MX,Mexico,https://media.api-sports.io/football/leagues/262.png,https://media.api-sports.io/flags/mx.svg,2023,Clausura - 5,True,2292,Pachuca,https://media.api-sports.io/football/teams/2292.png,True,2280,Club Tijuana,https://media.api-sports.io/football/teams/2280.png,False,3,2,2,1,3,2,,,,
1150253,C. Ramos,UTC,2024-02-04T03:10:00+00:00,1707016200,1707016200,1707019800,1069.0,Estadio Azteca,D.F.,Match Finished,FT,90,,262,Liga MX,Mexico,https://media.api-sports.io/football/leagues/262.png,https://media.api-sports.io/flags/mx.svg,2023,Clausura - 5,True,2287,Club America,https://media.api-sports.io/football/teams/2287.png,,2282,Monterrey,https://media.api-sports.io/football/teams/2282.png,,1,1,1,1,1,1,,,,
1150250,M. Ortíz,UTC,2024-02-04T23:06:00+00:00,1707087960,1707087960,1707091560,1845.0,Estadio Olímpico Benito Juárez,Ciudad Juárez,Match Finished,FT,90,,262,Liga MX,Mexico,https://media.api-sports.io/football/leagues/262.png,https://media.api-sports.io/flags/mx.svg,2023,Clausura - 5,True,2298,FC Juarez,https://media.api-sports.io/football/teams/2298.png,,2288,Necaxa,https://media.api-sports.io/football/teams/2288.png,,2,2,1,1,2,2,,,,
1150254,M. Terrazas,UTC,2024-02-05T00:00:00+00:00,1707091200,1707091200,1707094800,1071.0,Estadio Jalisco,Guadalajara,Match Finished,FT,90,,262,Liga MX,Mexico,https://media.api-sports.io/football/leagues/262.png,https://media.api-sports.io/flags/mx.svg,2023,Clausura - 5,True,2283,Atlas,https://media.api-sports.io/football/teams/2283.png,True,2285,Santos Laguna,https://media.api-sports.io/football/teams/2285.png,False,3,0,2,0,3,0,,,,
1150255,Ó. Mejía,UTC,2024-02-05T01:00:00+00:00,1707094800,1707094800,1707098400,1795.0,Estadio Alfonso Lastras Ramírez,San Luis Potosí,Match Finished,FT,90,,262,Liga MX,Mexico,https://media.api-sports.io/football/leagues/262.png,https://media.api-sports.io/flags/mx.svg,2023,Clausura - 5,True,2314,Atletico San Luis,https://media.api-sports.io/football/teams/2314.png,False,2278,Guadalajara Chivas,https://media.api-sports.io/football/teams/2278.png,True,0,2,0,1,0,2,,,,
1150226,A. Quirarte,UTC,2024-02-08T03:10:00+00:00,1707361800,1707361800,1707365400,1081.0,Estadio Hidalgo,Pachuca de Soto,Match Finished,FT,90,,262,Liga MX,Mexico,https://media.api-sports.io/football/leagues/262.png,https://media.api-sports.io/flags/mx.svg,2023,Clausura - 2,True,2292,Pachuca,https://media.api-sports.io/football/teams/2292.png,True,2289,Leon,https://media.api-sports.io/football/teams/2289.png,False,3,2,1,2,3,2,,,,
1150256,V. Cáceres,UTC,2024-02-10T01:00:00+00:00,1707526800,1707526800,1707530400,20435.0,Estadio El Encanto,Mazatlán,Match Finished,FT,90,,262,Liga MX,Mexico,https://media.api-sports.io/football/leagues/262.png,https://media.api-sports.io/flags/mx.svg,2023,Clausura - 6,True,14002,Mazatlán,https://media.api-sports.io/football/teams/14002.png,True,2283,Atlas,https://media.api-sports.io/football/teams/2283.png,False,2,0,0,0,2,0,,,,
1150257,A. Escobedo,UTC,2024-02-10T03:10:00+00:00,1707534600,1707534600,1707538200,1088.0,Estadio Caliente,Tijuana,Match Finished,FT,90,,262,Liga MX,Mexico,https://media.api-sports.io/football/leagues/262.png,https://media.api-sports.io/flags/mx.svg,2023,Clausura - 6,True,2280,Club Tijuana,https://media.api-sports.io/football/teams/2280.png,,2290,Club Queretaro,https://media.api-sports.io/football/teams/2290.png,,1,1,1,1,1,1,,,,
1150258,D. Quintero,UTC,2024-02-10T23:00:00+00:00,1707606000,1707606000,1707609600,20474.0,Estadio Victoria,Aguascalientes,Match Finished,FT,90,,262,Liga MX,Mexico,https://media.api-sports.io/football/leagues/262.png,https://media.api-sports.io/flags/mx.svg,2023,Clausura - 6,True,2288,Necaxa,https://media.api-sports.io/football/teams/2288.png,,2281,Toluca,https://media.api-sports.io/football/teams/2281.png,,3,3,2,1,3,3,,,,
1150259,V. Arce,UTC,2024-02-10T23:05:00+00:00,1707606300,1707606300,1707609900,1076.0,Estadio AKRON,Zapopan,Match Finished,FT,90,,262,Liga MX,Mexico,https://media.api-sports.io/football/leagues/262.png,https://media.api-sports.io/flags/mx.svg,2023,Clausura - 6,True,2278,Guadalajara Chivas,https://media.api-sports.io/football/teams/2278.png,True,2298,FC Juarez,https://media.api-sports.io/football/teams/2298.png,False,2,1,1,0,2,1,,,,
1150261,M. Ortíz,UTC,2024-02-11T01:00:00+00:00,1707613200,1707613200,1707616800,,Estadio León,León de los Aldamas,Match Finished,FT,90,,262,Liga MX,Mexico,https://media.api-sports.io/football/leagues/262.png,https://media.api-sports.io/flags/mx.svg,2023,Clausura - 6,True,2289,Leon,https://media.api-sports.io/football/teams/2289.png,False,2287,Club America,https://media.api-sports.io/football/teams/2287.png,True,0,1,0,0,0,1,,,,
1150260,F. Guerrero,UTC,2024-02-11T01:05:00+00:00,1707613500,1707613500,1707617100,11624.0,Estadio Ciudad de los Deportes,D.F.,Match Finished,FT,90,,262,Liga MX,Mexico,https://media.api-sports.io/football/leagues/262.png,https://media.api-sports.io/flags/mx.svg,2023,Clausura - 6,True,2295,Cruz Azul,https://media.api-sports.io/football/teams/2295.png,True,2314,Atletico San Luis,https://media.api-sports.io/football/teams/2314.png,False,3,0,1,0,3,0,,,,
1150262,F. Hernández,UTC,2024-02-11T03:10:00+00:00,1707621000,1707621000,1707624600,11905.0,Estadio BBVA,Guadalupe,Match Finished,FT,90,,262,Liga MX,Mexico,https://media.api-sports.io/football/leagues/262.png,https://media.api-sports.io/flags/mx.svg,2023,Clausura - 6,True,2282,Monterrey,https://media.api-sports.io/football/teams/2282.png,True,2292,Pachuca,https://media.api-sports.io/football/teams/2292.png,False,3,2,2,0,3,2,,,,
1150263,Ó. Mejía,UTC,2024-02-11T03:10:00+00:00,1707621000,1707621000,1707624600,20475.0,Estadio Corona,Torreón,Match Finished,FT,90,,262,Liga MX,Mexico,https://media.api-sports.io/football/leagues/262.png,https://media.api-sports.io/flags/mx.svg,2023,Clausura - 6,True,2285,Santos Laguna,https://media.api-sports.io/football/teams/2285.png,False,2279,Tigres UANL,https://media.api-sports.io/football/teams/2279.png,True,0,3,0,2,0,3,,,,
1150264,G. Pacheco,UTC,2024-02-11T18:00:00+00:00,1707674400,1707674400,1707678000,,Estadio Olímpico Universitario,D.F.,Match Finished,FT,90,,262,Liga MX,Mexico,https://media.api-sports.io/football/leagues/262.png,https://media.api-sports.io/flags/mx.svg,2023,Clausura - 6,True,2286,U.N.A.M. - Pumas,https://media.api-sports.io/football/teams/2286.png,True,2291,Puebla,https://media.api-sports.io/football/teams/2291.png,False,3,0,0,0,3,0,,,,
1150283,J. Lopez,UTC,2024-02-15T03:00:00+00:00,1707966000,1707966000,1707969600,1071.0,Estadio Jalisco,Guadalajara,Match Finished,FT,90,,262,Liga MX,Mexico,https://media.api-sports.io/football/leagues/262.png,https://media.api-sports.io/flags/mx.svg,2023,Clausura - 9,True,2283,Atlas,https://media.api-sports.io/football/teams/2283.png,,2286,U.N.A.M. - Pumas,https://media.api-sports.io/football/teams/2286.png,,0,0,0,0,0,0,,,,
1150265,F. Hernández,UTC,2024-02-17T01:00:00+00:00,1708131600,1708131600,1708135200,20476.0,Estadio Corregidora,Santiago de Querétaro,Match Finished,FT,90,,262,Liga MX,Mexico,https://media.api-sports.io/football/leagues/262.png,https://media.api-sports.io/flags/mx.svg,2023,Clausura - 7,True,2290,Club Queretaro,https://media.api-sports.io/football/teams/2290.png,,2288,Necaxa,https://media.api-sports.io/football/teams/2288.png,,1,1,1,0,1,1,,,,
1150266,A. Escobedo,UTC,2024-02-17T03:00:00+00:00,1708138800,1708138800,1708142400,20435.0,Estadio El Encanto,Mazatlán,Match Finished,FT,90,,262,Liga MX,Mexico,https://media.api-sports.io/football/leagues/262.png,https://media.api-sports.io/flags/mx.svg,2023,Clausura - 7,True,14002,Mazatlán,https://media.api-sports.io/football/teams/14002.png,,2278,Guadalajara Chivas,https://media.api-sports.io/football/teams/2278.png,,2,2,0,1,2,2,,,,
1150268,D. Quintero,UTC,2024-02-17T23:00:00+00:00,1708210800,1708210800,1708214400,1795.0,Estadio Alfonso Lastras Ramírez,San Luis Potosí,Match Finished,FT,90,,262,Liga MX,Mexico,https://media.api-sports.io/football/leagues/262.png,https://media.api-sports.io/flags/mx.svg,2023,Clausura - 7,True,2314,Atletico San Luis,https://media.api-sports.io/football/teams/2314.png,,2280,Club Tijuana,https://media.api-sports.io/football/teams/2280.png,,3,3,1,2,3,3,,,,
1150269,V. Cáceres,UTC,2024-02-18T01:00:00+00:00,1708218000,1708218000,1708221600,1081.0,Estadio Hidalgo,Pachuca de Soto,Match Finished,FT,90,,262,Liga MX,Mexico,https://media.api-sports.io/football/leagues/262.png,https://media.api-sports.io/flags/mx.svg,2023,Clausura - 7,True,2292,Pachuca,https://media.api-sports.io/football/teams/2292.png,True,2287,Club America,https://media.api-sports.io/football/teams/2287.png,False,2,1,0,0,2,1,,,,
1150270,M. Ortíz,UTC,2024-02-18T03:05:00+00:00,1708225500,1708225500,1708229100,11624.0,Estadio Ciudad de los Deportes,D.F.,Match Finished,FT,90,,262,Liga MX,Mexico,https://media.api-sports.io/football/leagues/262.png,https://media.api-sports.io/flags/mx.svg,2023,Clausura - 7,True,2295,Cruz Azul,https://media.api-sports.io/football/teams/2295.png,True,2279,Tigres UANL,https://media.api-sports.io/football/teams/2279.png,False,1,0,0,0,1,0,,,,
1150271,Ó. Mejía,UTC,2024-02-18T22:00:00+00:00,1708293600,1708293600,1708297200,1071.0,Estadio Jalisco,Guadalajara,Match Finished,FT,90,,262,Liga MX,Mexico,https://media.api-sports.io/football/leagues/262.png,https://media.api-sports.io/flags/mx.svg,2023,Clausura - 7,True,2283,Atlas,https://media.api-sports.io/football/teams/2283.png,False,2289,Leon,https://media.api-sports.io/football/teams/2289.png,True,0,1,0,0,0,1,,,,
1150272,I. Lopez,UTC,2024-02-19T00:05:00+00:00,1708301100,1708301100,1708304700,,Estadio Olímpico Universitario,D.F.,Match Finished,FT,90,,262,Liga MX,Mexico,https://media.api-sports.io/football/leagues/262.png,https://media.api-sports.io/flags/mx.svg,2023,Clausura - 7,True,2286,U.N.A.M. - Pumas,https://media.api-sports.io/football/teams/2286.png,True,2285,Santos Laguna,https://media.api-sports.io/football/teams/2285.png,False,3,0,2,0,3,0,,,,
1150273,L. Santander,UTC,2024-02-19T02:10:00+00:00,1708308600,1708308600,1708312200,11905.0,Estadio BBVA,Guadalupe,Match Finished,FT,90,,262,Liga MX,Mexico,https://media.api-sports.io/football/leagues/262.png,https://media.api-sports.io/flags/mx.svg,2023,Clausura - 7,True,2282,Monterrey,https://media.api-sports.io/football/teams/2282.png,,2281,Toluca,https://media.api-sports.io/football/teams/2281.png,,0,0,0,0,0,0,,,,
1150284,M. Quintero,UTC,2024-02-21T01:00:00+00:00,1708477200,1708477200,1708480800,1082.0,Estadio Cuauhtémoc,Puebla,Match Finished,FT,90,,262,Liga MX,Mexico,https://media.api-sports.io/football/leagues/262.png,https://media.api-sports.io/flags/mx.svg,2023,Clausura - 9,True,2291,Puebla,https://media.api-sports.io/football/teams/2291.png,False,2292,Pachuca,https://media.api-sports.io/football/teams/2292.png,True,1,4,1,1,1,4,,,,
1150285,B. González,UTC,2024-02-21T03:00:00+00:00,1708484400,1708484400,1708488000,20474.0,Estadio Victoria,Aguascalientes,Match Finished,FT,90,,262,Liga MX,Mexico,https://media.api-sports.io/football/leagues/262.png,https://media.api-sports.io/flags/mx.svg,2023,Clausura - 9,True,2288,Necaxa,https://media.api-sports.io/football/teams/2288.png,True,2278,Guadalajara Chivas,https://media.api-sports.io/football/teams/2278.png,False,1,0,1,0,1,0,,,,
1150286,A. Quirarte,UTC,2024-02-22T01:00:00+00:00,1708563600,1708563600,1708567200,1089.0,Estadio Nemesio Díez,Toluca de Lerdo,Match Finished,FT,90,,262,Liga MX,Mexico,https://media.api-sports.io/football/leagues/262.png,https://media.api-sports.io/flags/mx.svg,2023,Clausura - 9,True,2281,Toluca,https://media.api-sports.io/football/teams/2281.png,True,2285,Santos Laguna,https://media.api-sports.io/football/teams/2285.png,False,1,0,0,0,1,0,,,,
1150288,I. Lopez,UTC,2024-02-22T03:00:00+00:00,1708570800,1708570800,1708574400,1069.0,Estadio Azteca,D.F.,Match Finished,FT,90,,262,Liga MX,Mexico,https://media.api-sports.io/football/leagues/262.png,https://media.api-sports.io/flags/mx.svg,2023,Clausura - 9,True,2287,Club America,https://media.api-sports.io/football/teams/2287.png,,14002,Mazatlán,https://media.api-sports.io/football/teams/14002.png,,2,2,0,1,2,2,,,,
1150287,D. Montaño,UTC,2024-02-22T03:00:00+00:00,1708570800,1708570800,1708574400,,Estadio León,León de los Aldamas,Match Finished,FT,90,,262,Liga MX,Mexico,https://media.api-sports.io/football/leagues/262.png,https://media.api-sports.io/flags/mx.svg,2023,Clausura - 9,True,2289,Leon,https://media.api-sports.io/football/teams/2289.png,False,2295,Cruz Azul,https://media.api-sports.io/football/teams/2295.png,True,2,3,0,2,2,3,,,,
1150274,J. Lopez,UTC,2024-02-24T01:00:00+00:00,1708736400,1708736400,1708740000,1082.0,Estadio Cuauhtémoc,Puebla,Match Finished,FT,90,,262,Liga MX,Mexico,https://media.api-sports.io/football/leagues/262.png,https://media.api-sports.io/flags/mx.svg,2023,Clausura - 8,True,2291,Puebla,https://media.api-sports.io/football/teams/2291.png,False,2290,Club Queretaro,https://media.api-sports.io/football/teams/2290.png,True,0,2,0,0,0,2,,,,
1150275,J. Camacho,UTC,2024-02-24T03:00:00+00:00,1708743600,1708743600,1708747200,20474.0,Estadio Victoria,Aguascalientes,Match Finished,FT,90,,262,Liga MX,Mexico,https://media.api-sports.io/football/leagues/262.png,https://media.api-sports.io/flags/mx.svg,2023,Clausura - 8,True,2288,Necaxa,https://media.api-sports.io/football/teams/2288.png,,2292,Pachuca,https://media.api-sports.io/football/teams/2292.png,,1,1,1,0,1,1,,,,
1150276,M. Ortíz,UTC,2024-02-24T03:10:00+00:00,1708744200,1708744200,1708747800,1845.0,Estadio Olímpico Benito Juárez,Ciudad Juárez,Match Finished,FT,90,,262,Liga MX,Mexico,https://media.api-sports.io/football/leagues/262.png,https://media.api-sports.io/flags/mx.svg,2023,Clausura - 8,True,2298,FC Juarez,https://media.api-sports.io/football/teams/2298.png,False,2282,Monterrey,https://media.api-sports.io/football/teams/2282.png,True,0,3,0,0,0,3,,,,
1150277,I. López,UTC,2024-02-24T23:00:00+00:00,1708815600,1708815600,1708819200,,Estadio León,León de los Aldamas,Match Finished,FT,90,,262,Liga MX,Mexico,https://media.api-sports.io/football/leagues/262.png,https://media.api-sports.io/flags/mx.svg,2023,Clausura - 8,True,2289,Leon,https://media.api-sports.io/football/teams/2289.png,True,2314,Atletico San Luis,https://media.api-sports.io/football/teams/2314.png,False,1,0,0,0,1,0,,,,
1150279,C. Ramos,UTC,2024-02-25T01:00:00+00:00,1708822800,1708822800,1708826400,,Estadio Universitario,San Nicolás de los Garza,Match Finished,FT,90,,262,Liga MX,Mexico,https://media.api-sports.io/football/leagues/262.png,https://media.api-sports.io/flags/mx.svg,2023,Clausura - 8,True,2279,Tigres UANL,https://media.api-sports.io/football/teams/2279.png,,2283,Atlas,https://media.api-sports.io/football/teams/2283.png,,1,1,1,0,1,1,,,,
1150278,Ó. Macías,UTC,2024-02-25T01:05:00+00:00,1708823100,1708823100,1708826700,1076.0,Estadio AKRON,Zapopan,Match Finished,FT,90,,262,Liga MX,Mexico,https://media.api-sports.io/football/leagues/262.png,https://media.api-sports.io/flags/mx.svg,2023,Clausura - 8,True,2278,Guadalajara Chivas,https://media.api-sports.io/football/teams/2278.png,True,2286,U.N.A.M. - Pumas,https://media.api-sports.io/football/teams/2286.png,False,3,1,0,0,3,1,,,,
1150280,Ó. Mejía,UTC,2024-02-25T03:10:00+00:00,1708830600,1708830600,1708834200,1069.0,Estadio Azteca,D.F.,Match Finished,FT,90,,262,Liga MX,Mexico,https://media.api-sports.io/football/leagues/262.png,https://media.api-sports.io/flags/mx.svg,2023,Clausura - 8,True,2287,Club America,https://media.api-sports.io/football/teams/2287.png,True,2295,Cruz Azul,https://media.api-sports.io/football/teams/2295.png,False,1,0,1,0,1,0,,,,
1150281,D. Montaño,UTC,2024-02-25T18:00:00+00:00,1708884000,1708884000,1708887600,1089.0,Estadio Nemesio Díez,Toluca de Lerdo,Match Finished,FT,90,,262,Liga MX,Mexico,https://media.api-sports.io/football/leagues/262.png,https://media.api-sports.io/flags/mx.svg,2023,Clausura - 8,True,2281,Toluca,https://media.api-sports.io/football/teams/2281.png,True,2280,Club Tijuana,https://media.api-sports.io/football/teams/2280.png,False,2,0,0,0,2,0,,,,
1150282,F. Guerrero,UTC,2024-02-26T00:00:00+00:00,1708905600,1708905600,1708909200,20475.0,Estadio Corona,Torreón,Match Finished,FT,90,,262,Liga MX,Mexico,https://media.api-sports.io/football/leagues/262.png,https://media.api-sports.io/flags/mx.svg,2023,Clausura - 8,True,2285,Santos Laguna,https://media.api-sports.io/football/teams/2285.png,True,14002,Mazatlán,https://media.api-sports.io/football/teams/14002.png,False,1,0,0,0,1,0,,,,
1150289,E. Morales,UTC,2024-02-28T01:00:00+00:00,1709082000,1709082000,1709085600,20476.0,Estadio Corregidora,Santiago de Querétaro,Match Finished,FT,90,,262,Liga MX,Mexico,https://media.api-sports.io/football/leagues/262.png,https://media.api-sports.io/flags/mx.svg,2023,Clausura - 9,True,2290,Club Queretaro,https://media.api-sports.io/football/teams/2290.png,True,2314,Atletico San Luis,https://media.api-sports.io/football/teams/2314.png,False,4,1,2,0,4,1,,,,
1150290,J. Lopez,UTC,2024-02-29T01:00:00+00:00,1709168400,1709168400,1709172000,,Estadio Universitario,San Nicolás de los Garza,Match Finished,FT,90,,262,Liga MX,Mexico,https://media.api-sports.io/football/leagues/262.png,https://media.api-sports.io/flags/mx.svg,2023,Clausura - 9,True,2279,Tigres UANL,https://media.api-sports.io/football/teams/2279.png,True,2298,FC Juarez,https://media.api-sports.io/football/teams/2298.png,False,1,0,0,0,1,0,,,,
1150291,Ó. Mejía,UTC,2024-02-29T03:00:00+00:00,1709175600,1709175600,1709179200,1088.0,Estadio Caliente,Tijuana,Match Finished,FT,90,,262,Liga MX,Mexico,https://media.api-sports.io/football/leagues/262.png,https://media.api-sports.io/flags/mx.svg,2023,Clausura - 9,True,2280,Club Tijuana,https://media.api-sports.io/football/teams/2280.png,,2282,Monterrey,https://media.api-sports.io/football/teams/2282.png,,1,1,0,0,1,1,,,,
1150292,B. González,UTC,2024-03-02T01:00:00+00:00,1709341200,1709341200,1709344800,20476.0,Estadio Corregidora,Santiago de Querétaro,Match Finished,FT,90,,262,Liga MX,Mexico,https://media.api-sports.io/football/leagues/262.png,https://media.api-sports.io/flags/mx.svg,2023,Clausura - 10,True,2290,Club Queretaro,https://media.api-sports.io/football/teams/2290.png,False,2285,Santos Laguna,https://media.api-sports.io/football/teams/2285.png,True,0,1,0,0,0,1,,,,
1150293,V. Arce,UTC,2024-03-02T01:00:00+00:00,1709341200,1709341200,1709344800,1795.0,Estadio Alfonso Lastras Ramírez,San Luis Potosí,Match Finished,FT,90,,262,Liga MX,Mexico,https://media.api-sports.io/football/leagues/262.png,https://media.api-sports.io/flags/mx.svg,2023,Clausura - 10,True,2314,Atletico San Luis,https://media.api-sports.io/football/teams/2314.png,True,2291,Puebla,https://media.api-sports.io/football/teams/2291.png,False,4,0,2,0,4,0,,,,
1150294,M. Ortíz,UTC,2024-03-02T03:00:00+00:00,1709348400,1709348400,1709352000,20435.0,Estadio El Encanto,Mazatlán,Match Finished,FT,90,,262,Liga MX,Mexico,https://media.api-sports.io/football/leagues/262.png,https://media.api-sports.io/flags/mx.svg,2023,Clausura - 10,True,14002,Mazatlán,https://media.api-sports.io/football/teams/14002.png,True,2288,Necaxa,https://media.api-sports.io/football/teams/2288.png,False,2,1,0,0,2,1,,,,
1150295,A. Escobedo,UTC,2024-03-02T23:00:00+00:00,1709420400,1709420400,1709424000,1089.0,Estadio Nemesio Díez,Toluca de Lerdo,Match Finished,FT,90,,262,Liga MX,Mexico,https://media.api-sports.io/football/leagues/262.png,https://media.api-sports.io/flags/mx.svg,2023,Clausura - 10,True,2281,Toluca,https://media.api-sports.io/football/teams/2281.png,True,2279,Tigres UANL,https://media.api-sports.io/football/teams/2279.png,False,2,1,0,1,2,1,,,,
1150296,A. Quirarte,UTC,2024-03-03T01:00:00+00:00,1709427600,1709427600,1709431200,1081.0,Estadio Hidalgo,Pachuca de Soto,Match Finished,FT,90,,262,Liga MX,Mexico,https://media.api-sports.io/football/leagues/262.png,https://media.api-sports.io/flags/mx.svg,2023,Clausura - 10,True,2292,Pachuca,https://media.api-sports.io/football/teams/2292.png,True,2298,FC Juarez,https://media.api-sports.io/football/teams/2298.png,False,3,2,0,0,3,2,,,,
1150297,C. Ramos,UTC,2024-03-03T01:05:00+00:00,1709427900,1709427900,1709431500,1069.0,Estadio Azteca,D.F.,Match Finished,FT,90,,262,Liga MX,Mexico,https://media.api-sports.io/football/leagues/262.png,https://media.api-sports.io/flags/mx.svg,2023,Clausura - 10,True,2295,Cruz Azul,https://media.api-sports.io/football/teams/2295.png,True,2278,Guadalajara Chivas,https://media.api-sports.io/football/teams/2278.png,False,3,0,3,0,3,0,,,,
1150298,F. Guerrero,UTC,2024-03-03T03:10:00+00:00,1709435400,1709435400,1709439000,1071.0,Estadio Jalisco,Guadalajara,Match Finished,FT,90,,262,Liga MX,Mexico,https://media.api-sports.io/football/leagues/262.png,https://media.api-sports.io/flags/mx.svg,2023,Clausura - 10,True,2283,Atlas,https://media.api-sports.io/football/teams/2283.png,False,2287,Club America,https://media.api-sports.io/football/teams/2287.png,True,1,5,1,2,1,5,,,,
1150299,V. Cáceres,UTC,2024-03-04T01:00:00+00:00,1709514000,1709514000,1709517600,11905.0,Estadio BBVA,Guadalupe,Match Finished,FT,90,,262,Liga MX,Mexico,https://media.api-sports.io/football/leagues/262.png,https://media.api-sports.io/flags/mx.svg,2023,Clausura - 10,True,2282,Monterrey,https://media.api-sports.io/football/teams/2282.png,True,2286,U.N.A.M. - Pumas,https://media.api-sports.io/football/teams/2286.png,False,3,0,0,0,3,0,,,,
1150300,G. Pacheco,UTC,2024-03-04T03:00:00+00:00,1709521200,1709521200,1709524800,1088.0,Estadio Caliente,Tijuana,Match Finished,FT,90,,262,Liga MX,Mexico,https://media.api-sports.io/football/leagues/262.png,https://media.api-sports.io/flags/mx.svg,2023,Clausura - 10,True,2280,Club Tijuana,https://media.api-sports.io/football/teams/2280.png,,2289,Leon,https://media.api-sports.io/football/teams/2289.png,,1,1,0,0,1,1,,,,
1150301,L. Santander,UTC,2024-03-09T01:00:00+00:00,1709946000,1709946000,1709949600,1082.0,Estadio Cuauhtémoc,Puebla,Match Finished,FT,90,,262,Liga MX,Mexico,https://media.api-sports.io/football/leagues/262.png,https://media.api-sports.io/flags/mx.svg,2023,Clausura - 11,True,2291,Puebla,https://media.api-sports.io/football/teams/2291.png,,2283,Atlas,https://media.api-sports.io/football/teams/2283.png,,2,2,1,2,2,2,,,,
1150303,F. Hernández,UTC,2024-03-09T03:00:00+00:00,1709953200,1709953200,1709956800,20474.0,Estadio Victoria,Aguascalientes,Match Finished,FT,90,,262,Liga MX,Mexico,https://media.api-sports.io/football/leagues/262.png,https://media.api-sports.io/flags/mx.svg,2023,Clausura - 11,True,2288,Necaxa,https://media.api-sports.io/football/teams/2288.png,True,2314,Atletico San Luis,https://media.api-sports.io/football/teams/2314.png,False,3,1,2,1,3,1,,,,
1150302,F. Guerrero,UTC,2024-03-09T03:10:00+00:00,1709953800,1709953800,1709957400,1845.0,Estadio Olímpico Benito Juárez,Ciudad Juárez,Match Finished,FT,90,,262,Liga MX,Mexico,https://media.api-sports.io/football/leagues/262.png,https://media.api-sports.io/flags/mx.svg,2023,Clausura - 11,True,2298,FC Juarez,https://media.api-sports.io/football/teams/2298.png,,2281,Toluca,https://media.api-sports.io/football/teams/2281.png,,1,1,1,1,1,1,,,,
1150304,D. Quintero,UTC,2024-03-09T23:05:00+00:00,1710025500,1710025500,1710029100,1076.0,Estadio AKRON,Zapopan,Match Finished,FT,90,,262,Liga MX,Mexico,https://media.api-sports.io/football/leagues/262.png,https://media.api-sports.io/flags/mx.svg,2023,Clausura - 11,True,2278,Guadalajara Chivas,https://media.api-sports.io/football/teams/2278.png,False,2289,Leon,https://media.api-sports.io/football/teams/2289.png,True,1,2,0,1,1,2,,,,
1150306,A. Escobedo,UTC,2024-03-10T01:00:00+00:00,1710032400,1710032400,1710036000,20475.0,Estadio Corona,Torreón,Match Finished,FT,90,,262,Liga MX,Mexico,https://media.api-sports.io/football/leagues/262.png,https://media.api-sports.io/flags/mx.svg,2023,Clausura - 11,True,2285,Santos Laguna,https://media.api-sports.io/football/teams/2285.png,True,2295,Cruz Azul,https://media.api-sports.io/football/teams/2295.png,False,3,0,1,0,3,0,,,,
1150305,K. Garcia,UTC,2024-03-10T01:00:00+00:00,1710032400,1710032400,1710036000,1081.0,Estadio Hidalgo,Pachuca de Soto,Match Finished,FT,90,,262,Liga MX,Mexico,https://media.api-sports.io/football/leagues/262.png,https://media.api-sports.io/flags/mx.svg,2023,Clausura - 11,True,2292,Pachuca,https://media.api-sports.io/football/teams/2292.png,False,2290,Club Queretaro,https://media.api-sports.io/football/teams/2290.png,True,1,2,0,1,1,2,,,,
1150307,V. Cáceres,UTC,2024-03-10T03:00:00+00:00,1710039600,1710039600,1710043200,1069.0,Estadio Azteca,D.F.,Match Finished,FT,90,,262,Liga MX,Mexico,https://media.api-sports.io/football/leagues/262.png,https://media.api-sports.io/flags/mx.svg,2023,Clausura - 11,True,2287,Club America,https://media.api-sports.io/football/teams/2287.png,True,2279,Tigres UANL,https://media.api-sports.io/football/teams/2279.png,False,2,0,1,0,2,0,,,,
1150308,M. Ortíz,UTC,2024-03-10T18:00:00+00:00,1710093600,1710093600,1710097200,,Estadio Olímpico Universitario,D.F.,Match Finished,FT,90,,262,Liga MX,Mexico,https://media.api-sports.io/football/leagues/262.png,https://media.api-sports.io/flags/mx.svg,2023,Clausura - 11,True,2286,U.N.A.M. - Pumas,https://media.api-sports.io/football/teams/2286.png,,2280,Club Tijuana,https://media.api-sports.io/football/teams/2280.png,,3,3,2,1,3,3,,,,
1150309,C. Ramos,UTC,2024-03-11T01:00:00+00:00,1710118800,1710118800,1710122400,11905.0,Estadio BBVA,Guadalupe,Match Finished,FT,90,,262,Liga MX,Mexico,https://media.api-sports.io/football/leagues/262.png,https://media.api-sports.io/flags/mx.svg,2023,Clausura - 11,True,2282,Monterrey,https://media.api-sports.io/football/teams/2282.png,True,14002,Mazatlán,https://media.api-sports.io/football/teams/14002.png,False,2,1,2,0,2,1,,,,
1150310,L. Santander,UTC,2024-03-16T01:00:00+00:00,1710550800,1710550800,1710554400,20476.0,Estadio Corregidora,Santiago de Querétaro,Match Finished,FT,90,,262,Liga MX,Mexico,https://media.api-sports.io/football/leagues/262.png,https://media.api-sports.io/flags/mx.svg,2023,Clausura - 12,True,2290,Club Queretaro,https://media.api-sports.io/football/teams/2290.png,True,2298,FC Juarez,https://media.api-sports.io/football/teams/2298.png,False,1,0,1,0,1,0,,,,
1150311,D. Quintero,UTC,2024-03-16T03:00:00+00:00,1710558000,1710558000,1710561600,1088.0,Estadio Caliente,Tijuana,Match Finished,FT,90,,262,Liga MX,Mexico,https://media.api-sports.io/football/leagues/262.png,https://media.api-sports.io/flags/mx.svg,2023,Clausura - 12,True,2280,Club Tijuana,https://media.api-sports.io/football/teams/2280.png,,2285,Santos Laguna,https://media.api-sports.io/football/teams/2285.png,,2,2,0,1,2,2,,,,
1150312,F. Guerrero,UTC,2024-03-16T23:00:00+00:00,1710630000,1710630000,1710633600,11624.0,Estadio Ciudad de los Deportes,D.F.,Match Finished,FT,90,,262,Liga MX,Mexico,https://media.api-sports.io/football/leagues/262.png,https://media.api-sports.io/flags/mx.svg,2023,Clausura - 12,True,2295,Cruz Azul,https://media.api-sports.io/football/teams/2295.png,False,2288,Necaxa,https://media.api-sports.io/football/teams/2288.png,True,1,2,1,2,1,2,,,,
1150315,Ó. Mejía,UTC,2024-03-17T01:00:00+00:00,1710637200,1710637200,1710640800,,Estadio Universitario,San Nicolás de los Garza,Match Finished,FT,90,,262,Liga MX,Mexico,https://media.api-sports.io/football/leagues/262.png,https://media.api-sports.io/flags/mx.svg,2023,Clausura - 12,True,2279,Tigres UANL,https://media.api-sports.io/football/teams/2279.png,True,14002,Mazatlán,https://media.api-sports.io/football/teams/14002.png,False,5,1,2,0,5,1,,,,
1150313,K. Hernández,UTC,2024-03-17T01:00:00+00:00,1710637200,1710637200,1710640800,,Estadio León,León de los Aldamas,Match Finished,FT,90,,262,Liga MX,Mexico,https://media.api-sports.io/football/leagues/262.png,https://media.api-sports.io/flags/mx.svg,2023,Clausura - 12,True,2289,Leon,https://media.api-sports.io/football/teams/2289.png,True,2291,Puebla,https://media.api-sports.io/football/teams/2291.png,False,2,1,1,0,2,1,,,,
1150316,F. Hernández,UTC,2024-03-17T03:05:00+00:00,1710644700,1710644700,1710648300,1076.0,Estadio AKRON,Zapopan,Match Finished,FT,90,,262,Liga MX,Mexico,https://media.api-sports.io/football/leagues/262.png,https://media.api-sports.io/flags/mx.svg,2023,Clausura - 12,True,2278,Guadalajara Chivas,https://media.api-sports.io/football/teams/2278.png,,2287,Club America,https://media.api-sports.io/football/teams/2287.png,,0,0,0,0,0,0,,,,
1150317,I. Lopez,UTC,2024-03-17T23:00:00+00:00,1710716400,1710716400,1710720000,1071.0,Estadio Jalisco,Guadalajara,Match Finished,FT,90,,262,Liga MX,Mexico,https://media.api-sports.io/football/leagues/262.png,https://media.api-sports.io/flags/mx.svg,2023,Clausura - 12,True,2283,Atlas,https://media.api-sports.io/football/teams/2283.png,False,2282,Monterrey,https://media.api-sports.io/football/teams/2282.png,True,1,2,0,1,1,2,,,,
1150314,C. Ramos,UTC,2024-03-18T01:00:00+00:00,1710723600,1710723600,1710727200,1089.0,Estadio Nemesio Díez,Toluca de Lerdo,Match Finished,FT,90,,262,Liga MX,Mexico,https://media.api-sports.io/football/leagues/262.png,https://media.api-sports.io/flags/mx.svg,2023,Clausura - 12,True,2281,Toluca,https://media.api-sports.io/football/teams/2281.png,True,2286,U.N.A.M. - Pumas,https://media.api-sports.io/football/teams/2286.png,False,3,0,2,0,3,0,,,,
1150318,V. Cáceres,UTC,2024-03-18T01:00:00+00:00,1710723600,1710723600,1710727200,1795.0,Estadio Alfonso Lastras Ramírez,San Luis Potosí,Match Finished,FT,90,,262,Liga MX,Mexico,https://media.api-sports.io/football/leagues/262.png,https://media.api-sports.io/flags/mx.svg,2023,Clausura - 12,True,2314,Atletico San Luis,https://media.api-sports.io/football/teams/2314.png,True,2292,Pachuca,https://media.api-sports.io/football/teams/2292.png,False,2,1,1,0,2,1,,,,
1150267,C. Ramos,UTC,2024-03-24T01:00:00+00:00,1711242000,1711242000,1711245600,1845.0,Estadio Olímpico Benito Juárez,Ciudad Juárez,Match Finished,FT,90,,262,Liga MX,Mexico,https://media.api-sports.io/football/leagues/262.png,https://media.api-sports.io/flags/mx.svg,2023,Clausura - 7,True,2298,FC Juarez,https://media.api-sports.io/football/teams/2298.png,True,2291,Puebla,https://media.api-sports.io/football/teams/2291.png,False,4,3,1,1,4,3,,,,
1150319,J. Camacho,UTC,2024-03-30T01:00:00+00:00,1711760400,1711760400,1711764000,1082.0,Estadio Cuauhtémoc,Puebla,Match Finished,FT,90,,262,Liga MX,Mexico,https://media.api-sports.io/football/leagues/262.png,https://media.api-sports.io/flags/mx.svg,2023,Clausura - 13,True,2291,Puebla,https://media.api-sports.io/football/teams/2291.png,False,2279,Tigres UANL,https://media.api-sports.io/football/teams/2279.png,True,2,3,1,0,2,3,,,,
1150321,J. Lopez,UTC,2024-03-30T02:00:00+00:00,1711764000,1711764000,1711767600,1069.0,Estadio Azteca,D.F.,Match Finished,FT,90,,262,Liga MX,Mexico,https://media.api-sports.io/football/leagues/262.png,https://media.api-sports.io/flags/mx.svg,2023,Clausura - 13,True,2287,Club America,https://media.api-sports.io/football/teams/2287.png,True,2314,Atletico San Luis,https://media.api-sports.io/football/teams/2314.png,False,2,1,0,0,2,1,,,,
1150320,F. Guerrero,UTC,2024-03-30T03:00:00+00:00,1711767600,1711767600,1711771200,20435.0,Estadio El Encanto,Mazatlán,Match Finished,FT,90,,262,Liga MX,Mexico,https://media.api-sports.io/football/leagues/262.png,https://media.api-sports.io/flags/mx.svg,2023,Clausura - 13,True,14002,Mazatlán,https://media.api-sports.io/football/teams/14002.png,True,2280,Club Tijuana,https://media.api-sports.io/football/teams/2280.png,False,2,0,1,0,2,0,,,,
1150323,A. Escobedo,UTC,2024-03-31T01:00:00+00:00,1711846800,1711846800,1711850400,11905.0,Estadio BBVA,Guadalupe,Match Finished,FT,90,,262,Liga MX,Mexico,https://media.api-sports.io/football/leagues/262.png,https://media.api-sports.io/flags/mx.svg,2023,Clausura - 13,True,2282,Monterrey,https://media.api-sports.io/football/teams/2282.png,False,2278,Guadalajara Chivas,https://media.api-sports.io/football/teams/2278.png,True,0,2,0,0,0,2,,,,
1150322,D. Quintero,UTC,2024-03-31T01:00:00+00:00,1711846800,1711846800,1711850400,1081.0,Estadio Hidalgo,Pachuca de Soto,Match Finished,FT,90,,262,Liga MX,Mexico,https://media.api-sports.io/football/leagues/262.png,https://media.api-sports.io/flags/mx.svg,2023,Clausura - 13,True,2292,Pachuca,https://media.api-sports.io/football/teams/2292.png,False,2281,Toluca,https://media.api-sports.io/football/teams/2281.png,True,2,3,1,3,2,3,,,,
1150324,F. Hernández,UTC,2024-03-31T03:05:00+00:00,1711854300,1711854300,1711857900,,Estadio Olímpico Universitario,D.F.,Match Finished,FT,90,,262,Liga MX,Mexico,https://media.api-sports.io/football/leagues/262.png,https://media.api-sports.io/flags/mx.svg,2023,Clausura - 13,True,2286,U.N.A.M. - Pumas,https://media.api-sports.io/football/teams/2286.png,,2295,Cruz Azul,https://media.api-sports.io/football/teams/2295.png,,0,0,0,0,0,0,,,,
1150325,C. Ramos,UTC,2024-03-31T23:00:00+00:00,1711926000,1711926000,1711929600,1071.0,Estadio Jalisco,Guadalajara,Match Finished,FT,90,,262,Liga MX,Mexico,https://media.api-sports.io/football/leagues/262.png,https://media.api-sports.io/flags/mx.svg,2023,Clausura - 13,True,2283,Atlas,https://media.api-sports.io/football/teams/2283.png,False,2290,Club Queretaro,https://media.api-sports.io/football/teams/2290.png,True,2,3,2,1,2,3,,,,
1150326,V. Cáceres,UTC,2024-04-01T01:00:00+00:00,1711933200,1711933200,1711936800,20474.0,Estadio Victoria,Aguascalientes,Match Finished,FT,90,,262,Liga MX,Mexico,https://media.api-sports.io/football/leagues/262.png,https://media.api-sports.io/flags/mx.svg,2023,Clausura - 13,True,2288,Necaxa,https://media.api-sports.io/football/teams/2288.png,False,2289,Leon,https://media.api-sports.io/football/teams/2289.png,True,1,2,0,0,1,2,,,,
1150327,E. Miranda,UTC,2024-04-01T01:36:00+00:00,1711935360,1711935360,1711938960,1845.0,Estadio Olímpico Benito Juárez,Ciudad Juárez,Match Finished,FT,90,,262,Liga MX,Mexico,https://media.api-sports.io/football/leagues/262.png,https://media.api-sports.io/flags/mx.svg,2023,Clausura - 13,True,2298,FC Juarez,https://media.api-sports.io/football/teams/2298.png,True,2285,Santos Laguna,https://media.api-sports.io/football/teams/2285.png,False,2,1,0,0,2,1,,,,
1150328,V. Cáceres,UTC,2024-04-06T01:00:00+00:00,1712365200,1712365200,1712368800,20435.0,Estadio El Encanto,Mazatlán,Match Finished,FT,90,,262,Liga MX,Mexico,https://media.api-sports.io/football/leagues/262.png,https://media.api-sports.io/flags/mx.svg,2023,Clausura - 14,True,14002,Mazatlán,https://media.api-sports.io/football/teams/14002.png,False,2286,U.N.A.M. - Pumas,https://media.api-sports.io/football/teams/2286.png,True,0,4,0,1,0,4,,,,
1150329,I. Lopez,UTC,2024-04-06T03:10:00+00:00,1712373000,1712373000,1712376600,1088.0,Estadio Caliente,Tijuana,Match Finished,FT,90,,262,Liga MX,Mexico,https://media.api-sports.io/football/leagues/262.png,https://media.api-sports.io/flags/mx.svg,2023,Clausura - 14,True,2280,Club Tijuana,https://media.api-sports.io/football/teams/2280.png,False,2288,Necaxa,https://media.api-sports.io/football/teams/2288.png,True,2,3,1,1,2,3,,,,
1150330,A. Escobedo,UTC,2024-04-06T23:00:00+00:00,1712444400,1712444400,1712448000,,Estadio León,León de los Aldamas,Match Finished,FT,90,,262,Liga MX,Mexico,https://media.api-sports.io/football/leagues/262.png,https://media.api-sports.io/flags/mx.svg,2023,Clausura - 14,True,2289,Leon,https://media.api-sports.io/football/teams/2289.png,False,2290,Club Queretaro,https://media.api-sports.io/football/teams/2290.png,True,0,2,0,1,0,2,,,,
1150332,F. Hernández,UTC,2024-04-07T01:00:00+00:00,1712451600,1712451600,1712455200,,Estadio Universitario,San Nicolás de los Garza,Match Finished,FT,90,,262,Liga MX,Mexico,https://media.api-sports.io/football/leagues/262.png,https://media.api-sports.io/flags/mx.svg,2023,Clausura - 14,True,2279,Tigres UANL,https://media.api-sports.io/football/teams/2279.png,False,2292,Pachuca,https://media.api-sports.io/football/teams/2292.png,True,0,3,0,0,0,3,,,,
1150331,F. Guerrero,UTC,2024-04-07T01:05:00+00:00,1712451900,1712451900,1712455500,1076.0,Estadio AKRON,Zapopan,Match Finished,FT,90,,262,Liga MX,Mexico,https://media.api-sports.io/football/leagues/262.png,https://media.api-sports.io/flags/mx.svg,2023,Clausura - 14,True,2278,Guadalajara Chivas,https://media.api-sports.io/football/teams/2278.png,True,2291,Puebla,https://media.api-sports.io/football/teams/2291.png,False,3,2,1,0,3,2,,,,
1150334,L. Santander,UTC,2024-04-07T03:05:00+00:00,1712459100,1712459100,1712462700,20475.0,Estadio Corona,Torreón,Match Finished,FT,90,,262,Liga MX,Mexico,https://media.api-sports.io/football/leagues/262.png,https://media.api-sports.io/flags/mx.svg,2023,Clausura - 14,True,2285,Santos Laguna,https://media.api-sports.io/football/teams/2285.png,,2287,Club America,https://media.api-sports.io/football/teams/2287.png,,1,1,0,0,1,1,,,,
1150333,M. Ortíz,UTC,2024-04-07T03:05:00+00:00,1712459100,1712459100,1712462700,11624.0,Estadio Ciudad de los Deportes,D.F.,Match Finished,FT,90,,262,Liga MX,Mexico,https://media.api-sports.io/football/leagues/262.png,https://media.api-sports.io/flags/mx.svg,2023,Clausura - 14,True,2295,Cruz Azul,https://media.api-sports.io/football/teams/2295.png,True,2282,Monterrey,https://media.api-sports.io/football/teams/2282.png,False,2,1,0,0,2,1,,,,
1150335,K. Hernández,UTC,2024-04-07T18:00:00+00:00,1712512800,1712512800,1712516400,1089.0,Estadio Nemesio Díez,Toluca de Lerdo,Match Finished,FT,90,,262,Liga MX,Mexico,https://media.api-sports.io/football/leagues/262.png,https://media.api-sports.io/flags/mx.svg,2023,Clausura - 14,True,2281,Toluca,https://media.api-sports.io/football/teams/2281.png,True,2283,Atlas,https://media.api-sports.io/football/teams/2283.png,False,4,1,2,0,4,1,,,,
1150336,Ó. Mejía,UTC,2024-04-08T00:00:00+00:00,1712534400,1712534400,1712538000,1795.0,Estadio Alfonso Lastras Ramírez,San Luis Potosí,Match Finished,FT,90,,262,Liga MX,Mexico,https://media.api-sports.io/football/leagues/262.png,https://media.api-sports.io/flags/mx.svg,2023,Clausura - 14,True,2314,Atletico San Luis,https://media.api-sports.io/football/teams/2314.png,False,2298,FC Juarez,https://media.api-sports.io/football/teams/2298.png,True,2,3,2,2,2,3,,,,
1150337,M. Ortíz,UTC,2024-04-13T01:06:00+00:00,1712970360,1712970360,1712973960,20476.0,Estadio Corregidora,Santiago de Querétaro,Match Finished,FT,90,,262,Liga MX,Mexico,https://media.api-sports.io/football/leagues/262.png,https://media.api-sports.io/flags/mx.svg,2023,Clausura - 15,True,2290,Club Queretaro,https://media.api-sports.io/football/teams/2290.png,False,14002,Mazatlán,https://media.api-sports.io/football/teams/14002.png,True,0,2,0,1,0,2,,,,
1150338,F. Hernández,UTC,2024-04-13T03:00:00+00:00,1712977200,1712977200,1712980800,20474.0,Estadio Victoria,Aguascalientes,Match Finished,FT,90,,262,Liga MX,Mexico,https://media.api-sports.io/football/leagues/262.png,https://media.api-sports.io/flags/mx.svg,2023,Clausura - 15,True,2288,Necaxa,https://media.api-sports.io/football/teams/2288.png,True,2285,Santos Laguna,https://media.api-sports.io/football/teams/2285.png,False,2,0,1,0,2,0,,,,
1150339,K. Garcia,UTC,2024-04-13T03:00:00+00:00,1712977200,1712977200,1712980800,1082.0,Estadio Cuauhtémoc,Puebla,Match Finished,FT,90,,262,Liga MX,Mexico,https://media.api-sports.io/football/leagues/262.png,https://media.api-sports.io/flags/mx.svg,2023,Clausura - 15,True,2291,Puebla,https://media.api-sports.io/football/teams/2291.png,False,2295,Cruz Azul,https://media.api-sports.io/football/teams/2295.png,True,0,1,0,0,0,1,,,,
1150340,J. Lopez,UTC,2024-04-13T23:00:00+00:00,1713049200,1713049200,1713052800,1081.0,Estadio Hidalgo,Pachuca de Soto,Match Finished,FT,90,,262,Liga MX,Mexico,https://media.api-sports.io/football/leagues/262.png,https://media.api-sports.io/flags/mx.svg,2023,Clausura - 15,True,2292,Pachuca,https://media.api-sports.io/football/teams/2292.png,False,2278,Guadalajara Chivas,https://media.api-sports.io/football/teams/2278.png,True,0,1,0,1,0,1,,,,
1150341,A. Escobedo,UTC,2024-04-14T01:05:00+00:00,1713056700,1713056700,1713060300,1069.0,Estadio Azteca,D.F.,Match Finished,FT,90,,262,Liga MX,Mexico,https://media.api-sports.io/football/leagues/262.png,https://media.api-sports.io/flags/mx.svg,2023,Clausura - 15,True,2287,Club America,https://media.api-sports.io/football/teams/2287.png,True,2281,Toluca,https://media.api-sports.io/football/teams/2281.png,False,5,1,3,1,5,1,,,,
1150342,C. Ramos,UTC,2024-04-14T03:10:00+00:00,1713064200,1713064200,1713067800,11905.0,Estadio BBVA,Guadalupe,Match Finished,FT,90,,262,Liga MX,Mexico,https://media.api-sports.io/football/leagues/262.png,https://media.api-sports.io/flags/mx.svg,2023,Clausura - 15,True,2282,Monterrey,https://media.api-sports.io/football/teams/2282.png,,2279,Tigres UANL,https://media.api-sports.io/football/teams/2279.png,,3,3,1,2,3,3,,,,
1150343,V. Cáceres,UTC,2024-04-15T00:00:00+00:00,1713139200,1713139200,1713142800,1071.0,Estadio Jalisco,Guadalajara,Match Finished,FT,90,,262,Liga MX,Mexico,https://media.api-sports.io/football/leagues/262.png,https://media.api-sports.io/flags/mx.svg,2023,Clausura - 15,True,2283,Atlas,https://media.api-sports.io/football/teams/2283.png,True,2314,Atletico San Luis,https://media.api-sports.io/football/teams/2314.png,False,2,1,1,1,2,1,,,,
1150344,D. Quintero,UTC,2024-04-15T00:00:00+00:00,1713139200,1713139200,1713142800,,Estadio Olímpico Universitario,D.F.,Match Finished,FT,90,,262,Liga MX,Mexico,https://media.api-sports.io/football/leagues/262.png,https://media.api-sports.io/flags/mx.svg,2023,Clausura - 15,True,2286,U.N.A.M. - Pumas,https://media.api-sports.io/football/teams/2286.png,True,2289,Leon,https://media.api-sports.io/football/teams/2289.png,False,1,0,0,0,1,0,,,,
1150345,L. Santander,UTC,2024-04-15T02:06:00+00:00,1713146760,1713146760,1713150360,1845.0,Estadio Olímpico Benito Juárez,Ciudad Juárez,Match Finished,FT,90,,262,Liga MX,Mexico,https://media.api-sports.io/football/leagues/262.png,https://media.api-sports.io/flags/mx.svg,2023,Clausura - 15,True,2298,FC Juarez,https://media.api-sports.io/football/teams/2298.png,False,2280,Club Tijuana,https://media.api-sports.io/football/teams/2280.png,True,0,1,0,0,0,1,,,,
1150346,F. Hernández,UTC,2024-04-20T01:00:00+00:00,1713574800,1713574800,1713578400,20435.0,Estadio El Encanto,Mazatlán,Match Finished,FT,90,,262,Liga MX,Mexico,https://media.api-sports.io/football/leagues/262.png,https://media.api-sports.io/flags/mx.svg,2023,Clausura - 16,True,14002,Mazatlán,https://media.api-sports.io/football/teams/14002.png,False,2298,FC Juarez,https://media.api-sports.io/football/teams/2298.png,True,0,2,0,0,0,2,,,,
1150347,D. Quintero,UTC,2024-04-20T03:00:00+00:00,1713582000,1713582000,1713585600,1795.0,Estadio Alfonso Lastras Ramírez,San Luis Potosí,Match Finished,FT,90,,262,Liga MX,Mexico,https://media.api-sports.io/football/leagues/262.png,https://media.api-sports.io/flags/mx.svg,2023,Clausura - 16,True,2314,Atletico San Luis,https://media.api-sports.io/football/teams/2314.png,False,2281,Toluca,https://media.api-sports.io/football/teams/2281.png,True,1,5,1,2,1,5,,,,
1150348,A. Escobedo,UTC,2024-04-20T03:10:00+00:00,1713582600,1713582600,1713586200,1088.0,Estadio Caliente,Tijuana,Match Finished,FT,90,,262,Liga MX,Mexico,https://media.api-sports.io/football/leagues/262.png,https://media.api-sports.io/flags/mx.svg,2023,Clausura - 16,True,2280,Club Tijuana,https://media.api-sports.io/football/teams/2280.png,True,2291,Puebla,https://media.api-sports.io/football/teams/2291.png,False,3,1,0,1,3,1,,,,
1150349,V. Cáceres,UTC,2024-04-20T23:00:00+00:00,1713654000,1713654000,1713657600,,Estadio León,León de los Aldamas,Match Finished,FT,90,,262,Liga MX,Mexico,https://media.api-sports.io/football/leagues/262.png,https://media.api-sports.io/flags/mx.svg,2023,Clausura - 16,True,2289,Leon,https://media.api-sports.io/football/teams/2289.png,True,2282,Monterrey,https://media.api-sports.io/football/teams/2282.png,False,2,0,1,0,2,0,,,,
1150351,Ó. Mejía,UTC,2024-04-21T01:05:00+00:00,1713661500,1713661500,1713665100,1076.0,Estadio AKRON,Zapopan,Match Finished,FT,90,,262,Liga MX,Mexico,https://media.api-sports.io/football/leagues/262.png,https://media.api-sports.io/flags/mx.svg,2023,Clausura - 16,True,2278,Guadalajara Chivas,https://media.api-sports.io/football/teams/2278.png,True,2290,Club Queretaro,https://media.api-sports.io/football/teams/2290.png,False,2,0,0,0,2,0,,,,
1150350,M. Ortíz,UTC,2024-04-21T01:05:00+00:00,1713661500,1713661500,1713665100,,Estadio Universitario,San Nicolás de los Garza,Match Finished,FT,90,,262,Liga MX,Mexico,https://media.api-sports.io/football/leagues/262.png,https://media.api-sports.io/flags/mx.svg,2023,Clausura - 16,True,2279,Tigres UANL,https://media.api-sports.io/football/teams/2279.png,True,2288,Necaxa,https://media.api-sports.io/football/teams/2288.png,False,5,2,0,1,5,2,,,,
1150354,I. Lopez,UTC,2024-04-21T01:05:00+00:00,1713661500,1713661500,1713665100,20475.0,Estadio Corona,Torreón,Match Finished,FT,90,,262,Liga MX,Mexico,https://media.api-sports.io/football/leagues/262.png,https://media.api-sports.io/flags/mx.svg,2023,Clausura - 16,True,2285,Santos Laguna,https://media.api-sports.io/football/teams/2285.png,False,2292,Pachuca,https://media.api-sports.io/football/teams/2292.png,True,0,2,0,0,0,2,,,,
1150352,F. Guerrero,UTC,2024-04-21T03:10:00+00:00,1713669000,1713669000,1713672600,,Estadio Olímpico Universitario,D.F.,Match Finished,FT,90,,262,Liga MX,Mexico,https://media.api-sports.io/football/leagues/262.png,https://media.api-sports.io/flags/mx.svg,2023,Clausura - 16,True,2286,U.N.A.M. - Pumas,https://media.api-sports.io/football/teams/2286.png,True,2287,Club America,https://media.api-sports.io/football/teams/2287.png,False,2,1,1,1,2,1,,,,
1150353,L. Santander,UTC,2024-04-22T00:00:00+00:00,1713744000,1713744000,1713747600,11624.0,Estadio Ciudad de los Deportes,D.F.,Match Finished,FT,90,,262,Liga MX,Mexico,https://media.api-sports.io/football/leagues/262.png,https://media.api-sports.io/flags/mx.svg,2023,Clausura - 16,True,2295,Cruz Azul,https://media.api-sports.io/football/teams/2295.png,,2283,Atlas,https://media.api-sports.io/football/teams/2283.png,,2,2,1,2,2,2,,,,
1150355,G. Pacheco,UTC,2024-04-27T01:00:00+00:00,1714179600,1714179600,1714183200,1082.0,Estadio Cuauhtémoc,Puebla,Match Finished,FT,90,,262,Liga MX,Mexico,https://media.api-sports.io/football/leagues/262.png,https://media.api-sports.io/flags/mx.svg,2023,Clausura - 17,True,2291,Puebla,https://media.api-sports.io/football/teams/2291.png,False,2287,Club America,https://media.api-sports.io/football/teams/2287.png,True,1,2,1,2,1,2,,,,
1150356,I. Lopez,UTC,2024-04-27T03:10:00+00:00,1714187400,1714187400,1714191000,20476.0,Estadio Corregidora,Santiago de Querétaro,Match Finished,FT,90,,262,Liga MX,Mexico,https://media.api-sports.io/football/leagues/262.png,https://media.api-sports.io/flags/mx.svg,2023,Clausura - 17,True,2290,Club Queretaro,https://media.api-sports.io/football/teams/2290.png,,2286,U.N.A.M. - Pumas,https://media.api-sports.io/football/teams/2286.png,,1,1,0,0,1,1,,,,
1150357,A. Escobedo,UTC,2024-04-27T23:06:00+00:00,1714259160,1714259160,1714262760,1845.0,Estadio Olímpico Benito Juárez,Ciudad Juárez,Match Finished,FT,90,,262,Liga MX,Mexico,https://media.api-sports.io/football/leagues/262.png,https://media.api-sports.io/flags/mx.svg,2023,Clausura - 17,True,2298,FC Juarez,https://media.api-sports.io/football/teams/2298.png,,2289,Leon,https://media.api-sports.io/football/teams/2289.png,,1,1,1,0,1,1,,,,
1150358,F. Hernández,UTC,2024-04-28T01:00:00+00:00,1714266000,1714266000,1714269600,,Estadio Universitario,San Nicolás de los Garza,Match Finished,FT,90,,262,Liga MX,Mexico,https://media.api-sports.io/football/leagues/262.png,https://media.api-sports.io/flags/mx.svg,2023,Clausura - 17,True,2279,Tigres UANL,https://media.api-sports.io/football/teams/2279.png,True,2280,Club Tijuana,https://media.api-sports.io/football/teams/2280.png,False,4,1,1,0,4,1,,,,
1150360,F. Guerrero,UTC,2024-04-28T01:00:00+00:00,1714266000,1714266000,1714269600,1089.0,Estadio Nemesio Díez,Toluca de Lerdo,Match Finished,FT,90,,262,Liga MX,Mexico,https://media.api-sports.io/football/leagues/262.png,https://media.api-sports.io/flags/mx.svg,2023,Clausura - 17,True,2281,Toluca,https://media.api-sports.io/football/teams/2281.png,False,2295,Cruz Azul,https://media.api-sports.io/football/teams/2295.png,True,0,1,0,1,0,1,,,,
1150359,L. Santander,UTC,2024-04-28T01:10:00+00:00,1714266600,1714266600,1714270200,1081.0,Estadio Hidalgo,Pachuca de Soto,Match Finished,FT,90,,262,Liga MX,Mexico,https://media.api-sports.io/football/leagues/262.png,https://media.api-sports.io/flags/mx.svg,2023,Clausura - 17,True,2292,Pachuca,https://media.api-sports.io/football/teams/2292.png,,14002,Mazatlán,https://media.api-sports.io/football/teams/14002.png,,1,1,0,0,1,1,,,,
1150361,M. Ortíz,UTC,2024-04-28T03:10:00+00:00,1714273800,1714273800,1714277400,1071.0,Estadio Jalisco,Guadalajara,Match Finished,FT,90,,262,Liga MX,Mexico,https://media.api-sports.io/football/leagues/262.png,https://media.api-sports.io/flags/mx.svg,2023,Clausura - 17,True,2283,Atlas,https://media.api-sports.io/football/teams/2283.png,False,2278,Guadalajara Chivas,https://media.api-sports.io/football/teams/2278.png,True,0,1,0,0,0,1,,,,
1150363,I. López,UTC,2024-04-29T00:00:00+00:00,1714348800,1714348800,1714352400,20475.0,Estadio Corona,Torreón,Match Finished,FT,90,,262,Liga MX,Mexico,https://media.api-sports.io/football/leagues/262.png,https://media.api-sports.io/flags/mx.svg,2023,Clausura - 17,True,2285,Santos Laguna,https://media.api-sports.io/football/teams/2285.png,False,2314,Atletico San Luis,https://media.api-sports.io/football/teams/2314.png,True,0,3,0,2,0,3,,,,
1150362,J. Lopez,UTC,2024-04-29T00:00:00+00:00,1714348800,1714348800,1714352400,20474.0,Estadio Victoria,Aguascalientes,Match Finished,FT,90,,262,Liga MX,Mexico,https://media.api-sports.io/football/leagues/262.png,https://media.api-sports.io/flags/mx.svg,2023,Clausura - 17,True,2288,Necaxa,https://media.api-sports.io/football/teams/2288.png,False,2282,Monterrey,https://media.api-sports.io/football/teams/2282.png,True,2,5,0,0,2,5,,,,
1197972,D. Quintero,UTC,2024-05-03T01:00:00+00:00,1714698000,1714698000,1714701600,20474.0,Estadio Victoria,Aguascalientes,Match Finished,PEN,120,,262,Liga MX,Mexico,https://media.api-sports.io/football/leagues/262.png,https://media.api-sports.io/flags/mx.svg,2023,Clausura - Reclasificacion,True,2288,Necaxa,https://media.api-sports.io/football/teams/2288.png,True,2290,Club Queretaro,https://media.api-sports.io/football/teams/2290.png,False,1,1,0,0,1,1,0.0,0.0,3.0,2.0
1197971,A. Escobedo,UTC,2024-05-03T03:15:00+00:00,1714706100,1714706100,1714709700,1081.0,Estadio Hidalgo,Pachuca de Soto,Match Finished,PEN,120,,262,Liga MX,Mexico,https://media.api-sports.io/football/leagues/262.png,https://media.api-sports.io/flags/mx.svg,2023,Clausura - Reclasificacion,True,2292,Pachuca,https://media.api-sports.io/football/teams/2292.png,False,2286,U.N.A.M. - Pumas,https://media.api-sports.io/football/teams/2286.png,True,0,0,0,0,0,0,0.0,0.0,3.0,5.0
1198553,F. Hernández,UTC,2024-05-06T02:06:00+00:00,1714961160,1714961160,1714964760,1081.0,Estadio Hidalgo,Pachuca de Soto,Match Finished,FT,90,,262,Liga MX,Mexico,https://media.api-sports.io/football/leagues/262.png,https://media.api-sports.io/flags/mx.svg,2023,Clausura - Play-offs,True,2292,Pachuca,https://media.api-sports.io/football/teams/2292.png,True,2288,Necaxa,https://media.api-sports.io/football/teams/2288.png,False,2,1,0,0,2,1,,,,
1197967,Ó. Mejía,UTC,2024-05-09T01:05:00+00:00,1715216700,1715216700,1715220300,1076.0,Estadio AKRON,Zapopan,Match Finished,FT,90,,262,Liga MX,Mexico,https://media.api-sports.io/football/leagues/262.png,https://media.api-sports.io/flags/mx.svg,2023,Clausura - Quarter-finals,True,2278,Guadalajara Chivas,https://media.api-sports.io/football/teams/2278.png,True,2281,Toluca,https://media.api-sports.io/football/teams/2281.png,False,1,0,0,0,1,0,,,,
1198984,F. Guerrero,UTC,2024-05-09T03:16:00+00:00,1715224560,1715224560,1715228160,1081.0,Estadio Hidalgo,Pachuca de Soto,Match Finished,FT,90,,262,Liga MX,Mexico,https://media.api-sports.io/football/leagues/262.png,https://media.api-sports.io/flags/mx.svg,2023,Clausura - Quarter-finals,True,2292,Pachuca,https://media.api-sports.io/football/teams/2292.png,,2287,Club America,https://media.api-sports.io/football/teams/2287.png,,1,1,1,1,1,1,,,,
1198551,L. Santander,UTC,2024-05-10T01:00:00+00:00,1715302800,1715302800,1715306400,,Estadio Olímpico Universitario,D.F.,Match Finished,FT,90,,262,Liga MX,Mexico,https://media.api-sports.io/football/leagues/262.png,https://media.api-sports.io/flags/mx.svg,2023,Clausura - Quarter-finals,True,2286,U.N.A.M. - Pumas,https://media.api-sports.io/football/teams/2286.png,False,2295,Cruz Azul,https://media.api-sports.io/football/teams/2295.png,True,0,2,0,1,0,2,,,,
1197969,M. Ortíz,UTC,2024-05-10T03:10:00+00:00,1715310600,1715310600,1715314200,,Estadio Universitario,San Nicolás de los Garza,Match Finished,FT,90,,262,Liga MX,Mexico,https://media.api-sports.io/football/leagues/262.png,https://media.api-sports.io/flags/mx.svg,2023,Clausura - Quarter-finals,True,2279,Tigres UANL,https://media.api-sports.io/football/teams/2279.png,False,2282,Monterrey,https://media.api-sports.io/football/teams/2282.png,True,1,2,1,1,1,2,,,,
1198985,V. Cáceres,UTC,2024-05-12T00:00:00+00:00,1715472000,1715472000,1715475600,1069.0,Estadio Azteca,D.F.,Match Finished,FT,90,,262,Liga MX,Mexico,https://media.api-sports.io/football/leagues/262.png,https://media.api-sports.io/flags/mx.svg,2023,Clausura - Quarter-finals,True,2287,Club America,https://media.api-sports.io/football/teams/2287.png,,2292,Pachuca,https://media.api-sports.io/football/teams/2292.png,,1,1,0,1,1,1,,,,
1197968,C. Ramos,UTC,2024-05-12T02:10:00+00:00,1715479800,1715479800,1715483400,1089.0,Estadio Nemesio Díez,Toluca de Lerdo,Match Finished,FT,90,,262,Liga MX,Mexico,https://media.api-sports.io/football/leagues/262.png,https://media.api-sports.io/flags/mx.svg,2023,Clausura - Quarter-finals,True,2281,Toluca,https://media.api-sports.io/football/teams/2281.png,,2278,Guadalajara Chivas,https://media.api-sports.io/football/teams/2278.png,,0,0,0,0,0,0,,,,
1198552,D. Quintero,UTC,2024-05-13T01:00:00+00:00,1715562000,1715562000,1715565600,11624.0,Estadio Ciudad de los Deportes,D.F.,Match Finished,FT,90,,262,Liga MX,Mexico,https://media.api-sports.io/football/leagues/262.png,https://media.api-sports.io/flags/mx.svg,2023,Clausura - Quarter-finals,True,2295,Cruz Azul,https://media.api-sports.io/football/teams/2295.png,,2286,U.N.A.M. - Pumas,https://media.api-sports.io/football/teams/2286.png,,2,2,0,0,2,2,,,,
1197970,F. Hernández,UTC,2024-05-13T03:10:00+00:00,1715569800,1715569800,1715573400,11905.0,Estadio BBVA,Guadalupe,Match Finished,FT,90,,262,Liga MX,Mexico,https://media.api-sports.io/football/leagues/262.png,https://media.api-sports.io/flags/mx.svg,2023,Clausura - Quarter-finals,True,2282,Monterrey,https://media.api-sports.io/football/teams/2282.png,,2279,Tigres UANL,https://media.api-sports.io/football/teams/2279.png,,1,1,0,1,1,1,,,,
1199963,Ó. Mejía,UTC,2024-05-16T02:05:00+00:00,1715825100,1715825100,1715828700,1076.0,Estadio AKRON,Zapopan,Match Finished,FT,90,,262,Liga MX,Mexico,https://media.api-sports.io/football/leagues/262.png,https://media.api-sports.io/flags/mx.svg,2023,Clausura - Semi-finals,True,2278,Guadalajara Chivas,https://media.api-sports.io/football/teams/2278.png,,2287,Club America,https://media.api-sports.io/football/teams/2287.png,,0,0,0,0,0,0,,,,
1200174,D. Quintero,UTC,2024-05-17T03:00:00+00:00,1715914800,1715914800,1715918400,11905.0,Estadio BBVA,Guadalupe,Match Finished,FT,90,,262,Liga MX,Mexico,https://media.api-sports.io/football/leagues/262.png,https://media.api-sports.io/flags/mx.svg,2023,Clausura - Semi-finals,True,2282,Monterrey,https://media.api-sports.io/football/teams/2282.png,False,2295,Cruz Azul,https://media.api-sports.io/football/teams/2295.png,True,0,1,0,1,0,1,,,,
1199964,C. Ramos,UTC,2024-05-19T02:00:00+00:00,1716084000,1716084000,1716087600,1069.0,Estadio Azteca,D.F.,Match Finished,FT,90,,262,Liga MX,Mexico,https://media.api-sports.io/football/leagues/262.png,https://media.api-sports.io/flags/mx.svg,2023,Clausura - Semi-finals,True,2287,Club America,https://media.api-sports.io/football/teams/2287.png,True,2278,Guadalajara Chivas,https://media.api-sports.io/football/teams/2278.png,False,1,0,0,0,1,0,,,,
1200175,F. Guerrero,UTC,2024-05-20T00:00:00+00:00,1716163200,1716163200,1716166800,11624.0,Estadio Ciudad de los Deportes,D.F.,Match Finished,FT,90,,262,Liga MX,Mexico,https://media.api-sports.io/football/leagues/262.png,https://media.api-sports.io/flags/mx.svg,2023,Clausura - Semi-finals,True,2295,Cruz Azul,https://media.api-sports.io/football/teams/2295.png,False,2282,Monterrey,https://media.api-sports.io/football/teams/2282.png,True,1,2,0,0,1,2,,,,
1200843,F. Hernández,UTC,2024-05-24T02:00:00+00:00,1716516000,1716516000,1716519600,11624.0,Estadio Ciudad de los Deportes,D.F.,Match Finished,FT,90,,262,Liga MX,Mexico,https://media.api-sports.io/football/leagues/262.png,https://media.api-sports.io/flags/mx.svg,2023,Clausura - Final,True,2295,Cruz Azul,https://media.api-sports.io/football/teams/2295.png,,2287,Club America,https://media.api-sports.io/football/teams/2287.png,,1,1,1,1,1,1,,,,
1200844,M. Ortíz,UTC,2024-05-27T01:00:00+00:00,1716771600,1716771600,1716775200,1069.0,Estadio Azteca,D.F.,Match Finished,FT,90,,262,Liga MX,Mexico,https://media.api-sports.io/football/leagues/262.png,https://media.api-sports.io/flags/mx.svg,2023,Clausura - Final,True,2287,Club America,https://media.api-sports.io/football/teams/2287.png,True,2295,Cruz Azul,https://media.api-sports.io/football/teams/2295.png,False,1,0,0,0,1,0,,,,
