fixture.id,fixture.referee,fixture.timezone,fixture.date,fixture.timestamp,fixture.periods.first,fixture.periods.second,fixture.venue.id,fixture.venue.name,fixture.venue.city,fixture.status.long,fixture.status.short,fixture.status.elapsed,fixture.status.extra,league.id,league.name,league.country,league.logo,league.flag,league.season,league.round,league.standings,teams.home.id,teams.home.name,teams.home.logo,teams.home.winner,teams.away.id,teams.away.name,teams.away.logo,teams.away.winner,goals.home,goals.away,score.halftime.home,score.halftime.away,score.fulltime.home,score.fulltime.away,score.extratime.home,score.extratime.away,score.penalty.home,score.penalty.away
864095,D. Quintero,UTC,2022-07-02T02:05:00+00:00,1656727500,1656727500,1656731100,10546.0,Estadio de Mazatlán,Mazatlán,Match Finished,FT,90,,262,Liga MX,Mexico,https://media.api-sports.io/football/leagues/262.png,https://media.api-sports.io/flags/mx.svg,2022,Apertura - 1,True,14002,Mazatlán,https://media.api-sports.io/football/teams/14002.png,False,2291,Puebla,https://media.api-sports.io/football/teams/2291.png,True,2,4,0,2,2,4,,,,
864096,I. Lopez,UTC,2022-07-02T22:00:00+00:00,1656799200,1656799200,1656802800,1076.0,Estadio AKRON,Zapopan,Match Finished,FT,90,,262,Liga MX,Mexico,https://media.api-sports.io/football/leagues/262.png,https://media.api-sports.io/flags/mx.svg,2022,Apertura - 1,True,2278,Guadalajara Chivas,https://media.api-sports.io/football/teams/2278.png,,2298,FC Juarez,https://media.api-sports.io/football/teams/2298.png,,0,0,0,0,0,0,,,,
864094,L. Santander,UTC,2022-07-02T22:00:00+00:00,1656799200,1656799200,1656802800,1080.0,Estadio Victoria de Aguascalientes,Aguascalientes,Match Finished,FT,90,,262,Liga MX,Mexico,https://media.api-sports.io/football/leagues/262.png,https://media.api-sports.io/flags/mx.svg,2022,Apertura - 1,True,2288,Necaxa,https://media.api-sports.io/football/teams/2288.png,False,2281,Toluca,https://media.api-sports.io/football/teams/2281.png,True,1,3,1,2,1,3,,,,
864097,Ó. Mejía,UTC,2022-07-03T00:05:00+00:00,1656806700,1656806700,1656810300,1087.0,Estadio Universitario de Nuevo León,San Nicolás de los Garza,Match Finished,FT,90,,262,Liga MX,Mexico,https://media.api-sports.io/football/leagues/262.png,https://media.api-sports.io/flags/mx.svg,2022,Apertura - 1,True,2279,Tigres UANL,https://media.api-sports.io/football/teams/2279.png,False,2295,Cruz Azul,https://media.api-sports.io/football/teams/2295.png,True,2,3,0,1,2,3,,,,
864098,F. Guerrero,UTC,2022-07-03T02:05:00+00:00,1656813900,1656813900,1656817500,7182.0,Estadio Azteca,D.F.,Match Finished,FT,90,,262,Liga MX,Mexico,https://media.api-sports.io/football/leagues/262.png,https://media.api-sports.io/flags/mx.svg,2022,Apertura - 1,True,2287,Club America,https://media.api-sports.io/football/teams/2287.png,,2283,Atlas,https://media.api-sports.io/football/teams/2283.png,,0,0,0,0,0,0,,,,
864099,A. Escobedo,UTC,2022-07-03T17:00:00+00:00,1656867600,1656867600,1656871200,1083.0,Estadio Olímpico de Universitario,D.F.,Match Finished,FT,90,,262,Liga MX,Mexico,https://media.api-sports.io/football/leagues/262.png,https://media.api-sports.io/flags/mx.svg,2022,Apertura - 1,True,2286,U.N.A.M. - Pumas,https://media.api-sports.io/football/teams/2286.png,,2280,Club Tijuana,https://media.api-sports.io/football/teams/2280.png,,1,1,0,1,1,1,,,,
864100,F. Hernández,UTC,2022-07-03T22:00:00+00:00,1656885600,1656885600,1656889200,1795.0,Estadio Alfonso Lastras Ramírez,San Luis Potosí,Match Finished,FT,90,,262,Liga MX,Mexico,https://media.api-sports.io/football/leagues/262.png,https://media.api-sports.io/flags/mx.svg,2022,Apertura - 1,True,2314,Atletico San Luis,https://media.api-sports.io/football/teams/2314.png,False,2289,Leon,https://media.api-sports.io/football/teams/2289.png,True,1,2,0,1,1,2,,,,
864101,J. Pérez,UTC,2022-07-04T00:05:00+00:00,1656893100,1656893100,1656896700,1085.0,Estadio Nuevo Corona,Torreón,Match Finished,FT,90,,262,Liga MX,Mexico,https://media.api-sports.io/football/leagues/262.png,https://media.api-sports.io/flags/mx.svg,2022,Apertura - 1,True,2285,Santos Laguna,https://media.api-sports.io/football/teams/2285.png,True,2282,Monterrey,https://media.api-sports.io/football/teams/2282.png,False,4,3,2,2,4,3,,,,
864102,C. Ramos,UTC,2022-07-05T02:00:00+00:00,1656986400,1656986400,1656990000,1081.0,Estadio Hidalgo,Pachuca de Soto,Match Finished,FT,90,,262,Liga MX,Mexico,https://media.api-sports.io/football/leagues/262.png,https://media.api-sports.io/flags/mx.svg,2022,Apertura - 1,True,2292,Pachuca,https://media.api-sports.io/football/teams/2292.png,True,2290,Club Queretaro,https://media.api-sports.io/football/teams/2290.png,False,2,0,1,0,2,0,,,,
864103,A. Escobedo,UTC,2022-07-09T00:00:00+00:00,1657324800,1657324800,1657328400,10546.0,Estadio de Mazatlán,Mazatlán,Match Finished,FT,90,,262,Liga MX,Mexico,https://media.api-sports.io/football/leagues/262.png,https://media.api-sports.io/flags/mx.svg,2022,Apertura - 2,True,14002,Mazatlán,https://media.api-sports.io/football/teams/14002.png,False,2279,Tigres UANL,https://media.api-sports.io/football/teams/2279.png,True,0,1,0,1,0,1,,,,
864105,Ó. Macías,UTC,2022-07-09T02:05:00+00:00,1657332300,1657332300,1657335900,1088.0,Estadio Caliente,Tijuana,Match Finished,FT,90,,262,Liga MX,Mexico,https://media.api-sports.io/football/leagues/262.png,https://media.api-sports.io/flags/mx.svg,2022,Apertura - 2,True,2280,Club Tijuana,https://media.api-sports.io/football/teams/2280.png,False,2298,FC Juarez,https://media.api-sports.io/football/teams/2298.png,True,0,2,0,0,0,2,,,,
864104,C. Ramos,UTC,2022-07-09T02:05:00+00:00,1657332300,1657332300,1657335900,1082.0,Estadio Cuauhtémoc,Puebla,Match Finished,FT,90,,262,Liga MX,Mexico,https://media.api-sports.io/football/leagues/262.png,https://media.api-sports.io/flags/mx.svg,2022,Apertura - 2,True,2291,Puebla,https://media.api-sports.io/football/teams/2291.png,True,2285,Santos Laguna,https://media.api-sports.io/football/teams/2285.png,False,1,0,1,0,1,0,,,,
864111,J. Lopez,UTC,2022-07-10T00:00:00+00:00,1657411200,1657411200,1657414800,,Estadio León,León de los Aldamas,Match Finished,FT,90,,262,Liga MX,Mexico,https://media.api-sports.io/football/leagues/262.png,https://media.api-sports.io/flags/mx.svg,2022,Apertura - 2,True,2289,Leon,https://media.api-sports.io/football/teams/2289.png,,2286,U.N.A.M. - Pumas,https://media.api-sports.io/football/teams/2286.png,,3,3,0,2,3,3,,,,
864106,Ó. Mejía,UTC,2022-07-10T00:05:00+00:00,1657411500,1657411500,1657415100,1076.0,Estadio AKRON,Zapopan,Match Finished,FT,90,,262,Liga MX,Mexico,https://media.api-sports.io/football/leagues/262.png,https://media.api-sports.io/flags/mx.svg,2022,Apertura - 2,True,2278,Guadalajara Chivas,https://media.api-sports.io/football/teams/2278.png,False,2314,Atletico San Luis,https://media.api-sports.io/football/teams/2314.png,True,0,1,0,1,0,1,,,,
864108,M. Ortíz,UTC,2022-07-10T02:05:00+00:00,1657418700,1657418700,1657422300,11905.0,Estadio BBVA,Guadalupe,Match Finished,FT,90,,262,Liga MX,Mexico,https://media.api-sports.io/football/leagues/262.png,https://media.api-sports.io/flags/mx.svg,2022,Apertura - 2,True,2282,Monterrey,https://media.api-sports.io/football/teams/2282.png,True,2287,Club America,https://media.api-sports.io/football/teams/2287.png,False,3,2,1,2,3,2,,,,
864107,V. Cáceres,UTC,2022-07-10T02:05:00+00:00,1657418700,1657418700,1657422300,7182.0,Estadio Azteca,D.F.,Match Finished,FT,90,,262,Liga MX,Mexico,https://media.api-sports.io/football/leagues/262.png,https://media.api-sports.io/flags/mx.svg,2022,Apertura - 2,True,2295,Cruz Azul,https://media.api-sports.io/football/teams/2295.png,False,2292,Pachuca,https://media.api-sports.io/football/teams/2292.png,True,1,2,0,2,1,2,,,,
864109,F. Hernández,UTC,2022-07-10T17:00:00+00:00,1657472400,1657472400,1657476000,1089.0,Estadio Nemesio Díez,Toluca de Lerdo,Match Finished,FT,90,,262,Liga MX,Mexico,https://media.api-sports.io/football/leagues/262.png,https://media.api-sports.io/flags/mx.svg,2022,Apertura - 2,True,2281,Toluca,https://media.api-sports.io/football/teams/2281.png,True,2283,Atlas,https://media.api-sports.io/football/teams/2283.png,False,3,2,3,1,3,2,,,,
864110,F. Guerrero,UTC,2022-07-10T22:00:00+00:00,1657490400,1657490400,1657494000,1084.0,Estadio La Corregidora,Santiago de Querétaro,Match Finished,FT,90,,262,Liga MX,Mexico,https://media.api-sports.io/football/leagues/262.png,https://media.api-sports.io/flags/mx.svg,2022,Apertura - 2,True,2290,Club Queretaro,https://media.api-sports.io/football/teams/2290.png,False,2288,Necaxa,https://media.api-sports.io/football/teams/2288.png,True,1,2,1,1,1,2,,,,
864112,A. Escobedo,UTC,2022-07-14T02:00:00+00:00,1657764000,1657764000,1657767600,7182.0,Estadio Azteca,D.F.,Match Finished,FT,90,,262,Liga MX,Mexico,https://media.api-sports.io/football/leagues/262.png,https://media.api-sports.io/flags/mx.svg,2022,Apertura - 3,True,2287,Club America,https://media.api-sports.io/football/teams/2287.png,True,2281,Toluca,https://media.api-sports.io/football/teams/2281.png,False,1,0,0,0,1,0,,,,
864113,E. Miranda,UTC,2022-07-16T00:00:00+00:00,1657929600,1657929600,1657933200,1082.0,Estadio Cuauhtémoc,Puebla,Match Finished,FT,90,,262,Liga MX,Mexico,https://media.api-sports.io/football/leagues/262.png,https://media.api-sports.io/flags/mx.svg,2022,Apertura - 3,True,2291,Puebla,https://media.api-sports.io/football/teams/2291.png,,2289,Leon,https://media.api-sports.io/football/teams/2289.png,,1,1,1,0,1,1,,,,
864114,E. Galván,UTC,2022-07-16T02:05:00+00:00,1657937100,1657937100,1657940700,1845.0,Estadio Olímpico Benito Juárez,Ciudad Juárez,Match Finished,FT,90,,262,Liga MX,Mexico,https://media.api-sports.io/football/leagues/262.png,https://media.api-sports.io/flags/mx.svg,2022,Apertura - 3,True,2298,FC Juarez,https://media.api-sports.io/football/teams/2298.png,,2290,Club Queretaro,https://media.api-sports.io/football/teams/2290.png,,1,1,1,1,1,1,,,,
864115,Ó. Macías,UTC,2022-07-16T22:00:00+00:00,1658008800,1658008800,1658012400,1071.0,Estadio Jalisco,Guadalajara,Match Finished,FT,90,,262,Liga MX,Mexico,https://media.api-sports.io/football/leagues/262.png,https://media.api-sports.io/flags/mx.svg,2022,Apertura - 3,True,2283,Atlas,https://media.api-sports.io/football/teams/2283.png,True,2295,Cruz Azul,https://media.api-sports.io/football/teams/2295.png,False,3,2,1,1,3,2,,,,
864116,M. Ortíz,UTC,2022-07-17T00:05:00+00:00,1658016300,1658016300,1658019900,1085.0,Estadio Nuevo Corona,Torreón,Match Finished,FT,90,,262,Liga MX,Mexico,https://media.api-sports.io/football/leagues/262.png,https://media.api-sports.io/flags/mx.svg,2022,Apertura - 3,True,2285,Santos Laguna,https://media.api-sports.io/football/teams/2285.png,,2278,Guadalajara Chivas,https://media.api-sports.io/football/teams/2278.png,,1,1,0,0,1,1,,,,
864117,D. Quintero,UTC,2022-07-17T17:00:00+00:00,1658077200,1658077200,1658080800,1083.0,Estadio Olímpico de Universitario,D.F.,Match Finished,FT,90,,262,Liga MX,Mexico,https://media.api-sports.io/football/leagues/262.png,https://media.api-sports.io/flags/mx.svg,2022,Apertura - 3,True,2286,U.N.A.M. - Pumas,https://media.api-sports.io/football/teams/2286.png,True,2288,Necaxa,https://media.api-sports.io/football/teams/2288.png,False,1,0,1,0,1,0,,,,
864118,F. Guerrero,UTC,2022-07-17T22:00:00+00:00,1658095200,1658095200,1658098800,1795.0,Estadio Alfonso Lastras Ramírez,San Luis Potosí,Match Finished,FT,90,,262,Liga MX,Mexico,https://media.api-sports.io/football/leagues/262.png,https://media.api-sports.io/flags/mx.svg,2022,Apertura - 3,True,2314,Atletico San Luis,https://media.api-sports.io/football/teams/2314.png,False,2282,Monterrey,https://media.api-sports.io/football/teams/2282.png,True,0,1,0,0,0,1,,,,
864119,V. Cáceres,UTC,2022-07-18T00:00:00+00:00,1658102400,1658102400,1658106000,1087.0,Estadio Universitario de Nuevo León,San Nicolás de los Garza,Match Finished,FT,90,,262,Liga MX,Mexico,https://media.api-sports.io/football/leagues/262.png,https://media.api-sports.io/flags/mx.svg,2022,Apertura - 3,True,2279,Tigres UANL,https://media.api-sports.io/football/teams/2279.png,True,2280,Club Tijuana,https://media.api-sports.io/football/teams/2280.png,False,1,0,0,0,1,0,,,,
864120,J. Camacho,UTC,2022-07-19T00:00:00+00:00,1658188800,1658188800,1658192400,1081.0,Estadio Hidalgo,Pachuca de Soto,Match Finished,FT,90,,262,Liga MX,Mexico,https://media.api-sports.io/football/leagues/262.png,https://media.api-sports.io/flags/mx.svg,2022,Apertura - 3,True,2292,Pachuca,https://media.api-sports.io/football/teams/2292.png,,14002,Mazatlán,https://media.api-sports.io/football/teams/14002.png,,1,1,0,0,1,1,,,,
864121,J. Pérez,UTC,2022-07-21T02:05:00+00:00,1658369100,1658369100,1658372700,1076.0,Estadio AKRON,Zapopan,Match Finished,FT,90,,262,Liga MX,Mexico,https://media.api-sports.io/football/leagues/262.png,https://media.api-sports.io/flags/mx.svg,2022,Apertura - 4,True,2278,Guadalajara Chivas,https://media.api-sports.io/football/teams/2278.png,,2289,Leon,https://media.api-sports.io/football/teams/2289.png,,0,0,0,0,0,0,,,,
864122,L. Santander,UTC,2022-07-22T02:00:00+00:00,1658455200,1658455200,1658458800,1084.0,Estadio La Corregidora,Santiago de Querétaro,Match Finished,FT,90,,262,Liga MX,Mexico,https://media.api-sports.io/football/leagues/262.png,https://media.api-sports.io/flags/mx.svg,2022,Apertura - 4,True,2290,Club Queretaro,https://media.api-sports.io/football/teams/2290.png,False,2282,Monterrey,https://media.api-sports.io/football/teams/2282.png,True,0,3,0,1,0,3,,,,
864123,I. Lopez,UTC,2022-07-23T00:00:00+00:00,1658534400,1658534400,1658538000,10546.0,Estadio de Mazatlán,Mazatlán,Match Finished,FT,90,,262,Liga MX,Mexico,https://media.api-sports.io/football/leagues/262.png,https://media.api-sports.io/flags/mx.svg,2022,Apertura - 4,True,14002,Mazatlán,https://media.api-sports.io/football/teams/14002.png,,2314,Atletico San Luis,https://media.api-sports.io/football/teams/2314.png,,1,1,1,1,1,1,,,,
864124,C. Ramos,UTC,2022-07-23T02:05:00+00:00,1658541900,1658541900,1658545500,1080.0,Estadio Victoria de Aguascalientes,Aguascalientes,Match Finished,FT,90,,262,Liga MX,Mexico,https://media.api-sports.io/football/leagues/262.png,https://media.api-sports.io/flags/mx.svg,2022,Apertura - 4,True,2288,Necaxa,https://media.api-sports.io/football/teams/2288.png,True,2298,FC Juarez,https://media.api-sports.io/football/teams/2298.png,False,1,0,1,0,1,0,,,,
864125,D. Montaño,UTC,2022-07-23T22:00:00+00:00,1658613600,1658613600,1658617200,1089.0,Estadio Nemesio Díez,Toluca de Lerdo,Match Finished,FT,90,,262,Liga MX,Mexico,https://media.api-sports.io/football/leagues/262.png,https://media.api-sports.io/flags/mx.svg,2022,Apertura - 4,True,2281,Toluca,https://media.api-sports.io/football/teams/2281.png,True,2285,Santos Laguna,https://media.api-sports.io/football/teams/2285.png,False,2,1,2,0,2,1,,,,
864126,F. Guerrero,UTC,2022-07-24T00:05:00+00:00,1658621100,1658621100,1658624700,7182.0,Estadio Azteca,D.F.,Match Finished,FT,90,,262,Liga MX,Mexico,https://media.api-sports.io/football/leagues/262.png,https://media.api-sports.io/flags/mx.svg,2022,Apertura - 4,True,2295,Cruz Azul,https://media.api-sports.io/football/teams/2295.png,,2291,Puebla,https://media.api-sports.io/football/teams/2291.png,,2,2,2,2,2,2,,,,
864128,F. Hernández,UTC,2022-07-24T01:00:00+00:00,1658624400,1658624400,1658628000,1088.0,Estadio Caliente,Tijuana,Match Finished,FT,90,,262,Liga MX,Mexico,https://media.api-sports.io/football/leagues/262.png,https://media.api-sports.io/flags/mx.svg,2022,Apertura - 4,True,2280,Club Tijuana,https://media.api-sports.io/football/teams/2280.png,True,2287,Club America,https://media.api-sports.io/football/teams/2287.png,False,2,0,1,0,2,0,,,,
864127,M. Ortíz,UTC,2022-07-24T02:05:00+00:00,1658628300,1658628300,1658631900,1087.0,Estadio Universitario de Nuevo León,San Nicolás de los Garza,Match Finished,FT,90,,262,Liga MX,Mexico,https://media.api-sports.io/football/leagues/262.png,https://media.api-sports.io/flags/mx.svg,2022,Apertura - 4,True,2279,Tigres UANL,https://media.api-sports.io/football/teams/2279.png,True,2283,Atlas,https://media.api-sports.io/football/teams/2283.png,False,2,0,2,0,2,0,,,,
864129,B. González,UTC,2022-07-25T00:00:00+00:00,1658707200,1658707200,1658710800,1081.0,Estadio Hidalgo,Pachuca de Soto,Match Finished,FT,90,,262,Liga MX,Mexico,https://media.api-sports.io/football/leagues/262.png,https://media.api-sports.io/flags/mx.svg,2022,Apertura - 4,True,2292,Pachuca,https://media.api-sports.io/football/teams/2292.png,,2286,U.N.A.M. - Pumas,https://media.api-sports.io/football/teams/2286.png,,0,0,0,0,0,0,,,,
864131,Ó. Macías,UTC,2022-07-27T00:00:00+00:00,1658880000,1658880000,1658883600,11905.0,Estadio BBVA,Guadalupe,Match Finished,FT,90,,262,Liga MX,Mexico,https://media.api-sports.io/football/leagues/262.png,https://media.api-sports.io/flags/mx.svg,2022,Apertura - 5,True,2282,Monterrey,https://media.api-sports.io/football/teams/2282.png,True,2291,Puebla,https://media.api-sports.io/football/teams/2291.png,False,1,0,1,0,1,0,,,,
864130,D. Montaño,UTC,2022-07-27T00:00:00+00:00,1658880000,1658880000,1658883600,1071.0,Estadio Jalisco,Guadalajara,Match Finished,FT,90,,262,Liga MX,Mexico,https://media.api-sports.io/football/leagues/262.png,https://media.api-sports.io/flags/mx.svg,2022,Apertura - 5,True,2283,Atlas,https://media.api-sports.io/football/teams/2283.png,False,2280,Club Tijuana,https://media.api-sports.io/football/teams/2280.png,True,1,2,1,2,1,2,,,,
864132,F. Hernández,UTC,2022-07-27T00:00:00+00:00,1658880000,1658880000,1658883600,1845.0,Estadio Olímpico Benito Juárez,Ciudad Juárez,Match Finished,FT,90,,262,Liga MX,Mexico,https://media.api-sports.io/football/leagues/262.png,https://media.api-sports.io/flags/mx.svg,2022,Apertura - 5,True,2298,FC Juarez,https://media.api-sports.io/football/teams/2298.png,False,2279,Tigres UANL,https://media.api-sports.io/football/teams/2279.png,True,0,1,0,1,0,1,,,,
864134,G. Pacheco,UTC,2022-07-27T02:05:00+00:00,1658887500,1658887500,1658891100,,Estadio León,León de los Aldamas,Match Finished,FT,90,,262,Liga MX,Mexico,https://media.api-sports.io/football/leagues/262.png,https://media.api-sports.io/flags/mx.svg,2022,Apertura - 5,True,2289,Leon,https://media.api-sports.io/football/teams/2289.png,False,2281,Toluca,https://media.api-sports.io/football/teams/2281.png,True,0,1,0,0,0,1,,,,
864133,A. Escobedo,UTC,2022-07-27T02:05:00+00:00,1658887500,1658887500,1658891100,1795.0,Estadio Alfonso Lastras Ramírez,San Luis Potosí,Match Finished,FT,90,,262,Liga MX,Mexico,https://media.api-sports.io/football/leagues/262.png,https://media.api-sports.io/flags/mx.svg,2022,Apertura - 5,True,2314,Atletico San Luis,https://media.api-sports.io/football/teams/2314.png,,2295,Cruz Azul,https://media.api-sports.io/football/teams/2295.png,,0,0,0,0,0,0,,,,
864136,J. Pérez,UTC,2022-07-28T00:00:00+00:00,1658966400,1658966400,1658970000,1080.0,Estadio Victoria de Aguascalientes,Aguascalientes,Match Finished,FT,90,,262,Liga MX,Mexico,https://media.api-sports.io/football/leagues/262.png,https://media.api-sports.io/flags/mx.svg,2022,Apertura - 5,True,2288,Necaxa,https://media.api-sports.io/football/teams/2288.png,True,2292,Pachuca,https://media.api-sports.io/football/teams/2292.png,False,2,0,1,0,2,0,,,,
864135,C. Ramos,UTC,2022-07-28T00:00:00+00:00,1658966400,1658966400,1658970000,1084.0,Estadio La Corregidora,Santiago de Querétaro,Match Finished,FT,90,,262,Liga MX,Mexico,https://media.api-sports.io/football/leagues/262.png,https://media.api-sports.io/flags/mx.svg,2022,Apertura - 5,True,2290,Club Queretaro,https://media.api-sports.io/football/teams/2290.png,,2278,Guadalajara Chivas,https://media.api-sports.io/football/teams/2278.png,,2,2,1,1,2,2,,,,
864137,L. Santander,UTC,2022-07-28T02:05:00+00:00,1658973900,1658973900,1658977500,1083.0,Estadio Olímpico de Universitario,D.F.,Match Finished,FT,90,,262,Liga MX,Mexico,https://media.api-sports.io/football/leagues/262.png,https://media.api-sports.io/flags/mx.svg,2022,Apertura - 5,True,2286,U.N.A.M. - Pumas,https://media.api-sports.io/football/teams/2286.png,,14002,Mazatlán,https://media.api-sports.io/football/teams/14002.png,,1,1,0,0,1,1,,,,
864139,F. Guerrero,UTC,2022-07-30T02:05:00+00:00,1659146700,1659146700,1659150300,1845.0,Estadio Olímpico Benito Juárez,Ciudad Juárez,Match Finished,FT,90,,262,Liga MX,Mexico,https://media.api-sports.io/football/leagues/262.png,https://media.api-sports.io/flags/mx.svg,2022,Apertura - 6,True,2298,FC Juarez,https://media.api-sports.io/football/teams/2298.png,,2281,Toluca,https://media.api-sports.io/football/teams/2281.png,,1,1,0,0,1,1,,,,
864140,E. Miranda,UTC,2022-07-30T22:00:00+00:00,1659218400,1659218400,1659222000,7182.0,Estadio Azteca,D.F.,Match Finished,FT,90,,262,Liga MX,Mexico,https://media.api-sports.io/football/leagues/262.png,https://media.api-sports.io/flags/mx.svg,2022,Apertura - 6,True,2295,Cruz Azul,https://media.api-sports.io/football/teams/2295.png,True,2288,Necaxa,https://media.api-sports.io/football/teams/2288.png,False,1,0,1,0,1,0,,,,
864141,I. Lopez,UTC,2022-07-31T00:05:00+00:00,1659225900,1659225900,1659229500,1087.0,Estadio Universitario de Nuevo León,San Nicolás de los Garza,Match Finished,FT,90,,262,Liga MX,Mexico,https://media.api-sports.io/football/leagues/262.png,https://media.api-sports.io/flags/mx.svg,2022,Apertura - 6,True,2279,Tigres UANL,https://media.api-sports.io/football/teams/2279.png,True,2290,Club Queretaro,https://media.api-sports.io/football/teams/2290.png,False,2,1,1,1,2,1,,,,
864142,A. Escobedo,UTC,2022-07-31T02:05:00+00:00,1659233100,1659233100,1659236700,1076.0,Estadio AKRON,Zapopan,Match Finished,FT,90,,262,Liga MX,Mexico,https://media.api-sports.io/football/leagues/262.png,https://media.api-sports.io/flags/mx.svg,2022,Apertura - 6,True,2278,Guadalajara Chivas,https://media.api-sports.io/football/teams/2278.png,,2292,Pachuca,https://media.api-sports.io/football/teams/2292.png,,0,0,0,0,0,0,,,,
864144,D. Quintero,UTC,2022-07-31T02:05:00+00:00,1659233100,1659233100,1659236700,1088.0,Estadio Caliente,Tijuana,Match Finished,FT,90,,262,Liga MX,Mexico,https://media.api-sports.io/football/leagues/262.png,https://media.api-sports.io/flags/mx.svg,2022,Apertura - 6,True,2280,Club Tijuana,https://media.api-sports.io/football/teams/2280.png,True,14002,Mazatlán,https://media.api-sports.io/football/teams/14002.png,False,2,0,0,0,2,0,,,,
864143,M. Ortíz,UTC,2022-07-31T02:05:00+00:00,1659233100,1659233100,1659236700,1082.0,Estadio Cuauhtémoc,Puebla,Match Finished,FT,90,,262,Liga MX,Mexico,https://media.api-sports.io/football/leagues/262.png,https://media.api-sports.io/flags/mx.svg,2022,Apertura - 6,True,2291,Puebla,https://media.api-sports.io/football/teams/2291.png,,2314,Atletico San Luis,https://media.api-sports.io/football/teams/2314.png,,0,0,0,0,0,0,,,,
864145,D. Montaño,UTC,2022-07-31T17:00:00+00:00,1659286800,1659286800,1659290400,1083.0,Estadio Olímpico de Universitario,D.F.,Match Finished,FT,90,,262,Liga MX,Mexico,https://media.api-sports.io/football/leagues/262.png,https://media.api-sports.io/flags/mx.svg,2022,Apertura - 6,True,2286,U.N.A.M. - Pumas,https://media.api-sports.io/football/teams/2286.png,,2282,Monterrey,https://media.api-sports.io/football/teams/2282.png,,1,1,1,1,1,1,,,,
864146,C. Ramos,UTC,2022-08-01T00:05:00+00:00,1659312300,1659312300,1659315900,1085.0,Estadio Nuevo Corona,Torreón,Match Finished,FT,90,,262,Liga MX,Mexico,https://media.api-sports.io/football/leagues/262.png,https://media.api-sports.io/flags/mx.svg,2022,Apertura - 6,True,2285,Santos Laguna,https://media.api-sports.io/football/teams/2285.png,True,2283,Atlas,https://media.api-sports.io/football/teams/2283.png,False,1,0,0,0,1,0,,,,
864147,Ó. Macías,UTC,2022-08-01T02:05:00+00:00,1659319500,1659319500,1659323100,,Estadio León,León de los Aldamas,Match Finished,FT,90,,262,Liga MX,Mexico,https://media.api-sports.io/football/leagues/262.png,https://media.api-sports.io/flags/mx.svg,2022,Apertura - 6,True,2289,Leon,https://media.api-sports.io/football/teams/2289.png,True,2287,Club America,https://media.api-sports.io/football/teams/2287.png,False,3,2,1,1,3,2,,,,
864229,V. Cáceres,UTC,2022-08-03T01:00:00+00:00,1659488400,1659488400,1659492000,1089.0,Estadio Nemesio Díez,Toluca de Lerdo,Match Finished,FT,90,,262,Liga MX,Mexico,https://media.api-sports.io/football/leagues/262.png,https://media.api-sports.io/flags/mx.svg,2022,Apertura - 16,True,2281,Toluca,https://media.api-sports.io/football/teams/2281.png,,2291,Puebla,https://media.api-sports.io/football/teams/2291.png,,1,1,0,1,1,1,,,,
864230,Ó. Macías,UTC,2022-08-04T00:00:00+00:00,1659571200,1659571200,1659574800,1845.0,Estadio Olímpico Benito Juárez,Ciudad Juárez,Match Finished,FT,90,,262,Liga MX,Mexico,https://media.api-sports.io/football/leagues/262.png,https://media.api-sports.io/flags/mx.svg,2022,Apertura - 16,True,2298,FC Juarez,https://media.api-sports.io/football/teams/2298.png,,2314,Atletico San Luis,https://media.api-sports.io/football/teams/2314.png,,1,1,0,1,1,1,,,,
864148,F. Guerrero,UTC,2022-08-05T02:00:00+00:00,1659664800,1659664800,1659668400,1071.0,Estadio Jalisco,Guadalajara,Match Finished,FT,90,,262,Liga MX,Mexico,https://media.api-sports.io/football/leagues/262.png,https://media.api-sports.io/flags/mx.svg,2022,Apertura - 7,True,2283,Atlas,https://media.api-sports.io/football/teams/2283.png,True,2290,Club Queretaro,https://media.api-sports.io/football/teams/2290.png,False,3,1,0,1,3,1,,,,
864150,J. Camacho,UTC,2022-08-06T02:05:00+00:00,1659751500,1659751500,1659755100,10546.0,Estadio de Mazatlán,Mazatlán,Match Finished,FT,90,,262,Liga MX,Mexico,https://media.api-sports.io/football/leagues/262.png,https://media.api-sports.io/flags/mx.svg,2022,Apertura - 7,True,14002,Mazatlán,https://media.api-sports.io/football/teams/14002.png,True,2278,Guadalajara Chivas,https://media.api-sports.io/football/teams/2278.png,False,2,1,0,0,2,1,,,,
864151,M. Ortíz,UTC,2022-08-07T00:05:00+00:00,1659830700,1659830700,1659834300,11905.0,Estadio BBVA,Guadalupe,Match Finished,FT,90,,262,Liga MX,Mexico,https://media.api-sports.io/football/leagues/262.png,https://media.api-sports.io/flags/mx.svg,2022,Apertura - 7,True,2282,Monterrey,https://media.api-sports.io/football/teams/2282.png,True,2289,Leon,https://media.api-sports.io/football/teams/2289.png,False,5,1,3,0,5,1,,,,
864153,Ó. Macías,UTC,2022-08-07T02:05:00+00:00,1659837900,1659837900,1659841500,1085.0,Estadio Nuevo Corona,Torreón,Match Finished,FT,90,,262,Liga MX,Mexico,https://media.api-sports.io/football/leagues/262.png,https://media.api-sports.io/flags/mx.svg,2022,Apertura - 7,True,2285,Santos Laguna,https://media.api-sports.io/football/teams/2285.png,True,2295,Cruz Azul,https://media.api-sports.io/football/teams/2295.png,False,4,0,1,0,4,0,,,,
864154,C. Ramos,UTC,2022-08-07T17:00:00+00:00,1659891600,1659891600,1659895200,1089.0,Estadio Nemesio Díez,Toluca de Lerdo,Match Finished,FT,90,,262,Liga MX,Mexico,https://media.api-sports.io/football/leagues/262.png,https://media.api-sports.io/flags/mx.svg,2022,Apertura - 7,True,2281,Toluca,https://media.api-sports.io/football/teams/2281.png,True,2280,Club Tijuana,https://media.api-sports.io/football/teams/2280.png,False,3,1,1,1,3,1,,,,
864155,E. Galván,UTC,2022-08-07T21:00:00+00:00,1659906000,1659906000,1659909600,1795.0,Estadio Alfonso Lastras Ramírez,San Luis Potosí,Match Finished,FT,90,,262,Liga MX,Mexico,https://media.api-sports.io/football/leagues/262.png,https://media.api-sports.io/flags/mx.svg,2022,Apertura - 7,True,2314,Atletico San Luis,https://media.api-sports.io/football/teams/2314.png,False,2288,Necaxa,https://media.api-sports.io/football/teams/2288.png,True,1,2,1,2,1,2,,,,
864156,D. Quintero,UTC,2022-08-07T23:05:00+00:00,1659913500,1659913500,1659917100,1081.0,Estadio Hidalgo,Pachuca de Soto,Match Finished,FT,90,,262,Liga MX,Mexico,https://media.api-sports.io/football/leagues/262.png,https://media.api-sports.io/flags/mx.svg,2022,Apertura - 7,True,2292,Pachuca,https://media.api-sports.io/football/teams/2292.png,True,2279,Tigres UANL,https://media.api-sports.io/football/teams/2279.png,False,2,0,1,0,2,0,,,,
864152,L. Santander,UTC,2022-08-08T01:05:00+00:00,1659920700,1659920700,1659924300,7182.0,Estadio Azteca,D.F.,Match Finished,FT,90,,262,Liga MX,Mexico,https://media.api-sports.io/football/leagues/262.png,https://media.api-sports.io/flags/mx.svg,2022,Apertura - 7,True,2287,Club America,https://media.api-sports.io/football/teams/2287.png,True,2298,FC Juarez,https://media.api-sports.io/football/teams/2298.png,False,2,1,0,0,2,1,,,,
864157,E. Miranda,UTC,2022-08-12T02:00:00+00:00,1660269600,1660269600,1660273200,1084.0,Estadio La Corregidora,Santiago de Querétaro,Match Finished,FT,90,,262,Liga MX,Mexico,https://media.api-sports.io/football/leagues/262.png,https://media.api-sports.io/flags/mx.svg,2022,Apertura - 8,True,2290,Club Queretaro,https://media.api-sports.io/football/teams/2290.png,,2314,Atletico San Luis,https://media.api-sports.io/football/teams/2314.png,,1,1,0,0,1,1,,,,
864158,G. Pacheco,UTC,2022-08-13T02:00:00+00:00,1660356000,1660356000,1660359600,1080.0,Estadio Victoria de Aguascalientes,Aguascalientes,Match Finished,FT,90,,262,Liga MX,Mexico,https://media.api-sports.io/football/leagues/262.png,https://media.api-sports.io/flags/mx.svg,2022,Apertura - 8,True,2288,Necaxa,https://media.api-sports.io/football/teams/2288.png,False,2282,Monterrey,https://media.api-sports.io/football/teams/2282.png,True,1,2,1,0,1,2,,,,
864159,L. Santander,UTC,2022-08-13T02:05:00+00:00,1660356300,1660356300,1660359900,1088.0,Estadio Caliente,Tijuana,Match Finished,FT,90,,262,Liga MX,Mexico,https://media.api-sports.io/football/leagues/262.png,https://media.api-sports.io/flags/mx.svg,2022,Apertura - 8,True,2280,Club Tijuana,https://media.api-sports.io/football/teams/2280.png,,2291,Puebla,https://media.api-sports.io/football/teams/2291.png,,3,3,1,1,3,3,,,,
864161,E. Galván,UTC,2022-08-13T22:00:00+00:00,1660428000,1660428000,1660431600,,Estadio León,León de los Aldamas,Match Finished,FT,90,,262,Liga MX,Mexico,https://media.api-sports.io/football/leagues/262.png,https://media.api-sports.io/flags/mx.svg,2022,Apertura - 8,True,2289,Leon,https://media.api-sports.io/football/teams/2289.png,False,14002,Mazatlán,https://media.api-sports.io/football/teams/14002.png,True,0,3,0,3,0,3,,,,
864162,A. Escobedo,UTC,2022-08-14T00:05:00+00:00,1660435500,1660435500,1660439100,1083.0,Estadio Olímpico de Universitario,D.F.,Match Finished,FT,90,,262,Liga MX,Mexico,https://media.api-sports.io/football/leagues/262.png,https://media.api-sports.io/flags/mx.svg,2022,Apertura - 8,True,2286,U.N.A.M. - Pumas,https://media.api-sports.io/football/teams/2286.png,False,2287,Club America,https://media.api-sports.io/football/teams/2287.png,True,0,3,0,1,0,3,,,,
864163,M. Ortíz,UTC,2022-08-14T02:05:00+00:00,1660442700,1660442700,1660446300,1076.0,Estadio AKRON,Zapopan,Match Finished,FT,90,,262,Liga MX,Mexico,https://media.api-sports.io/football/leagues/262.png,https://media.api-sports.io/flags/mx.svg,2022,Apertura - 8,True,2278,Guadalajara Chivas,https://media.api-sports.io/football/teams/2278.png,,2283,Atlas,https://media.api-sports.io/football/teams/2283.png,,1,1,0,0,1,1,,,,
864164,F. Hernández,UTC,2022-08-14T22:00:00+00:00,1660514400,1660514400,1660518000,7182.0,Estadio Azteca,D.F.,Match Finished,FT,90,,262,Liga MX,Mexico,https://media.api-sports.io/football/leagues/262.png,https://media.api-sports.io/flags/mx.svg,2022,Apertura - 8,True,2295,Cruz Azul,https://media.api-sports.io/football/teams/2295.png,False,2281,Toluca,https://media.api-sports.io/football/teams/2281.png,True,2,3,1,2,2,3,,,,
864165,D. Montaño,UTC,2022-08-15T00:05:00+00:00,1660521900,1660521900,1660525500,1087.0,Estadio Universitario de Nuevo León,San Nicolás de los Garza,Match Finished,FT,90,,262,Liga MX,Mexico,https://media.api-sports.io/football/leagues/262.png,https://media.api-sports.io/flags/mx.svg,2022,Apertura - 8,True,2279,Tigres UANL,https://media.api-sports.io/football/teams/2279.png,True,2285,Santos Laguna,https://media.api-sports.io/football/teams/2285.png,False,2,0,1,0,2,0,,,,
864166,A. Escobedo,UTC,2022-08-17T00:00:00+00:00,1660694400,1660694400,1660698000,1071.0,Estadio Jalisco,Guadalajara,Match Finished,FT,90,,262,Liga MX,Mexico,https://media.api-sports.io/football/leagues/262.png,https://media.api-sports.io/flags/mx.svg,2022,Apertura - 9,True,2283,Atlas,https://media.api-sports.io/football/teams/2283.png,False,2298,FC Juarez,https://media.api-sports.io/football/teams/2298.png,True,0,1,0,0,0,1,,,,
864167,L. Santander,UTC,2022-08-17T01:00:00+00:00,1660698000,1660698000,1660701600,10546.0,Estadio de Mazatlán,Mazatlán,Match Finished,FT,90,,262,Liga MX,Mexico,https://media.api-sports.io/football/leagues/262.png,https://media.api-sports.io/flags/mx.svg,2022,Apertura - 9,True,14002,Mazatlán,https://media.api-sports.io/football/teams/14002.png,,2290,Club Queretaro,https://media.api-sports.io/football/teams/2290.png,,1,1,0,0,1,1,,,,
864168,F. Guerrero,UTC,2022-08-17T02:05:00+00:00,1660701900,1660701900,1660705500,1082.0,Estadio Cuauhtémoc,Puebla,Match Finished,FT,90,,262,Liga MX,Mexico,https://media.api-sports.io/football/leagues/262.png,https://media.api-sports.io/flags/mx.svg,2022,Apertura - 9,True,2291,Puebla,https://media.api-sports.io/football/teams/2291.png,,2288,Necaxa,https://media.api-sports.io/football/teams/2288.png,,2,2,1,0,2,2,,,,
864169,D. Quintero,UTC,2022-08-18T00:00:00+00:00,1660780800,1660780800,1660784400,1089.0,Estadio Nemesio Díez,Toluca de Lerdo,Match Finished,FT,90,,262,Liga MX,Mexico,https://media.api-sports.io/football/leagues/262.png,https://media.api-sports.io/flags/mx.svg,2022,Apertura - 9,True,2281,Toluca,https://media.api-sports.io/football/teams/2281.png,,2282,Monterrey,https://media.api-sports.io/football/teams/2282.png,,1,1,1,0,1,1,,,,
864171,C. Ramos,UTC,2022-08-18T02:05:00+00:00,1660788300,1660788300,1660791900,1081.0,Estadio Hidalgo,Pachuca de Soto,Match Finished,FT,90,,262,Liga MX,Mexico,https://media.api-sports.io/football/leagues/262.png,https://media.api-sports.io/flags/mx.svg,2022,Apertura - 9,True,2292,Pachuca,https://media.api-sports.io/football/teams/2292.png,False,2287,Club America,https://media.api-sports.io/football/teams/2287.png,True,0,3,0,1,0,3,,,,
864170,D. Montaño,UTC,2022-08-18T02:05:00+00:00,1660788300,1660788300,1660791900,7182.0,Estadio Azteca,D.F.,Match Finished,FT,90,,262,Liga MX,Mexico,https://media.api-sports.io/football/leagues/262.png,https://media.api-sports.io/flags/mx.svg,2022,Apertura - 9,True,2295,Cruz Azul,https://media.api-sports.io/football/teams/2295.png,False,2280,Club Tijuana,https://media.api-sports.io/football/teams/2280.png,True,1,2,1,1,1,2,,,,
864172,V. Cáceres,UTC,2022-08-19T00:05:00+00:00,1660867500,1660867500,1660871100,1085.0,Estadio Nuevo Corona,Torreón,Match Finished,FT,90,,262,Liga MX,Mexico,https://media.api-sports.io/football/leagues/262.png,https://media.api-sports.io/flags/mx.svg,2022,Apertura - 9,True,2285,Santos Laguna,https://media.api-sports.io/football/teams/2285.png,True,2289,Leon,https://media.api-sports.io/football/teams/2289.png,False,2,1,1,1,2,1,,,,
864173,Ó. Macías,UTC,2022-08-19T02:05:00+00:00,1660874700,1660874700,1660878300,1795.0,Estadio Alfonso Lastras Ramírez,San Luis Potosí,Match Finished,FT,90,,262,Liga MX,Mexico,https://media.api-sports.io/football/leagues/262.png,https://media.api-sports.io/flags/mx.svg,2022,Apertura - 9,True,2314,Atletico San Luis,https://media.api-sports.io/football/teams/2314.png,True,2286,U.N.A.M. - Pumas,https://media.api-sports.io/football/teams/2286.png,False,3,2,1,2,3,2,,,,
864175,Ó. Mejía,UTC,2022-08-20T00:00:00+00:00,1660953600,1660953600,1660957200,1080.0,Estadio Victoria de Aguascalientes,Aguascalientes,Match Finished,FT,90,,262,Liga MX,Mexico,https://media.api-sports.io/football/leagues/262.png,https://media.api-sports.io/flags/mx.svg,2022,Apertura - 10,True,2288,Necaxa,https://media.api-sports.io/football/teams/2288.png,False,2278,Guadalajara Chivas,https://media.api-sports.io/football/teams/2278.png,True,0,4,0,2,0,4,,,,
864177,G. Pacheco,UTC,2022-08-20T22:00:00+00:00,1661032800,1661032800,1661036400,1084.0,Estadio La Corregidora,Santiago de Querétaro,Match Finished,FT,90,,262,Liga MX,Mexico,https://media.api-sports.io/football/leagues/262.png,https://media.api-sports.io/flags/mx.svg,2022,Apertura - 10,True,2290,Club Queretaro,https://media.api-sports.io/football/teams/2290.png,True,2280,Club Tijuana,https://media.api-sports.io/football/teams/2280.png,False,2,0,1,0,2,0,,,,
864179,F. Guerrero,UTC,2022-08-21T00:05:00+00:00,1661040300,1661040300,1661043900,11905.0,Estadio BBVA,Guadalupe,Match Finished,FT,90,,262,Liga MX,Mexico,https://media.api-sports.io/football/leagues/262.png,https://media.api-sports.io/flags/mx.svg,2022,Apertura - 10,True,2282,Monterrey,https://media.api-sports.io/football/teams/2282.png,,2279,Tigres UANL,https://media.api-sports.io/football/teams/2279.png,,0,0,0,0,0,0,,,,
864178,C. Ramos,UTC,2022-08-21T00:05:00+00:00,1661040300,1661040300,1661043900,1071.0,Estadio Jalisco,Guadalajara,Match Finished,FT,90,,262,Liga MX,Mexico,https://media.api-sports.io/football/leagues/262.png,https://media.api-sports.io/flags/mx.svg,2022,Apertura - 10,True,2283,Atlas,https://media.api-sports.io/football/teams/2283.png,,2291,Puebla,https://media.api-sports.io/football/teams/2291.png,,1,1,1,1,1,1,,,,
864180,L. Santander,UTC,2022-08-21T02:05:00+00:00,1661047500,1661047500,1661051100,7182.0,Estadio Azteca,D.F.,Match Finished,FT,90,,262,Liga MX,Mexico,https://media.api-sports.io/football/leagues/262.png,https://media.api-sports.io/flags/mx.svg,2022,Apertura - 10,True,2287,Club America,https://media.api-sports.io/football/teams/2287.png,True,2295,Cruz Azul,https://media.api-sports.io/football/teams/2295.png,False,7,0,3,0,7,0,,,,
864176,D. Quintero,UTC,2022-08-21T02:05:00+00:00,1661047500,1661047500,1661051100,1845.0,Estadio Olímpico Benito Juárez,Ciudad Juárez,Match Finished,FT,90,,262,Liga MX,Mexico,https://media.api-sports.io/football/leagues/262.png,https://media.api-sports.io/flags/mx.svg,2022,Apertura - 10,True,2298,FC Juarez,https://media.api-sports.io/football/teams/2298.png,,14002,Mazatlán,https://media.api-sports.io/football/teams/14002.png,,1,1,0,1,1,1,,,,
864181,M. Ortíz,UTC,2022-08-21T17:00:00+00:00,1661101200,1661101200,1661104800,1083.0,Estadio Olímpico de Universitario,D.F.,Match Finished,FT,90,,262,Liga MX,Mexico,https://media.api-sports.io/football/leagues/262.png,https://media.api-sports.io/flags/mx.svg,2022,Apertura - 10,True,2286,U.N.A.M. - Pumas,https://media.api-sports.io/football/teams/2286.png,False,2285,Santos Laguna,https://media.api-sports.io/football/teams/2285.png,True,1,5,0,3,1,5,,,,
864182,D. Montaño,UTC,2022-08-21T22:00:00+00:00,1661119200,1661119200,1661122800,1795.0,Estadio Alfonso Lastras Ramírez,San Luis Potosí,Match Finished,FT,90,,262,Liga MX,Mexico,https://media.api-sports.io/football/leagues/262.png,https://media.api-sports.io/flags/mx.svg,2022,Apertura - 10,True,2314,Atletico San Luis,https://media.api-sports.io/football/teams/2314.png,True,2281,Toluca,https://media.api-sports.io/football/teams/2281.png,False,1,0,1,0,1,0,,,,
864183,I. Lopez,UTC,2022-08-22T00:05:00+00:00,1661126700,1661126700,1661130300,1081.0,Estadio Hidalgo,Pachuca de Soto,Match Finished,FT,90,,262,Liga MX,Mexico,https://media.api-sports.io/football/leagues/262.png,https://media.api-sports.io/flags/mx.svg,2022,Apertura - 10,True,2292,Pachuca,https://media.api-sports.io/football/teams/2292.png,True,2289,Leon,https://media.api-sports.io/football/teams/2289.png,False,1,0,0,0,1,0,,,,
864231,L. Santander,UTC,2022-08-24T00:05:00+00:00,1661299500,1661299500,1661303100,1076.0,Estadio AKRON,Zapopan,Match Finished,FT,90,,262,Liga MX,Mexico,https://media.api-sports.io/football/leagues/262.png,https://media.api-sports.io/flags/mx.svg,2022,Apertura - 16,True,2278,Guadalajara Chivas,https://media.api-sports.io/football/teams/2278.png,True,2282,Monterrey,https://media.api-sports.io/football/teams/2282.png,False,1,0,0,0,1,0,,,,
864232,V. Cáceres,UTC,2022-08-24T02:05:00+00:00,1661306700,1661306700,1661310300,1084.0,Estadio La Corregidora,Santiago de Querétaro,Match Finished,FT,90,,262,Liga MX,Mexico,https://media.api-sports.io/football/leagues/262.png,https://media.api-sports.io/flags/mx.svg,2022,Apertura - 16,True,2290,Club Queretaro,https://media.api-sports.io/football/teams/2290.png,False,2287,Club America,https://media.api-sports.io/football/teams/2287.png,True,0,1,0,0,0,1,,,,
864234,Ó. Mejía,UTC,2022-08-25T02:05:00+00:00,1661393100,1661393100,1661396700,1083.0,Estadio Olímpico de Universitario,D.F.,Match Finished,FT,90,,262,Liga MX,Mexico,https://media.api-sports.io/football/leagues/262.png,https://media.api-sports.io/flags/mx.svg,2022,Apertura - 16,True,2286,U.N.A.M. - Pumas,https://media.api-sports.io/football/teams/2286.png,,2279,Tigres UANL,https://media.api-sports.io/football/teams/2279.png,,1,1,0,0,1,1,,,,
864235,F. Guerrero,UTC,2022-08-26T00:05:00+00:00,1661472300,1661472300,1661475900,1081.0,Estadio Hidalgo,Pachuca de Soto,Match Finished,FT,90,,262,Liga MX,Mexico,https://media.api-sports.io/football/leagues/262.png,https://media.api-sports.io/flags/mx.svg,2022,Apertura - 16,True,2292,Pachuca,https://media.api-sports.io/football/teams/2292.png,True,2283,Atlas,https://media.api-sports.io/football/teams/2283.png,False,3,1,0,0,3,1,,,,
864236,A. Escobedo,UTC,2022-08-26T02:05:00+00:00,1661479500,1661479500,1661483100,1088.0,Estadio Caliente,Tijuana,Match Finished,FT,90,,262,Liga MX,Mexico,https://media.api-sports.io/football/leagues/262.png,https://media.api-sports.io/flags/mx.svg,2022,Apertura - 16,True,2280,Club Tijuana,https://media.api-sports.io/football/teams/2280.png,False,2285,Santos Laguna,https://media.api-sports.io/football/teams/2285.png,True,0,2,0,0,0,2,,,,
864184,M. Ortíz,UTC,2022-08-27T00:00:00+00:00,1661558400,1661558400,1661562000,1082.0,Estadio Cuauhtémoc,Puebla,Match Finished,FT,90,,262,Liga MX,Mexico,https://media.api-sports.io/football/leagues/262.png,https://media.api-sports.io/flags/mx.svg,2022,Apertura - 11,True,2291,Puebla,https://media.api-sports.io/football/teams/2291.png,,2298,FC Juarez,https://media.api-sports.io/football/teams/2298.png,,2,2,1,1,2,2,,,,
864185,E. Miranda,UTC,2022-08-27T02:05:00+00:00,1661565900,1661565900,1661569500,10546.0,Estadio de Mazatlán,Mazatlán,Match Finished,FT,90,,262,Liga MX,Mexico,https://media.api-sports.io/football/leagues/262.png,https://media.api-sports.io/flags/mx.svg,2022,Apertura - 11,True,14002,Mazatlán,https://media.api-sports.io/football/teams/14002.png,False,2287,Club America,https://media.api-sports.io/football/teams/2287.png,True,1,3,1,2,1,3,,,,
864186,D. Quintero,UTC,2022-08-27T22:00:00+00:00,1661637600,1661637600,1661641200,7182.0,Estadio Azteca,D.F.,Match Finished,FT,90,,262,Liga MX,Mexico,https://media.api-sports.io/football/leagues/262.png,https://media.api-sports.io/flags/mx.svg,2022,Apertura - 11,True,2295,Cruz Azul,https://media.api-sports.io/football/teams/2295.png,True,2290,Club Queretaro,https://media.api-sports.io/football/teams/2290.png,False,2,1,1,0,2,1,,,,
864187,F. Hernández,UTC,2022-08-28T00:05:00+00:00,1661645100,1661645100,1661648700,1087.0,Estadio Universitario de Nuevo León,San Nicolás de los Garza,Match Finished,FT,90,,262,Liga MX,Mexico,https://media.api-sports.io/football/leagues/262.png,https://media.api-sports.io/flags/mx.svg,2022,Apertura - 11,True,2279,Tigres UANL,https://media.api-sports.io/football/teams/2279.png,,2288,Necaxa,https://media.api-sports.io/football/teams/2288.png,,0,0,0,0,0,0,,,,
864188,D. Montaño,UTC,2022-08-28T02:05:00+00:00,1661652300,1661652300,1661655900,1076.0,Estadio AKRON,Zapopan,Match Finished,FT,90,,262,Liga MX,Mexico,https://media.api-sports.io/football/leagues/262.png,https://media.api-sports.io/flags/mx.svg,2022,Apertura - 11,True,2278,Guadalajara Chivas,https://media.api-sports.io/football/teams/2278.png,True,2286,U.N.A.M. - Pumas,https://media.api-sports.io/football/teams/2286.png,False,3,1,3,1,3,1,,,,
864189,G. Pacheco,UTC,2022-08-28T17:00:00+00:00,1661706000,1661706000,1661709600,1089.0,Estadio Nemesio Díez,Toluca de Lerdo,Match Finished,FT,90,,262,Liga MX,Mexico,https://media.api-sports.io/football/leagues/262.png,https://media.api-sports.io/flags/mx.svg,2022,Apertura - 11,True,2281,Toluca,https://media.api-sports.io/football/teams/2281.png,False,2292,Pachuca,https://media.api-sports.io/football/teams/2292.png,True,1,4,0,2,1,4,,,,
864191,Ó. Macías,UTC,2022-08-29T00:00:00+00:00,1661731200,1661731200,1661734800,,Estadio León,León de los Aldamas,Match Finished,FT,90,,262,Liga MX,Mexico,https://media.api-sports.io/football/leagues/262.png,https://media.api-sports.io/flags/mx.svg,2022,Apertura - 11,True,2289,Leon,https://media.api-sports.io/football/teams/2289.png,True,2283,Atlas,https://media.api-sports.io/football/teams/2283.png,False,4,2,1,1,4,2,,,,
864190,F. Guerrero,UTC,2022-08-29T00:05:00+00:00,1661731500,1661731500,1661735100,1085.0,Estadio Nuevo Corona,Torreón,Match Finished,FT,90,,262,Liga MX,Mexico,https://media.api-sports.io/football/leagues/262.png,https://media.api-sports.io/flags/mx.svg,2022,Apertura - 11,True,2285,Santos Laguna,https://media.api-sports.io/football/teams/2285.png,True,2314,Atletico San Luis,https://media.api-sports.io/football/teams/2314.png,False,4,1,1,0,4,1,,,,
864192,B. González,UTC,2022-08-29T02:05:00+00:00,1661738700,1661738700,1661742300,1088.0,Estadio Caliente,Tijuana,Match Finished,FT,90,,262,Liga MX,Mexico,https://media.api-sports.io/football/leagues/262.png,https://media.api-sports.io/flags/mx.svg,2022,Apertura - 11,True,2280,Club Tijuana,https://media.api-sports.io/football/teams/2280.png,False,2282,Monterrey,https://media.api-sports.io/football/teams/2282.png,True,0,3,0,0,0,3,,,,
864193,D. Quintero,UTC,2022-09-02T00:00:00+00:00,1662076800,1662076800,1662080400,1795.0,Estadio Alfonso Lastras Ramírez,San Luis Potosí,Match Finished,FT,90,,262,Liga MX,Mexico,https://media.api-sports.io/football/leagues/262.png,https://media.api-sports.io/flags/mx.svg,2022,Apertura - 12,True,2314,Atletico San Luis,https://media.api-sports.io/football/teams/2314.png,,2280,Club Tijuana,https://media.api-sports.io/football/teams/2280.png,,0,0,0,0,0,0,,,,
864194,I. Lopez,UTC,2022-09-02T02:05:00+00:00,1662084300,1662084300,1662087900,1084.0,Estadio La Corregidora,Santiago de Querétaro,Match Finished,FT,90,,262,Liga MX,Mexico,https://media.api-sports.io/football/leagues/262.png,https://media.api-sports.io/flags/mx.svg,2022,Apertura - 12,True,2290,Club Queretaro,https://media.api-sports.io/football/teams/2290.png,,2291,Puebla,https://media.api-sports.io/football/teams/2291.png,,1,1,1,0,1,1,,,,
864195,M. Ortíz,UTC,2022-09-03T00:00:00+00:00,1662163200,1662163200,1662166800,1080.0,Estadio Victoria de Aguascalientes,Aguascalientes,Match Finished,FT,90,,262,Liga MX,Mexico,https://media.api-sports.io/football/leagues/262.png,https://media.api-sports.io/flags/mx.svg,2022,Apertura - 12,True,2288,Necaxa,https://media.api-sports.io/football/teams/2288.png,True,2289,Leon,https://media.api-sports.io/football/teams/2289.png,False,3,2,3,0,3,2,,,,
864196,B. González,UTC,2022-09-03T02:05:00+00:00,1662170700,1662170700,1662174300,1845.0,Estadio Olímpico Benito Juárez,Ciudad Juárez,Match Finished,FT,90,,262,Liga MX,Mexico,https://media.api-sports.io/football/leagues/262.png,https://media.api-sports.io/flags/mx.svg,2022,Apertura - 12,True,2298,FC Juarez,https://media.api-sports.io/football/teams/2298.png,,2295,Cruz Azul,https://media.api-sports.io/football/teams/2295.png,,2,2,0,2,2,2,,,,
864197,F. Hernández,UTC,2022-09-03T22:05:00+00:00,1662242700,1662242700,1662246300,1081.0,Estadio Hidalgo,Pachuca de Soto,Match Finished,FT,90,,262,Liga MX,Mexico,https://media.api-sports.io/football/leagues/262.png,https://media.api-sports.io/flags/mx.svg,2022,Apertura - 12,True,2292,Pachuca,https://media.api-sports.io/football/teams/2292.png,True,2285,Santos Laguna,https://media.api-sports.io/football/teams/2285.png,False,2,0,0,0,2,0,,,,
864198,V. Cáceres,UTC,2022-09-04T00:05:00+00:00,1662249900,1662249900,1662253500,11905.0,Estadio BBVA,Guadalupe,Match Finished,FT,90,,262,Liga MX,Mexico,https://media.api-sports.io/football/leagues/262.png,https://media.api-sports.io/flags/mx.svg,2022,Apertura - 12,True,2282,Monterrey,https://media.api-sports.io/football/teams/2282.png,,14002,Mazatlán,https://media.api-sports.io/football/teams/14002.png,,0,0,0,0,0,0,,,,
864199,L. Santander,UTC,2022-09-04T00:05:00+00:00,1662249900,1662249900,1662253500,1071.0,Estadio Jalisco,Guadalajara,Match Finished,FT,90,,262,Liga MX,Mexico,https://media.api-sports.io/football/leagues/262.png,https://media.api-sports.io/flags/mx.svg,2022,Apertura - 12,True,2283,Atlas,https://media.api-sports.io/football/teams/2283.png,,2286,U.N.A.M. - Pumas,https://media.api-sports.io/football/teams/2286.png,,0,0,0,0,0,0,,,,
864200,D. Montaño,UTC,2022-09-04T02:05:00+00:00,1662257100,1662257100,1662260700,7182.0,Estadio Azteca,D.F.,Match Finished,FT,90,,262,Liga MX,Mexico,https://media.api-sports.io/football/leagues/262.png,https://media.api-sports.io/flags/mx.svg,2022,Apertura - 12,True,2287,Club America,https://media.api-sports.io/football/teams/2287.png,True,2279,Tigres UANL,https://media.api-sports.io/football/teams/2279.png,False,2,1,2,1,2,1,,,,
864201,C. Ramos,UTC,2022-09-04T22:00:00+00:00,1662328800,1662328800,1662332400,1089.0,Estadio Nemesio Díez,Toluca de Lerdo,Match Finished,FT,90,,262,Liga MX,Mexico,https://media.api-sports.io/football/leagues/262.png,https://media.api-sports.io/flags/mx.svg,2022,Apertura - 12,True,2281,Toluca,https://media.api-sports.io/football/teams/2281.png,,2278,Guadalajara Chivas,https://media.api-sports.io/football/teams/2278.png,,0,0,0,0,0,0,,,,
864202,J. Camacho,UTC,2022-09-07T00:00:00+00:00,1662508800,1662508800,1662512400,,Estadio León,León de los Aldamas,Match Finished,FT,90,,262,Liga MX,Mexico,https://media.api-sports.io/football/leagues/262.png,https://media.api-sports.io/flags/mx.svg,2022,Apertura - 13,True,2289,Leon,https://media.api-sports.io/football/teams/2289.png,True,2298,FC Juarez,https://media.api-sports.io/football/teams/2298.png,False,1,0,0,0,1,0,,,,
864203,D. Quintero,UTC,2022-09-07T00:05:00+00:00,1662509100,1662509100,1662512700,1085.0,Estadio Nuevo Corona,Torreón,Match Finished,FT,90,,262,Liga MX,Mexico,https://media.api-sports.io/football/leagues/262.png,https://media.api-sports.io/flags/mx.svg,2022,Apertura - 13,True,2285,Santos Laguna,https://media.api-sports.io/football/teams/2285.png,True,2288,Necaxa,https://media.api-sports.io/football/teams/2288.png,False,3,1,1,0,3,1,,,,
864204,Ó. Mejía,UTC,2022-09-07T02:05:00+00:00,1662516300,1662516300,1662519900,11905.0,Estadio BBVA,Guadalupe,Match Finished,FT,90,,262,Liga MX,Mexico,https://media.api-sports.io/football/leagues/262.png,https://media.api-sports.io/flags/mx.svg,2022,Apertura - 13,True,2282,Monterrey,https://media.api-sports.io/football/teams/2282.png,True,2295,Cruz Azul,https://media.api-sports.io/football/teams/2295.png,False,3,2,2,1,3,2,,,,
864205,V. Cáceres,UTC,2022-09-07T02:05:00+00:00,1662516300,1662516300,1662519900,7182.0,Estadio Azteca,D.F.,Match Finished,FT,90,,262,Liga MX,Mexico,https://media.api-sports.io/football/leagues/262.png,https://media.api-sports.io/flags/mx.svg,2022,Apertura - 13,True,2287,Club America,https://media.api-sports.io/football/teams/2287.png,True,2314,Atletico San Luis,https://media.api-sports.io/football/teams/2314.png,False,3,0,1,0,3,0,,,,
864207,M. Ortíz,UTC,2022-09-08T00:00:00+00:00,1662595200,1662595200,1662598800,1087.0,Estadio Universitario de Nuevo León,San Nicolás de los Garza,Match Finished,FT,90,,262,Liga MX,Mexico,https://media.api-sports.io/football/leagues/262.png,https://media.api-sports.io/flags/mx.svg,2022,Apertura - 13,True,2279,Tigres UANL,https://media.api-sports.io/football/teams/2279.png,True,2281,Toluca,https://media.api-sports.io/football/teams/2281.png,False,3,1,1,0,3,1,,,,
864206,A. Escobedo,UTC,2022-09-08T00:00:00+00:00,1662595200,1662595200,1662598800,1082.0,Estadio Cuauhtémoc,Puebla,Match Finished,FT,90,,262,Liga MX,Mexico,https://media.api-sports.io/football/leagues/262.png,https://media.api-sports.io/flags/mx.svg,2022,Apertura - 13,True,2291,Puebla,https://media.api-sports.io/football/teams/2291.png,,2292,Pachuca,https://media.api-sports.io/football/teams/2292.png,,2,2,1,0,2,2,,,,
864210,F. Hernández,UTC,2022-09-08T02:00:00+00:00,1662602400,1662602400,1662606000,10546.0,Estadio de Mazatlán,Mazatlán,Match Finished,FT,90,,262,Liga MX,Mexico,https://media.api-sports.io/football/leagues/262.png,https://media.api-sports.io/flags/mx.svg,2022,Apertura - 13,True,14002,Mazatlán,https://media.api-sports.io/football/teams/14002.png,True,2283,Atlas,https://media.api-sports.io/football/teams/2283.png,False,1,0,1,0,1,0,,,,
864209,G. Pacheco,UTC,2022-09-08T02:05:00+00:00,1662602700,1662602700,1662606300,1088.0,Estadio Caliente,Tijuana,Match Finished,FT,90,,262,Liga MX,Mexico,https://media.api-sports.io/football/leagues/262.png,https://media.api-sports.io/flags/mx.svg,2022,Apertura - 13,True,2280,Club Tijuana,https://media.api-sports.io/football/teams/2280.png,False,2278,Guadalajara Chivas,https://media.api-sports.io/football/teams/2278.png,True,1,2,0,0,1,2,,,,
864208,C. Ramos,UTC,2022-09-08T02:05:00+00:00,1662602700,1662602700,1662606300,1083.0,Estadio Olímpico de Universitario,D.F.,Match Finished,FT,90,,262,Liga MX,Mexico,https://media.api-sports.io/football/leagues/262.png,https://media.api-sports.io/flags/mx.svg,2022,Apertura - 13,True,2286,U.N.A.M. - Pumas,https://media.api-sports.io/football/teams/2286.png,True,2290,Club Queretaro,https://media.api-sports.io/football/teams/2290.png,False,4,1,1,1,4,1,,,,
864212,D. Montaño,UTC,2022-09-10T02:05:00+00:00,1662775500,1662775500,1662779100,1845.0,Estadio Olímpico Benito Juárez,Ciudad Juárez,Match Finished,FT,90,,262,Liga MX,Mexico,https://media.api-sports.io/football/leagues/262.png,https://media.api-sports.io/flags/mx.svg,2022,Apertura - 14,True,2298,FC Juarez,https://media.api-sports.io/football/teams/2298.png,False,2282,Monterrey,https://media.api-sports.io/football/teams/2282.png,True,0,1,0,0,0,1,,,,
864213,L. Santander,UTC,2022-09-10T22:00:00+00:00,1662847200,1662847200,1662850800,1084.0,Estadio La Corregidora,Santiago de Querétaro,Match Finished,FT,90,,262,Liga MX,Mexico,https://media.api-sports.io/football/leagues/262.png,https://media.api-sports.io/flags/mx.svg,2022,Apertura - 14,True,2290,Club Queretaro,https://media.api-sports.io/football/teams/2290.png,,2285,Santos Laguna,https://media.api-sports.io/football/teams/2285.png,,3,3,2,1,3,3,,,,
864211,F. Guerrero,UTC,2022-09-11T00:00:00+00:00,1662854400,1662854400,1662858000,1080.0,Estadio Victoria de Aguascalientes,Aguascalientes,Match Finished,FT,90,,262,Liga MX,Mexico,https://media.api-sports.io/football/leagues/262.png,https://media.api-sports.io/flags/mx.svg,2022,Apertura - 14,True,2288,Necaxa,https://media.api-sports.io/football/teams/2288.png,False,2287,Club America,https://media.api-sports.io/football/teams/2287.png,True,1,2,1,0,1,2,,,,
864214,A. Escobedo,UTC,2022-09-11T00:05:00+00:00,1662854700,1662854700,1662858300,1087.0,Estadio Universitario de Nuevo León,San Nicolás de los Garza,Match Finished,FT,90,,262,Liga MX,Mexico,https://media.api-sports.io/football/leagues/262.png,https://media.api-sports.io/flags/mx.svg,2022,Apertura - 14,True,2279,Tigres UANL,https://media.api-sports.io/football/teams/2279.png,False,2289,Leon,https://media.api-sports.io/football/teams/2289.png,True,0,1,0,1,0,1,,,,
864216,D. Quintero,UTC,2022-09-11T02:05:00+00:00,1662861900,1662861900,1662865500,1076.0,Estadio AKRON,Zapopan,Match Finished,FT,90,,262,Liga MX,Mexico,https://media.api-sports.io/football/leagues/262.png,https://media.api-sports.io/flags/mx.svg,2022,Apertura - 14,True,2278,Guadalajara Chivas,https://media.api-sports.io/football/teams/2278.png,True,2291,Puebla,https://media.api-sports.io/football/teams/2291.png,False,1,0,0,0,1,0,,,,
864215,F. Hernández,UTC,2022-09-11T02:05:00+00:00,1662861900,1662861900,1662865500,1089.0,Estadio Nemesio Díez,Toluca de Lerdo,Match Finished,FT,90,,262,Liga MX,Mexico,https://media.api-sports.io/football/leagues/262.png,https://media.api-sports.io/flags/mx.svg,2022,Apertura - 14,True,2281,Toluca,https://media.api-sports.io/football/teams/2281.png,,2286,U.N.A.M. - Pumas,https://media.api-sports.io/football/teams/2286.png,,2,2,0,1,2,2,,,,
864217,C. Ramos,UTC,2022-09-11T21:00:00+00:00,1662930000,1662930000,1662933600,7182.0,Estadio Azteca,D.F.,Match Finished,FT,90,,262,Liga MX,Mexico,https://media.api-sports.io/football/leagues/262.png,https://media.api-sports.io/flags/mx.svg,2022,Apertura - 14,True,2295,Cruz Azul,https://media.api-sports.io/football/teams/2295.png,True,14002,Mazatlán,https://media.api-sports.io/football/teams/14002.png,False,2,0,2,0,2,0,,,,
864218,Ó. Mejía,UTC,2022-09-11T23:05:00+00:00,1662937500,1662937500,1662941100,1071.0,Estadio Jalisco,Guadalajara,Match Finished,FT,90,,262,Liga MX,Mexico,https://media.api-sports.io/football/leagues/262.png,https://media.api-sports.io/flags/mx.svg,2022,Apertura - 14,True,2283,Atlas,https://media.api-sports.io/football/teams/2283.png,False,2314,Atletico San Luis,https://media.api-sports.io/football/teams/2314.png,True,1,3,1,0,1,3,,,,
864219,Ó. Macías,UTC,2022-09-12T01:05:00+00:00,1662944700,1662944700,1662948300,1081.0,Estadio Hidalgo,Pachuca de Soto,Match Finished,FT,90,,262,Liga MX,Mexico,https://media.api-sports.io/football/leagues/262.png,https://media.api-sports.io/flags/mx.svg,2022,Apertura - 14,True,2292,Pachuca,https://media.api-sports.io/football/teams/2292.png,True,2280,Club Tijuana,https://media.api-sports.io/football/teams/2280.png,False,6,1,2,0,6,1,,,,
864174,F. Guerrero,UTC,2022-09-14T02:05:00+00:00,1663121100,1663121100,1663124700,1076.0,Estadio AKRON,Zapopan,Match Finished,FT,90,,262,Liga MX,Mexico,https://media.api-sports.io/football/leagues/262.png,https://media.api-sports.io/flags/mx.svg,2022,Apertura - 9,True,2278,Guadalajara Chivas,https://media.api-sports.io/football/teams/2278.png,False,2279,Tigres UANL,https://media.api-sports.io/football/teams/2279.png,True,1,4,0,2,1,4,,,,
864138,F. Hernández,UTC,2022-09-15T02:05:00+00:00,1663207500,1663207500,1663211100,7182.0,Estadio Azteca,D.F.,Match Finished,FT,90,,262,Liga MX,Mexico,https://media.api-sports.io/football/leagues/262.png,https://media.api-sports.io/flags/mx.svg,2022,Apertura - 5,True,2287,Club America,https://media.api-sports.io/football/teams/2287.png,,2285,Santos Laguna,https://media.api-sports.io/football/teams/2285.png,,3,3,1,2,3,3,,,,
864160,V. Cáceres,UTC,2022-09-15T02:05:00+00:00,1663207500,1663207500,1663211100,1845.0,Estadio Olímpico Benito Juárez,Ciudad Juárez,Match Finished,FT,90,,262,Liga MX,Mexico,https://media.api-sports.io/football/leagues/262.png,https://media.api-sports.io/flags/mx.svg,2022,Apertura - 8,True,2298,FC Juarez,https://media.api-sports.io/football/teams/2298.png,True,2292,Pachuca,https://media.api-sports.io/football/teams/2292.png,False,2,1,2,1,2,1,,,,
864233,M. Ortíz,UTC,2022-09-16T00:00:00+00:00,1663286400,1663286400,1663290000,7182.0,Estadio Azteca,D.F.,Match Finished,FT,90,,262,Liga MX,Mexico,https://media.api-sports.io/football/leagues/262.png,https://media.api-sports.io/flags/mx.svg,2022,Apertura - 16,True,2295,Cruz Azul,https://media.api-sports.io/football/teams/2295.png,True,2289,Leon,https://media.api-sports.io/football/teams/2289.png,False,2,1,0,0,2,1,,,,
864220,C. Ramos,UTC,2022-09-17T00:00:00+00:00,1663372800,1663372800,1663376400,1082.0,Estadio Cuauhtémoc,Puebla,Match Finished,FT,90,,262,Liga MX,Mexico,https://media.api-sports.io/football/leagues/262.png,https://media.api-sports.io/flags/mx.svg,2022,Apertura - 15,True,2291,Puebla,https://media.api-sports.io/football/teams/2291.png,True,2279,Tigres UANL,https://media.api-sports.io/football/teams/2279.png,False,2,1,2,1,2,1,,,,
864221,D. Quintero,UTC,2022-09-17T02:00:00+00:00,1663380000,1663380000,1663383600,10546.0,Estadio de Mazatlán,Mazatlán,Match Finished,FT,90,,262,Liga MX,Mexico,https://media.api-sports.io/football/leagues/262.png,https://media.api-sports.io/flags/mx.svg,2022,Apertura - 15,True,14002,Mazatlán,https://media.api-sports.io/football/teams/14002.png,,2281,Toluca,https://media.api-sports.io/football/teams/2281.png,,1,1,1,0,1,1,,,,
864223,M. Ortíz,UTC,2022-09-18T00:05:00+00:00,1663459500,1663459500,1663463100,11905.0,Estadio BBVA,Guadalupe,Match Finished,FT,90,,262,Liga MX,Mexico,https://media.api-sports.io/football/leagues/262.png,https://media.api-sports.io/flags/mx.svg,2022,Apertura - 15,True,2282,Monterrey,https://media.api-sports.io/football/teams/2282.png,True,2283,Atlas,https://media.api-sports.io/football/teams/2283.png,False,2,0,0,0,2,0,,,,
864224,A. Escobedo,UTC,2022-09-18T01:00:00+00:00,1663462800,1663462800,1663466400,7182.0,Estadio Azteca,D.F.,Match Finished,FT,90,,262,Liga MX,Mexico,https://media.api-sports.io/football/leagues/262.png,https://media.api-sports.io/flags/mx.svg,2022,Apertura - 15,True,2287,Club America,https://media.api-sports.io/football/teams/2287.png,True,2278,Guadalajara Chivas,https://media.api-sports.io/football/teams/2278.png,False,2,1,1,0,2,1,,,,
864225,F. Guerrero,UTC,2022-09-18T22:00:00+00:00,1663538400,1663538400,1663542000,1083.0,Estadio Olímpico de Universitario,D.F.,Match Finished,FT,90,,262,Liga MX,Mexico,https://media.api-sports.io/football/leagues/262.png,https://media.api-sports.io/flags/mx.svg,2022,Apertura - 15,True,2286,U.N.A.M. - Pumas,https://media.api-sports.io/football/teams/2286.png,False,2295,Cruz Azul,https://media.api-sports.io/football/teams/2295.png,True,1,2,0,2,1,2,,,,
864226,Ó. Macías,UTC,2022-09-19T00:05:00+00:00,1663545900,1663545900,1663549500,1085.0,Estadio Nuevo Corona,Torreón,Match Finished,FT,90,,262,Liga MX,Mexico,https://media.api-sports.io/football/leagues/262.png,https://media.api-sports.io/flags/mx.svg,2022,Apertura - 15,True,2285,Santos Laguna,https://media.api-sports.io/football/teams/2285.png,True,2298,FC Juarez,https://media.api-sports.io/football/teams/2298.png,False,2,0,1,0,2,0,,,,
864227,Ó. Mejía,UTC,2022-09-19T00:05:00+00:00,1663545900,1663545900,1663549500,,Estadio León,León de los Aldamas,Match Finished,FT,90,,262,Liga MX,Mexico,https://media.api-sports.io/football/leagues/262.png,https://media.api-sports.io/flags/mx.svg,2022,Apertura - 15,True,2289,Leon,https://media.api-sports.io/football/teams/2289.png,True,2290,Club Queretaro,https://media.api-sports.io/football/teams/2290.png,False,3,1,2,1,3,1,,,,
864222,L. Santander,UTC,2022-09-19T02:00:00+00:00,1663552800,1663552800,1663556400,1795.0,Estadio Alfonso Lastras Ramírez,San Luis Potosí,Match Finished,FT,90,,262,Liga MX,Mexico,https://media.api-sports.io/football/leagues/262.png,https://media.api-sports.io/flags/mx.svg,2022,Apertura - 15,True,2314,Atletico San Luis,https://media.api-sports.io/football/teams/2314.png,False,2292,Pachuca,https://media.api-sports.io/football/teams/2292.png,True,1,2,1,1,1,2,,,,
864228,D. Montaño,UTC,2022-09-19T02:05:00+00:00,1663553100,1663553100,1663556700,1088.0,Estadio Caliente,Tijuana,Match Finished,FT,90,,262,Liga MX,Mexico,https://media.api-sports.io/football/leagues/262.png,https://media.api-sports.io/flags/mx.svg,2022,Apertura - 15,True,2280,Club Tijuana,https://media.api-sports.io/football/teams/2280.png,,2288,Necaxa,https://media.api-sports.io/football/teams/2288.png,,1,1,1,1,1,1,,,,
864237,F. Hernández,UTC,2022-09-24T00:00:00+00:00,1663977600,1663977600,1663981200,1080.0,Estadio Victoria de Aguascalientes,Aguascalientes,Match Finished,FT,90,,262,Liga MX,Mexico,https://media.api-sports.io/football/leagues/262.png,https://media.api-sports.io/flags/mx.svg,2022,Apertura - 16,True,2288,Necaxa,https://media.api-sports.io/football/teams/2288.png,,14002,Mazatlán,https://media.api-sports.io/football/teams/14002.png,,2,2,1,2,2,2,,,,
864149,A. Escobedo,UTC,2022-09-24T02:05:00+00:00,1663985100,1663985100,1663988700,1082.0,Estadio Cuauhtémoc,Puebla,Match Finished,FT,90,,262,Liga MX,Mexico,https://media.api-sports.io/football/leagues/262.png,https://media.api-sports.io/flags/mx.svg,2022,Apertura - 7,True,2291,Puebla,https://media.api-sports.io/football/teams/2291.png,True,2286,U.N.A.M. - Pumas,https://media.api-sports.io/football/teams/2286.png,False,2,1,2,0,2,1,,,,
864238,M. Ortíz,UTC,2022-10-01T00:00:00+00:00,1664582400,1664582400,1664586000,1082.0,Estadio Cuauhtémoc,Puebla,Match Finished,FT,90,,262,Liga MX,Mexico,https://media.api-sports.io/football/leagues/262.png,https://media.api-sports.io/flags/mx.svg,2022,Apertura - 17,True,2291,Puebla,https://media.api-sports.io/football/teams/2291.png,False,2287,Club America,https://media.api-sports.io/football/teams/2287.png,True,1,2,0,1,1,2,,,,
864239,D. Quintero,UTC,2022-10-01T02:00:00+00:00,1664589600,1664589600,1664593200,1845.0,Estadio Olímpico Benito Juárez,Ciudad Juárez,Match Finished,FT,90,,262,Liga MX,Mexico,https://media.api-sports.io/football/leagues/262.png,https://media.api-sports.io/flags/mx.svg,2022,Apertura - 17,True,2298,FC Juarez,https://media.api-sports.io/football/teams/2298.png,True,2286,U.N.A.M. - Pumas,https://media.api-sports.io/football/teams/2286.png,False,3,1,2,1,3,1,,,,
864240,Ó. Mejía,UTC,2022-10-01T22:00:00+00:00,1664661600,1664661600,1664665200,1795.0,Estadio Alfonso Lastras Ramírez,San Luis Potosí,Match Finished,FT,90,,262,Liga MX,Mexico,https://media.api-sports.io/football/leagues/262.png,https://media.api-sports.io/flags/mx.svg,2022,Apertura - 17,True,2314,Atletico San Luis,https://media.api-sports.io/football/teams/2314.png,False,2279,Tigres UANL,https://media.api-sports.io/football/teams/2279.png,True,0,3,0,0,0,3,,,,
864241,F. Hernández,UTC,2022-10-01T22:05:00+00:00,1664661900,1664661900,1664665500,11905.0,Estadio BBVA,Guadalupe,Match Finished,FT,90,,262,Liga MX,Mexico,https://media.api-sports.io/football/leagues/262.png,https://media.api-sports.io/flags/mx.svg,2022,Apertura - 17,True,2282,Monterrey,https://media.api-sports.io/football/teams/2282.png,,2292,Pachuca,https://media.api-sports.io/football/teams/2292.png,,0,0,0,0,0,0,,,,
864242,V. Cáceres,UTC,2022-10-02T00:05:00+00:00,1664669100,1664669100,1664672700,1071.0,Estadio Jalisco,Guadalajara,Match Finished,FT,90,,262,Liga MX,Mexico,https://media.api-sports.io/football/leagues/262.png,https://media.api-sports.io/flags/mx.svg,2022,Apertura - 17,True,2283,Atlas,https://media.api-sports.io/football/teams/2283.png,True,2288,Necaxa,https://media.api-sports.io/football/teams/2288.png,False,1,0,0,0,1,0,,,,
864243,C. Ramos,UTC,2022-10-02T02:05:00+00:00,1664676300,1664676300,1664679900,7182.0,Estadio Azteca,D.F.,Match Finished,FT,90,,262,Liga MX,Mexico,https://media.api-sports.io/football/leagues/262.png,https://media.api-sports.io/flags/mx.svg,2022,Apertura - 17,True,2295,Cruz Azul,https://media.api-sports.io/football/teams/2295.png,True,2278,Guadalajara Chivas,https://media.api-sports.io/football/teams/2278.png,False,2,1,1,0,2,1,,,,
864244,E. Morales,UTC,2022-10-02T17:00:00+00:00,1664730000,1664730000,1664733600,1089.0,Estadio Nemesio Díez,Toluca de Lerdo,Match Finished,FT,90,,262,Liga MX,Mexico,https://media.api-sports.io/football/leagues/262.png,https://media.api-sports.io/flags/mx.svg,2022,Apertura - 17,True,2281,Toluca,https://media.api-sports.io/football/teams/2281.png,True,2290,Club Queretaro,https://media.api-sports.io/football/teams/2290.png,False,4,1,2,0,4,1,,,,
864245,A. Escobedo,UTC,2022-10-02T23:05:00+00:00,1664751900,1664751900,1664755500,1085.0,Estadio Nuevo Corona,Torreón,Match Finished,FT,90,,262,Liga MX,Mexico,https://media.api-sports.io/football/leagues/262.png,https://media.api-sports.io/flags/mx.svg,2022,Apertura - 17,True,2285,Santos Laguna,https://media.api-sports.io/football/teams/2285.png,True,14002,Mazatlán,https://media.api-sports.io/football/teams/14002.png,False,3,0,0,0,3,0,,,,
864246,L. Santander,UTC,2022-10-03T01:00:00+00:00,1664758800,1664758800,1664762400,,Estadio León,León de los Aldamas,Match Finished,FT,90,,262,Liga MX,Mexico,https://media.api-sports.io/football/leagues/262.png,https://media.api-sports.io/flags/mx.svg,2022,Apertura - 17,True,2289,Leon,https://media.api-sports.io/football/teams/2289.png,,2280,Club Tijuana,https://media.api-sports.io/football/teams/2280.png,,2,2,0,0,2,2,,,,
963835,C. Ramos,UTC,2022-10-09T00:00:00+00:00,1665273600,1665273600,1665277200,1087.0,Estadio Universitario de Nuevo León,San Nicolás de los Garza,Match Finished,FT,90,,262,Liga MX,Mexico,https://media.api-sports.io/football/leagues/262.png,https://media.api-sports.io/flags/mx.svg,2022,Apertura - Reclasificación,True,2279,Tigres UANL,https://media.api-sports.io/football/teams/2279.png,True,2288,Necaxa,https://media.api-sports.io/football/teams/2288.png,False,2,0,0,0,2,0,,,,
963837,F. Guerrero,UTC,2022-10-09T02:15:00+00:00,1665281700,1665281700,1665285300,7182.0,Estadio Azteca,D.F.,Match Finished,FT,90,,262,Liga MX,Mexico,https://media.api-sports.io/football/leagues/262.png,https://media.api-sports.io/flags/mx.svg,2022,Apertura - Reclasificación,True,2295,Cruz Azul,https://media.api-sports.io/football/teams/2295.png,True,2289,Leon,https://media.api-sports.io/football/teams/2289.png,False,1,0,0,0,1,0,,,,
963836,M. Ortíz,UTC,2022-10-09T17:00:00+00:00,1665334800,1665334800,1665338400,1089.0,Estadio Nemesio Díez,Toluca de Lerdo,Match Finished,FT,90,,262,Liga MX,Mexico,https://media.api-sports.io/football/leagues/262.png,https://media.api-sports.io/flags/mx.svg,2022,Apertura - Reclasificación,True,2281,Toluca,https://media.api-sports.io/football/teams/2281.png,True,2298,FC Juarez,https://media.api-sports.io/football/teams/2298.png,False,3,0,1,0,3,0,,,,
963838,L. Santander,UTC,2022-10-09T21:30:00+00:00,1665351000,1665351000,1665354600,1082.0,Estadio Cuauhtémoc,Puebla,Match Finished,PEN,120,,262,Liga MX,Mexico,https://media.api-sports.io/football/leagues/262.png,https://media.api-sports.io/flags/mx.svg,2022,Apertura - Reclasificación,True,2291,Puebla,https://media.api-sports.io/football/teams/2291.png,True,2278,Guadalajara Chivas,https://media.api-sports.io/football/teams/2278.png,False,1,1,0,0,1,1,0.0,0.0,5.0,4.0
965507,M. Ortíz,UTC,2022-10-13T00:06:00+00:00,1665619560,1665619560,1665623160,1082.0,Estadio Cuauhtémoc,Puebla,Match Finished,FT,90,,262,Liga MX,Mexico,https://media.api-sports.io/football/leagues/262.png,https://media.api-sports.io/flags/mx.svg,2022,Apertura - Quarter-finals,True,2291,Puebla,https://media.api-sports.io/football/teams/2291.png,False,2287,Club America,https://media.api-sports.io/football/teams/2287.png,True,1,6,1,2,1,6,,,,
965503,V. Cáceres,UTC,2022-10-13T02:06:00+00:00,1665626760,1665626760,1665630360,7182.0,Estadio Azteca,D.F.,Match Finished,FT,90,,262,Liga MX,Mexico,https://media.api-sports.io/football/leagues/262.png,https://media.api-sports.io/flags/mx.svg,2022,Apertura - Quarter-finals,True,2295,Cruz Azul,https://media.api-sports.io/football/teams/2295.png,,2282,Monterrey,https://media.api-sports.io/football/teams/2282.png,,0,0,0,0,0,0,,,,
965505,D. Montaño,UTC,2022-10-14T00:06:00+00:00,1665705960,1665705960,1665709560,1089.0,Estadio Nemesio Díez,Toluca de Lerdo,Match Finished,FT,90,,262,Liga MX,Mexico,https://media.api-sports.io/football/leagues/262.png,https://media.api-sports.io/flags/mx.svg,2022,Apertura - Quarter-finals,True,2281,Toluca,https://media.api-sports.io/football/teams/2281.png,True,2285,Santos Laguna,https://media.api-sports.io/football/teams/2285.png,False,4,3,2,2,4,3,,,,
965509,F. Hernández,UTC,2022-10-14T02:06:00+00:00,1665713160,1665713160,1665716760,1087.0,Estadio Universitario de Nuevo León,San Nicolás de los Garza,Match Finished,FT,90,,262,Liga MX,Mexico,https://media.api-sports.io/football/leagues/262.png,https://media.api-sports.io/flags/mx.svg,2022,Apertura - Quarter-finals,True,2279,Tigres UANL,https://media.api-sports.io/football/teams/2279.png,True,2292,Pachuca,https://media.api-sports.io/football/teams/2292.png,False,1,0,0,0,1,0,,,,
965508,D. Quintero,UTC,2022-10-16T01:06:00+00:00,1665882360,1665882360,1665885960,7182.0,Estadio Azteca,D.F.,Match Finished,FT,90,,262,Liga MX,Mexico,https://media.api-sports.io/football/leagues/262.png,https://media.api-sports.io/flags/mx.svg,2022,Apertura - Quarter-finals,True,2287,Club America,https://media.api-sports.io/football/teams/2287.png,True,2291,Puebla,https://media.api-sports.io/football/teams/2291.png,False,5,1,2,1,5,1,,,,
965504,A. Escobedo,UTC,2022-10-16T23:06:00+00:00,1665961560,1665961560,1665965160,11905.0,Estadio BBVA,Guadalupe,Match Finished,FT,90,,262,Liga MX,Mexico,https://media.api-sports.io/football/leagues/262.png,https://media.api-sports.io/flags/mx.svg,2022,Apertura - Quarter-finals,True,2282,Monterrey,https://media.api-sports.io/football/teams/2282.png,True,2295,Cruz Azul,https://media.api-sports.io/football/teams/2295.png,False,3,0,1,0,3,0,,,,
965506,L. Santander,UTC,2022-10-17T00:06:00+00:00,1665965160,1665965160,1665968760,1085.0,Estadio Nuevo Corona,Torreón,Match Finished,FT,90,,262,Liga MX,Mexico,https://media.api-sports.io/football/leagues/262.png,https://media.api-sports.io/flags/mx.svg,2022,Apertura - Quarter-finals,True,2285,Santos Laguna,https://media.api-sports.io/football/teams/2285.png,False,2281,Toluca,https://media.api-sports.io/football/teams/2281.png,True,1,2,0,0,1,2,,,,
965510,F. Guerrero,UTC,2022-10-17T02:06:00+00:00,1665972360,1665972360,1665975960,1081.0,Estadio Hidalgo,Pachuca de Soto,Match Finished,FT,90,,262,Liga MX,Mexico,https://media.api-sports.io/football/leagues/262.png,https://media.api-sports.io/flags/mx.svg,2022,Apertura - Quarter-finals,True,2292,Pachuca,https://media.api-sports.io/football/teams/2292.png,True,2279,Tigres UANL,https://media.api-sports.io/football/teams/2279.png,False,2,1,1,0,2,1,,,,
967071,M. Ortíz,UTC,2022-10-20T02:06:00+00:00,1666231560,1666231560,1666235160,1089.0,Estadio Nemesio Díez,Toluca de Lerdo,Match Finished,FT,90,,262,Liga MX,Mexico,https://media.api-sports.io/football/leagues/262.png,https://media.api-sports.io/flags/mx.svg,2022,Apertura - Semi-finals,True,2281,Toluca,https://media.api-sports.io/football/teams/2281.png,True,2287,Club America,https://media.api-sports.io/football/teams/2287.png,False,2,1,2,0,2,1,,,,
967073,C. Ramos,UTC,2022-10-21T02:06:00+00:00,1666317960,1666317960,1666321560,1081.0,Estadio Hidalgo,Pachuca de Soto,Match Finished,FT,90,,262,Liga MX,Mexico,https://media.api-sports.io/football/leagues/262.png,https://media.api-sports.io/flags/mx.svg,2022,Apertura - Semi-finals,True,2292,Pachuca,https://media.api-sports.io/football/teams/2292.png,True,2282,Monterrey,https://media.api-sports.io/football/teams/2282.png,False,5,2,2,2,5,2,,,,
967072,A. Escobedo,UTC,2022-10-23T01:06:00+00:00,1666487160,1666487160,1666490760,7182.0,Estadio Azteca,D.F.,Match Finished,FT,90,,262,Liga MX,Mexico,https://media.api-sports.io/football/leagues/262.png,https://media.api-sports.io/flags/mx.svg,2022,Apertura - Semi-finals,True,2287,Club America,https://media.api-sports.io/football/teams/2287.png,,2281,Toluca,https://media.api-sports.io/football/teams/2281.png,,1,1,1,1,1,1,,,,
967074,L. Santander,UTC,2022-10-24T01:06:00+00:00,1666573560,1666573560,1666577160,11905.0,Estadio BBVA,Guadalupe,Match Finished,FT,90,,262,Liga MX,Mexico,https://media.api-sports.io/football/leagues/262.png,https://media.api-sports.io/flags/mx.svg,2022,Apertura - Semi-finals,True,2282,Monterrey,https://media.api-sports.io/football/teams/2282.png,False,2292,Pachuca,https://media.api-sports.io/football/teams/2292.png,True,0,1,0,0,0,1,,,,
968247,M. Ortíz,UTC,2022-10-28T01:06:00+00:00,1666919160,1666919160,1666922760,1089.0,Estadio Nemesio Díez,Toluca de Lerdo,Match Finished,FT,90,,262,Liga MX,Mexico,https://media.api-sports.io/football/leagues/262.png,https://media.api-sports.io/flags/mx.svg,2022,Apertura - Final,True,2281,Toluca,https://media.api-sports.io/football/teams/2281.png,False,2292,Pachuca,https://media.api-sports.io/football/teams/2292.png,True,1,5,0,4,1,5,,,,
968248,A. Escobedo,UTC,2022-10-31T01:36:00+00:00,1667180160,1667180160,1667183760,1081.0,Estadio Hidalgo,Pachuca de Soto,Match Finished,FT,90,,262,Liga MX,Mexico,https://media.api-sports.io/football/leagues/262.png,https://media.api-sports.io/flags/mx.svg,2022,Apertura - Final,True,2292,Pachuca,https://media.api-sports.io/football/teams/2292.png,True,2281,Toluca,https://media.api-sports.io/football/teams/2281.png,False,3,1,1,1,3,1,,,,
973610,F. Hernández,UTC,2023-01-07T01:00:00+00:00,1673053200,1673053200,1673056800,1080.0,Estadio Victoria de Aguascalientes,Aguascalientes,Match Finished,FT,90,,262,Liga MX,Mexico,https://media.api-sports.io/football/leagues/262.png,https://media.api-sports.io/flags/mx.svg,2022,Clausura - 1,True,2288,Necaxa,https://media.api-sports.io/football/teams/2288.png,False,2314,Atletico San Luis,https://media.api-sports.io/football/teams/2314.png,True,2,3,0,0,2,3,,,,
973612,V. Cáceres,UTC,2023-01-07T23:00:00+00:00,1673132400,1673132400,1673136000,7182.0,Estadio Azteca,D.F.,Match Finished,FT,90,,262,Liga MX,Mexico,https://media.api-sports.io/football/leagues/262.png,https://media.api-sports.io/flags/mx.svg,2022,Clausura - 1,True,2287,Club America,https://media.api-sports.io/football/teams/2287.png,,2290,Club Queretaro,https://media.api-sports.io/football/teams/2290.png,,0,0,0,0,0,0,,,,
973614,A. Escobedo,UTC,2023-01-08T03:10:00+00:00,1673147400,1673147400,1673151000,11905.0,Estadio BBVA,Guadalupe,Match Finished,FT,90,,262,Liga MX,Mexico,https://media.api-sports.io/football/leagues/262.png,https://media.api-sports.io/flags/mx.svg,2022,Clausura - 1,True,2282,Monterrey,https://media.api-sports.io/football/teams/2282.png,False,2278,Guadalajara Chivas,https://media.api-sports.io/football/teams/2278.png,True,0,1,0,0,0,1,,,,
973615,Ó. Macías,UTC,2023-01-08T18:00:00+00:00,1673200800,1673200800,1673204400,1083.0,Estadio Olímpico de Universitario,D.F.,Match Finished,FT,90,,262,Liga MX,Mexico,https://media.api-sports.io/football/leagues/262.png,https://media.api-sports.io/flags/mx.svg,2022,Clausura - 1,True,2286,U.N.A.M. - Pumas,https://media.api-sports.io/football/teams/2286.png,True,2298,FC Juarez,https://media.api-sports.io/football/teams/2298.png,False,2,1,0,1,2,1,,,,
973616,Ó. Mejía,UTC,2023-01-09T01:00:00+00:00,1673226000,1673226000,1673229600,1085.0,Estadio Nuevo Corona,Torreón,Match Finished,FT,90,,262,Liga MX,Mexico,https://media.api-sports.io/football/leagues/262.png,https://media.api-sports.io/flags/mx.svg,2022,Clausura - 1,True,2285,Santos Laguna,https://media.api-sports.io/football/teams/2285.png,False,2279,Tigres UANL,https://media.api-sports.io/football/teams/2279.png,True,0,3,0,1,0,3,,,,
973618,D. Quintero,UTC,2023-01-09T03:10:00+00:00,1673233800,1673233800,1673237400,1088.0,Estadio Caliente,Tijuana,Match Finished,FT,90,,262,Liga MX,Mexico,https://media.api-sports.io/football/leagues/262.png,https://media.api-sports.io/flags/mx.svg,2022,Clausura - 1,True,2280,Club Tijuana,https://media.api-sports.io/football/teams/2280.png,,2295,Cruz Azul,https://media.api-sports.io/football/teams/2295.png,,1,1,1,0,1,1,,,,
973617,D. Montaño,UTC,2023-01-10T03:10:00+00:00,1673320200,1673320200,1673323800,1081.0,Estadio Hidalgo,Pachuca de Soto,Match Finished,FT,90,,262,Liga MX,Mexico,https://media.api-sports.io/football/leagues/262.png,https://media.api-sports.io/flags/mx.svg,2022,Clausura - 1,True,2292,Pachuca,https://media.api-sports.io/football/teams/2292.png,True,2291,Puebla,https://media.api-sports.io/football/teams/2291.png,False,5,1,2,1,5,1,,,,
973619,I. Lopez,UTC,2023-01-13T03:00:00+00:00,1673578800,1673578800,1673582400,1071.0,Estadio Jalisco,Guadalajara,Match Finished,FT,90,,262,Liga MX,Mexico,https://media.api-sports.io/football/leagues/262.png,https://media.api-sports.io/flags/mx.svg,2022,Clausura - 2,True,2283,Atlas,https://media.api-sports.io/football/teams/2283.png,True,14002,Mazatlán,https://media.api-sports.io/football/teams/14002.png,False,2,1,0,0,2,1,,,,
973620,D. Quintero,UTC,2023-01-14T01:05:00+00:00,1673658300,1673658300,1673661900,1795.0,Estadio Alfonso Lastras Ramírez,San Luis Potosí,Match Finished,FT,90,,262,Liga MX,Mexico,https://media.api-sports.io/football/leagues/262.png,https://media.api-sports.io/flags/mx.svg,2022,Clausura - 2,True,2314,Atletico San Luis,https://media.api-sports.io/football/teams/2314.png,,2278,Guadalajara Chivas,https://media.api-sports.io/football/teams/2278.png,,0,0,0,0,0,0,,,,
973621,J. Camacho,UTC,2023-01-14T03:05:00+00:00,1673665500,1673665500,1673669100,1082.0,Estadio Cuauhtémoc,Puebla,Match Finished,FT,90,,262,Liga MX,Mexico,https://media.api-sports.io/football/leagues/262.png,https://media.api-sports.io/flags/mx.svg,2022,Clausura - 2,True,2291,Puebla,https://media.api-sports.io/football/teams/2291.png,True,2290,Club Queretaro,https://media.api-sports.io/football/teams/2290.png,False,2,0,1,0,2,0,,,,
973622,C. Ramos,UTC,2023-01-14T23:00:00+00:00,1673737200,1673737200,1673740800,7182.0,Estadio Azteca,D.F.,Match Finished,FT,90,,262,Liga MX,Mexico,https://media.api-sports.io/football/leagues/262.png,https://media.api-sports.io/flags/mx.svg,2022,Clausura - 2,True,2295,Cruz Azul,https://media.api-sports.io/football/teams/2295.png,False,2282,Monterrey,https://media.api-sports.io/football/teams/2282.png,True,2,3,1,1,2,3,,,,
973623,F. Guerrero,UTC,2023-01-15T01:05:00+00:00,1673744700,1673744700,1673748300,1089.0,Estadio Nemesio Díez,Toluca de Lerdo,Match Finished,FT,90,,262,Liga MX,Mexico,https://media.api-sports.io/football/leagues/262.png,https://media.api-sports.io/flags/mx.svg,2022,Clausura - 2,True,2281,Toluca,https://media.api-sports.io/football/teams/2281.png,,2287,Club America,https://media.api-sports.io/football/teams/2287.png,,2,2,2,1,2,2,,,,
973625,V. Cáceres,UTC,2023-01-15T01:05:00+00:00,1673744700,1673744700,1673748300,1845.0,Estadio Olímpico Benito Juárez,Ciudad Juárez,Match Finished,FT,90,,262,Liga MX,Mexico,https://media.api-sports.io/football/leagues/262.png,https://media.api-sports.io/flags/mx.svg,2022,Clausura - 2,True,2298,FC Juarez,https://media.api-sports.io/football/teams/2298.png,True,2280,Club Tijuana,https://media.api-sports.io/football/teams/2280.png,False,3,0,2,0,3,0,,,,
973624,L. Santander,UTC,2023-01-15T03:10:00+00:00,1673752200,1673752200,1673755800,1085.0,Estadio Nuevo Corona,Torreón,Match Finished,FT,90,,262,Liga MX,Mexico,https://media.api-sports.io/football/leagues/262.png,https://media.api-sports.io/flags/mx.svg,2022,Clausura - 2,True,2285,Santos Laguna,https://media.api-sports.io/football/teams/2285.png,True,2286,U.N.A.M. - Pumas,https://media.api-sports.io/football/teams/2286.png,False,3,0,1,0,3,0,,,,
973626,M. Ortíz,UTC,2023-01-16T01:05:00+00:00,1673831100,1673831100,1673834700,1087.0,Estadio Universitario de Nuevo León,San Nicolás de los Garza,Match Finished,FT,90,,262,Liga MX,Mexico,https://media.api-sports.io/football/leagues/262.png,https://media.api-sports.io/flags/mx.svg,2022,Clausura - 2,True,2279,Tigres UANL,https://media.api-sports.io/football/teams/2279.png,True,2292,Pachuca,https://media.api-sports.io/football/teams/2292.png,False,4,1,1,1,4,1,,,,
973627,B. González,UTC,2023-01-17T03:05:00+00:00,1673924700,1673924700,1673928300,,Estadio León,León de los Aldamas,Match Finished,FT,90,,262,Liga MX,Mexico,https://media.api-sports.io/football/leagues/262.png,https://media.api-sports.io/flags/mx.svg,2022,Clausura - 2,True,2289,Leon,https://media.api-sports.io/football/teams/2289.png,True,2288,Necaxa,https://media.api-sports.io/football/teams/2288.png,False,2,1,0,1,2,1,,,,
974323,C. Ramos,UTC,2023-01-21T03:00:00+00:00,1674270000,1674270000,1674273600,10546.0,Estadio de Mazatlán,Mazatlán,Match Finished,FT,90,,262,Liga MX,Mexico,https://media.api-sports.io/football/leagues/262.png,https://media.api-sports.io/flags/mx.svg,2022,Clausura - 3,True,14002,Mazatlán,https://media.api-sports.io/football/teams/14002.png,False,2285,Santos Laguna,https://media.api-sports.io/football/teams/2285.png,True,1,2,0,1,1,2,,,,
974324,A. Escobedo,UTC,2023-01-21T03:10:00+00:00,1674270600,1674270600,1674274200,1088.0,Estadio Caliente,Tijuana,Match Finished,FT,90,,262,Liga MX,Mexico,https://media.api-sports.io/football/leagues/262.png,https://media.api-sports.io/flags/mx.svg,2022,Clausura - 3,True,2280,Club Tijuana,https://media.api-sports.io/football/teams/2280.png,,2279,Tigres UANL,https://media.api-sports.io/football/teams/2279.png,,1,1,1,0,1,1,,,,
974326,Ó. Mejía,UTC,2023-01-22T01:10:00+00:00,1674349800,1674349800,1674353400,7182.0,Estadio Azteca,D.F.,Match Finished,FT,90,,262,Liga MX,Mexico,https://media.api-sports.io/football/leagues/262.png,https://media.api-sports.io/flags/mx.svg,2022,Clausura - 3,True,2287,Club America,https://media.api-sports.io/football/teams/2287.png,,2291,Puebla,https://media.api-sports.io/football/teams/2291.png,,2,2,1,0,2,2,,,,
974327,M. Ortíz,UTC,2023-01-22T03:10:00+00:00,1674357000,1674357000,1674360600,1076.0,Estadio AKRON,Zapopan,Match Finished,FT,90,,262,Liga MX,Mexico,https://media.api-sports.io/football/leagues/262.png,https://media.api-sports.io/flags/mx.svg,2022,Clausura - 3,True,2278,Guadalajara Chivas,https://media.api-sports.io/football/teams/2278.png,False,2281,Toluca,https://media.api-sports.io/football/teams/2281.png,True,1,2,1,0,1,2,,,,
974328,J. Camacho,UTC,2023-01-22T03:10:00+00:00,1674357000,1674357000,1674360600,1080.0,Estadio Victoria de Aguascalientes,Aguascalientes,Match Finished,FT,90,,262,Liga MX,Mexico,https://media.api-sports.io/football/leagues/262.png,https://media.api-sports.io/flags/mx.svg,2022,Clausura - 3,True,2288,Necaxa,https://media.api-sports.io/football/teams/2288.png,True,2295,Cruz Azul,https://media.api-sports.io/football/teams/2295.png,False,1,0,1,0,1,0,,,,
974329,E. Morales,UTC,2023-01-22T18:00:00+00:00,1674410400,1674410400,1674414000,1083.0,Estadio Olímpico de Universitario,D.F.,Match Finished,FT,90,,262,Liga MX,Mexico,https://media.api-sports.io/football/leagues/262.png,https://media.api-sports.io/flags/mx.svg,2022,Clausura - 3,True,2286,U.N.A.M. - Pumas,https://media.api-sports.io/football/teams/2286.png,True,2289,Leon,https://media.api-sports.io/football/teams/2289.png,False,4,1,2,1,4,1,,,,
974330,Ó. Macías,UTC,2023-01-22T23:00:00+00:00,1674428400,1674428400,1674432000,1084.0,Estadio La Corregidora,Santiago de Querétaro,Match Finished,FT,90,,262,Liga MX,Mexico,https://media.api-sports.io/football/leagues/262.png,https://media.api-sports.io/flags/mx.svg,2022,Clausura - 3,True,2290,Club Queretaro,https://media.api-sports.io/football/teams/2290.png,,2283,Atlas,https://media.api-sports.io/football/teams/2283.png,,3,3,2,2,3,3,,,,
974325,F. Guerrero,UTC,2023-01-22T23:06:00+00:00,1674428760,1674428760,1674432360,11905.0,Estadio BBVA,Guadalupe,Match Finished,FT,90,,262,Liga MX,Mexico,https://media.api-sports.io/football/leagues/262.png,https://media.api-sports.io/flags/mx.svg,2022,Clausura - 3,True,2282,Monterrey,https://media.api-sports.io/football/teams/2282.png,True,2314,Atletico San Luis,https://media.api-sports.io/football/teams/2314.png,False,3,1,2,0,3,1,,,,
974331,I. Lopez,UTC,2023-01-23T01:10:00+00:00,1674436200,1674436200,1674439800,1081.0,Estadio Hidalgo,Pachuca de Soto,Match Finished,FT,90,,262,Liga MX,Mexico,https://media.api-sports.io/football/leagues/262.png,https://media.api-sports.io/flags/mx.svg,2022,Clausura - 3,True,2292,Pachuca,https://media.api-sports.io/football/teams/2292.png,True,2298,FC Juarez,https://media.api-sports.io/football/teams/2298.png,False,4,1,1,0,4,1,,,,
974332,M. Ortíz,UTC,2023-01-27T03:05:00+00:00,1674788700,1674788700,1674792300,1071.0,Estadio Jalisco,Guadalajara,Match Finished,FT,90,,262,Liga MX,Mexico,https://media.api-sports.io/football/leagues/262.png,https://media.api-sports.io/flags/mx.svg,2022,Clausura - 4,True,2283,Atlas,https://media.api-sports.io/football/teams/2283.png,,2285,Santos Laguna,https://media.api-sports.io/football/teams/2285.png,,2,2,0,1,2,2,,,,
974333,J. Lopez,UTC,2023-01-28T01:05:00+00:00,1674867900,1674867900,1674871500,1082.0,Estadio Cuauhtémoc,Puebla,Match Finished,FT,90,,262,Liga MX,Mexico,https://media.api-sports.io/football/leagues/262.png,https://media.api-sports.io/flags/mx.svg,2022,Clausura - 4,True,2291,Puebla,https://media.api-sports.io/football/teams/2291.png,False,2282,Monterrey,https://media.api-sports.io/football/teams/2282.png,True,1,2,1,0,1,2,,,,
974334,I. Lopez,UTC,2023-01-28T03:05:00+00:00,1674875100,1674875100,1674878700,1088.0,Estadio Caliente,Tijuana,Match Finished,FT,90,,262,Liga MX,Mexico,https://media.api-sports.io/football/leagues/262.png,https://media.api-sports.io/flags/mx.svg,2022,Clausura - 4,True,2280,Club Tijuana,https://media.api-sports.io/football/teams/2280.png,,2286,U.N.A.M. - Pumas,https://media.api-sports.io/football/teams/2286.png,,0,0,0,0,0,0,,,,
974336,D. Montaño,UTC,2023-01-29T01:05:00+00:00,1674954300,1674954300,1674957900,1087.0,Estadio Universitario de Nuevo León,San Nicolás de los Garza,Match Finished,FT,90,,262,Liga MX,Mexico,https://media.api-sports.io/football/leagues/262.png,https://media.api-sports.io/flags/mx.svg,2022,Clausura - 4,True,2279,Tigres UANL,https://media.api-sports.io/football/teams/2279.png,,2314,Atletico San Luis,https://media.api-sports.io/football/teams/2314.png,,0,0,0,0,0,0,,,,
974337,L. Santander,UTC,2023-01-29T03:05:00+00:00,1674961500,1674961500,1674965100,7182.0,Estadio Azteca,D.F.,Match Finished,FT,90,,262,Liga MX,Mexico,https://media.api-sports.io/football/leagues/262.png,https://media.api-sports.io/flags/mx.svg,2022,Clausura - 4,True,2287,Club America,https://media.api-sports.io/football/teams/2287.png,True,14002,Mazatlán,https://media.api-sports.io/football/teams/14002.png,False,6,0,4,0,6,0,,,,
974338,C. Ramos,UTC,2023-01-29T03:05:00+00:00,1674961500,1674961500,1674965100,1845.0,Estadio Olímpico Benito Juárez,Ciudad Juárez,Match Finished,FT,90,,262,Liga MX,Mexico,https://media.api-sports.io/football/leagues/262.png,https://media.api-sports.io/flags/mx.svg,2022,Clausura - 4,True,2298,FC Juarez,https://media.api-sports.io/football/teams/2298.png,False,2278,Guadalajara Chivas,https://media.api-sports.io/football/teams/2278.png,True,1,2,0,2,1,2,,,,
974339,A. Escobedo,UTC,2023-01-29T18:00:00+00:00,1675015200,1675015200,1675018800,1089.0,Estadio Nemesio Díez,Toluca de Lerdo,Match Finished,FT,90,,262,Liga MX,Mexico,https://media.api-sports.io/football/leagues/262.png,https://media.api-sports.io/flags/mx.svg,2022,Clausura - 4,True,2281,Toluca,https://media.api-sports.io/football/teams/2281.png,,2289,Leon,https://media.api-sports.io/football/teams/2289.png,,0,0,0,0,0,0,,,,
974340,V. Cáceres,UTC,2023-01-30T01:00:00+00:00,1675040400,1675040400,1675044000,1081.0,Estadio Hidalgo,Pachuca de Soto,Match Finished,FT,90,,262,Liga MX,Mexico,https://media.api-sports.io/football/leagues/262.png,https://media.api-sports.io/flags/mx.svg,2022,Clausura - 4,True,2292,Pachuca,https://media.api-sports.io/football/teams/2292.png,True,2288,Necaxa,https://media.api-sports.io/football/teams/2288.png,False,2,1,1,0,2,1,,,,
973613,L. Santander,UTC,2023-02-02T02:05:00+00:00,1675303500,1675303500,1675307100,1071.0,Estadio Jalisco,Guadalajara,Match Finished,FT,90,,262,Liga MX,Mexico,https://media.api-sports.io/football/leagues/262.png,https://media.api-sports.io/flags/mx.svg,2022,Clausura - 1,True,2283,Atlas,https://media.api-sports.io/football/teams/2283.png,,2281,Toluca,https://media.api-sports.io/football/teams/2281.png,,0,0,0,0,0,0,,,,
974341,A. Escobedo,UTC,2023-02-03T03:00:00+00:00,1675393200,1675393200,1675396800,1795.0,Estadio Alfonso Lastras Ramírez,San Luis Potosí,Match Finished,FT,90,,262,Liga MX,Mexico,https://media.api-sports.io/football/leagues/262.png,https://media.api-sports.io/flags/mx.svg,2022,Clausura - 5,True,2314,Atletico San Luis,https://media.api-sports.io/football/teams/2314.png,True,2291,Puebla,https://media.api-sports.io/football/teams/2291.png,False,2,0,0,0,2,0,,,,
974342,C. Ramos,UTC,2023-02-04T01:00:00+00:00,1675472400,1675472400,1675476000,1080.0,Estadio Victoria de Aguascalientes,Aguascalientes,Match Finished,FT,90,,262,Liga MX,Mexico,https://media.api-sports.io/football/leagues/262.png,https://media.api-sports.io/flags/mx.svg,2022,Clausura - 5,True,2288,Necaxa,https://media.api-sports.io/football/teams/2288.png,,2280,Club Tijuana,https://media.api-sports.io/football/teams/2280.png,,1,1,0,1,1,1,,,,
974343,M. Ortíz,UTC,2023-02-04T03:05:00+00:00,1675479900,1675479900,1675483500,10546.0,Estadio de Mazatlán,Mazatlán,Match Finished,FT,90,,262,Liga MX,Mexico,https://media.api-sports.io/football/leagues/262.png,https://media.api-sports.io/flags/mx.svg,2022,Clausura - 5,True,14002,Mazatlán,https://media.api-sports.io/football/teams/14002.png,False,2298,FC Juarez,https://media.api-sports.io/football/teams/2298.png,True,2,3,1,1,2,3,,,,
974344,G. Pacheco,UTC,2023-02-04T23:00:00+00:00,1675551600,1675551600,1675555200,,Estadio León,León de los Aldamas,Match Finished,FT,90,,262,Liga MX,Mexico,https://media.api-sports.io/football/leagues/262.png,https://media.api-sports.io/flags/mx.svg,2022,Clausura - 5,True,2289,Leon,https://media.api-sports.io/football/teams/2289.png,False,2292,Pachuca,https://media.api-sports.io/football/teams/2292.png,True,0,1,0,1,0,1,,,,
974345,L. Santander,UTC,2023-02-05T01:05:00+00:00,1675559100,1675559100,1675562700,7182.0,Estadio Azteca,D.F.,Match Finished,FT,90,,262,Liga MX,Mexico,https://media.api-sports.io/football/leagues/262.png,https://media.api-sports.io/flags/mx.svg,2022,Clausura - 5,True,2295,Cruz Azul,https://media.api-sports.io/football/teams/2295.png,False,2279,Tigres UANL,https://media.api-sports.io/football/teams/2279.png,True,0,1,0,1,0,1,,,,
974346,D. Montaño,UTC,2023-02-05T03:05:00+00:00,1675566300,1675566300,1675569900,1085.0,Estadio Nuevo Corona,Torreón,Match Finished,FT,90,,262,Liga MX,Mexico,https://media.api-sports.io/football/leagues/262.png,https://media.api-sports.io/flags/mx.svg,2022,Clausura - 5,True,2285,Santos Laguna,https://media.api-sports.io/football/teams/2285.png,,2287,Club America,https://media.api-sports.io/football/teams/2287.png,,2,2,2,1,2,2,,,,
974347,D. Quintero,UTC,2023-02-05T18:00:00+00:00,1675620000,1675620000,1675623600,1083.0,Estadio Olímpico de Universitario,D.F.,Match Finished,FT,90,,262,Liga MX,Mexico,https://media.api-sports.io/football/leagues/262.png,https://media.api-sports.io/flags/mx.svg,2022,Clausura - 5,True,2286,U.N.A.M. - Pumas,https://media.api-sports.io/football/teams/2286.png,,2283,Atlas,https://media.api-sports.io/football/teams/2283.png,,2,2,2,1,2,2,,,,
974348,E. Morales,UTC,2023-02-05T23:00:00+00:00,1675638000,1675638000,1675641600,1076.0,Estadio AKRON,Zapopan,Match Finished,FT,90,,262,Liga MX,Mexico,https://media.api-sports.io/football/leagues/262.png,https://media.api-sports.io/flags/mx.svg,2022,Clausura - 5,True,2278,Guadalajara Chivas,https://media.api-sports.io/football/teams/2278.png,,2290,Club Queretaro,https://media.api-sports.io/football/teams/2290.png,,1,1,0,0,1,1,,,,
974349,V. Cáceres,UTC,2023-02-06T01:10:00+00:00,1675645800,1675645800,1675649400,11905.0,Estadio BBVA,Guadalupe,Match Finished,FT,90,,262,Liga MX,Mexico,https://media.api-sports.io/football/leagues/262.png,https://media.api-sports.io/flags/mx.svg,2022,Clausura - 5,True,2282,Monterrey,https://media.api-sports.io/football/teams/2282.png,True,2281,Toluca,https://media.api-sports.io/football/teams/2281.png,False,2,1,2,0,2,1,,,,
974350,J. Lopez,UTC,2023-02-10T01:05:00+00:00,1675991100,1675991100,1675994700,1084.0,Estadio La Corregidora,Santiago de Querétaro,Match Finished,FT,90,,262,Liga MX,Mexico,https://media.api-sports.io/football/leagues/262.png,https://media.api-sports.io/flags/mx.svg,2022,Clausura - 6,True,2290,Club Queretaro,https://media.api-sports.io/football/teams/2290.png,False,2289,Leon,https://media.api-sports.io/football/teams/2289.png,True,0,3,0,2,0,3,,,,
974351,Ó. Mejía,UTC,2023-02-10T03:05:00+00:00,1675998300,1675998300,1676001900,1071.0,Estadio Jalisco,Guadalajara,Match Finished,FT,90,,262,Liga MX,Mexico,https://media.api-sports.io/football/leagues/262.png,https://media.api-sports.io/flags/mx.svg,2022,Clausura - 6,True,2283,Atlas,https://media.api-sports.io/football/teams/2283.png,False,2282,Monterrey,https://media.api-sports.io/football/teams/2282.png,True,0,2,0,0,0,2,,,,
974352,E. Morales,UTC,2023-02-11T01:00:00+00:00,1676077200,1676077200,1676080800,1082.0,Estadio Cuauhtémoc,Puebla,Match Finished,FT,90,,262,Liga MX,Mexico,https://media.api-sports.io/football/leagues/262.png,https://media.api-sports.io/flags/mx.svg,2022,Clausura - 6,True,2291,Puebla,https://media.api-sports.io/football/teams/2291.png,True,14002,Mazatlán,https://media.api-sports.io/football/teams/14002.png,False,3,1,3,0,3,1,,,,
974353,L. Santander,UTC,2023-02-11T03:10:00+00:00,1676085000,1676085000,1676088600,1088.0,Estadio Caliente,Tijuana,Match Finished,FT,90,,262,Liga MX,Mexico,https://media.api-sports.io/football/leagues/262.png,https://media.api-sports.io/flags/mx.svg,2022,Clausura - 6,True,2280,Club Tijuana,https://media.api-sports.io/football/teams/2280.png,True,2314,Atletico San Luis,https://media.api-sports.io/football/teams/2314.png,False,1,0,0,0,1,0,,,,
974354,I. Lopez,UTC,2023-02-11T23:00:00+00:00,1676156400,1676156400,1676160000,7182.0,Estadio Azteca,D.F.,Match Finished,FT,90,,262,Liga MX,Mexico,https://media.api-sports.io/football/leagues/262.png,https://media.api-sports.io/flags/mx.svg,2022,Clausura - 6,True,2287,Club America,https://media.api-sports.io/football/teams/2287.png,True,2288,Necaxa,https://media.api-sports.io/football/teams/2288.png,False,2,1,1,0,2,1,,,,
974356,F. Hernández,UTC,2023-02-12T01:05:00+00:00,1676163900,1676163900,1676167500,1087.0,Estadio Universitario de Nuevo León,San Nicolás de los Garza,Match Finished,FT,90,,262,Liga MX,Mexico,https://media.api-sports.io/football/leagues/262.png,https://media.api-sports.io/flags/mx.svg,2022,Clausura - 6,True,2279,Tigres UANL,https://media.api-sports.io/football/teams/2279.png,True,2286,U.N.A.M. - Pumas,https://media.api-sports.io/football/teams/2286.png,False,4,2,3,1,4,2,,,,
974355,G. Pacheco,UTC,2023-02-12T01:05:00+00:00,1676163900,1676163900,1676167500,1845.0,Estadio Olímpico Benito Juárez,Ciudad Juárez,Match Finished,FT,90,,262,Liga MX,Mexico,https://media.api-sports.io/football/leagues/262.png,https://media.api-sports.io/flags/mx.svg,2022,Clausura - 6,True,2298,FC Juarez,https://media.api-sports.io/football/teams/2298.png,True,2285,Santos Laguna,https://media.api-sports.io/football/teams/2285.png,False,3,1,0,1,3,1,,,,
974357,A. Escobedo,UTC,2023-02-12T03:05:00+00:00,1676171100,1676171100,1676174700,1081.0,Estadio Hidalgo,Pachuca de Soto,Match Finished,FT,90,,262,Liga MX,Mexico,https://media.api-sports.io/football/leagues/262.png,https://media.api-sports.io/flags/mx.svg,2022,Clausura - 6,True,2292,Pachuca,https://media.api-sports.io/football/teams/2292.png,,2278,Guadalajara Chivas,https://media.api-sports.io/football/teams/2278.png,,1,1,0,1,1,1,,,,
974358,M. Ortíz,UTC,2023-02-12T18:00:00+00:00,1676224800,1676224800,1676228400,1089.0,Estadio Nemesio Díez,Toluca de Lerdo,Match Finished,FT,90,,262,Liga MX,Mexico,https://media.api-sports.io/football/leagues/262.png,https://media.api-sports.io/flags/mx.svg,2022,Clausura - 6,True,2281,Toluca,https://media.api-sports.io/football/teams/2281.png,True,2295,Cruz Azul,https://media.api-sports.io/football/teams/2295.png,False,3,1,1,1,3,1,,,,
974360,C. Ramos,UTC,2023-02-15T01:05:00+00:00,1676423100,1676423100,1676426700,1087.0,Estadio Universitario de Nuevo León,San Nicolás de los Garza,Match Finished,FT,90,,262,Liga MX,Mexico,https://media.api-sports.io/football/leagues/262.png,https://media.api-sports.io/flags/mx.svg,2022,Clausura - 7,True,2279,Tigres UANL,https://media.api-sports.io/football/teams/2279.png,,2298,FC Juarez,https://media.api-sports.io/football/teams/2298.png,,0,0,0,0,0,0,,,,
974359,Ó. Macías,UTC,2023-02-15T01:05:00+00:00,1676423100,1676423100,1676426700,,Estadio León,León de los Aldamas,Match Finished,FT,90,,262,Liga MX,Mexico,https://media.api-sports.io/football/leagues/262.png,https://media.api-sports.io/flags/mx.svg,2022,Clausura - 7,True,2289,Leon,https://media.api-sports.io/football/teams/2289.png,True,2291,Puebla,https://media.api-sports.io/football/teams/2291.png,False,2,0,0,0,2,0,,,,
974361,F. Hernández,UTC,2023-02-15T03:05:00+00:00,1676430300,1676430300,1676433900,1795.0,Estadio Alfonso Lastras Ramírez,San Luis Potosí,Match Finished,FT,90,,262,Liga MX,Mexico,https://media.api-sports.io/football/leagues/262.png,https://media.api-sports.io/flags/mx.svg,2022,Clausura - 7,True,2314,Atletico San Luis,https://media.api-sports.io/football/teams/2314.png,False,2287,Club America,https://media.api-sports.io/football/teams/2287.png,True,1,3,1,2,1,3,,,,
974363,D. Montaño,UTC,2023-02-16T01:05:00+00:00,1676509500,1676509500,1676513100,1076.0,Estadio AKRON,Zapopan,Match Finished,FT,90,,262,Liga MX,Mexico,https://media.api-sports.io/football/leagues/262.png,https://media.api-sports.io/flags/mx.svg,2022,Clausura - 7,True,2278,Guadalajara Chivas,https://media.api-sports.io/football/teams/2278.png,True,2280,Club Tijuana,https://media.api-sports.io/football/teams/2280.png,False,2,1,1,1,2,1,,,,
974362,B. González,UTC,2023-02-16T01:05:00+00:00,1676509500,1676509500,1676513100,11905.0,Estadio BBVA,Guadalupe,Match Finished,FT,90,,262,Liga MX,Mexico,https://media.api-sports.io/football/leagues/262.png,https://media.api-sports.io/flags/mx.svg,2022,Clausura - 7,True,2282,Monterrey,https://media.api-sports.io/football/teams/2282.png,True,2290,Club Queretaro,https://media.api-sports.io/football/teams/2290.png,False,2,0,2,0,2,0,,,,
974364,F. Guerrero,UTC,2023-02-16T03:05:00+00:00,1676516700,1676516700,1676520300,1080.0,Estadio Victoria de Aguascalientes,Aguascalientes,Match Finished,FT,90,,262,Liga MX,Mexico,https://media.api-sports.io/football/leagues/262.png,https://media.api-sports.io/flags/mx.svg,2022,Clausura - 7,True,2288,Necaxa,https://media.api-sports.io/football/teams/2288.png,True,2286,U.N.A.M. - Pumas,https://media.api-sports.io/football/teams/2286.png,False,3,1,2,1,3,1,,,,
974365,E. Miranda,UTC,2023-02-17T03:00:00+00:00,1676602800,1676602800,1676606400,10546.0,Estadio de Mazatlán,Mazatlán,Match Finished,FT,90,,262,Liga MX,Mexico,https://media.api-sports.io/football/leagues/262.png,https://media.api-sports.io/flags/mx.svg,2022,Clausura - 7,True,14002,Mazatlán,https://media.api-sports.io/football/teams/14002.png,False,2292,Pachuca,https://media.api-sports.io/football/teams/2292.png,True,2,3,0,1,2,3,,,,
974369,I. Lopez,UTC,2023-02-18T01:06:00+00:00,1676682360,1676682360,1676685960,1845.0,Estadio Olímpico Benito Juárez,Ciudad Juárez,Match Finished,FT,90,,262,Liga MX,Mexico,https://media.api-sports.io/football/leagues/262.png,https://media.api-sports.io/flags/mx.svg,2022,Clausura - 8,True,2298,FC Juarez,https://media.api-sports.io/football/teams/2298.png,,2289,Leon,https://media.api-sports.io/football/teams/2289.png,,0,0,0,0,0,0,,,,
974370,E. Galván,UTC,2023-02-18T03:05:00+00:00,1676689500,1676689500,1676693100,1082.0,Estadio Cuauhtémoc,Puebla,Match Finished,FT,90,,262,Liga MX,Mexico,https://media.api-sports.io/football/leagues/262.png,https://media.api-sports.io/flags/mx.svg,2022,Clausura - 8,True,2291,Puebla,https://media.api-sports.io/football/teams/2291.png,False,2295,Cruz Azul,https://media.api-sports.io/football/teams/2295.png,True,1,3,0,1,1,3,,,,
974368,Ó. Mejía,UTC,2023-02-18T23:00:00+00:00,1676761200,1676761200,1676764800,1795.0,Estadio Alfonso Lastras Ramírez,San Luis Potosí,Match Finished,FT,90,,262,Liga MX,Mexico,https://media.api-sports.io/football/leagues/262.png,https://media.api-sports.io/flags/mx.svg,2022,Clausura - 8,True,2314,Atletico San Luis,https://media.api-sports.io/football/teams/2314.png,,2285,Santos Laguna,https://media.api-sports.io/football/teams/2285.png,,1,1,1,0,1,1,,,,
974372,A. Escobedo,UTC,2023-02-19T01:05:00+00:00,1676768700,1676768700,1676772300,1071.0,Estadio Jalisco,Guadalajara,Match Finished,FT,90,,262,Liga MX,Mexico,https://media.api-sports.io/football/leagues/262.png,https://media.api-sports.io/flags/mx.svg,2022,Clausura - 8,True,2283,Atlas,https://media.api-sports.io/football/teams/2283.png,False,2279,Tigres UANL,https://media.api-sports.io/football/teams/2279.png,True,0,1,0,1,0,1,,,,
974373,M. Ortíz,UTC,2023-02-19T03:05:00+00:00,1676775900,1676775900,1676779500,1083.0,Estadio Olímpico de Universitario,D.F.,Match Finished,FT,90,,262,Liga MX,Mexico,https://media.api-sports.io/football/leagues/262.png,https://media.api-sports.io/flags/mx.svg,2022,Clausura - 8,True,2286,U.N.A.M. - Pumas,https://media.api-sports.io/football/teams/2286.png,False,2278,Guadalajara Chivas,https://media.api-sports.io/football/teams/2278.png,True,1,2,0,2,1,2,,,,
974374,F. Hernández,UTC,2023-02-19T23:00:00+00:00,1676847600,1676847600,1676851200,1084.0,Estadio La Corregidora,Santiago de Querétaro,Match Finished,FT,90,,262,Liga MX,Mexico,https://media.api-sports.io/football/leagues/262.png,https://media.api-sports.io/flags/mx.svg,2022,Clausura - 8,True,2290,Club Queretaro,https://media.api-sports.io/football/teams/2290.png,,14002,Mazatlán,https://media.api-sports.io/football/teams/14002.png,,1,1,1,0,1,1,,,,
974371,G. Pacheco,UTC,2023-02-19T23:06:00+00:00,1676847960,1676847960,1676851560,11905.0,Estadio BBVA,Guadalupe,Match Finished,FT,90,,262,Liga MX,Mexico,https://media.api-sports.io/football/leagues/262.png,https://media.api-sports.io/flags/mx.svg,2022,Clausura - 8,True,2282,Monterrey,https://media.api-sports.io/football/teams/2282.png,True,2288,Necaxa,https://media.api-sports.io/football/teams/2288.png,False,2,1,0,0,2,1,,,,
974375,F. Guerrero,UTC,2023-02-20T01:05:00+00:00,1676855100,1676855100,1676858700,7182.0,Estadio Azteca,D.F.,Match Finished,FT,90,,262,Liga MX,Mexico,https://media.api-sports.io/football/leagues/262.png,https://media.api-sports.io/flags/mx.svg,2022,Clausura - 8,True,2287,Club America,https://media.api-sports.io/football/teams/2287.png,True,2280,Club Tijuana,https://media.api-sports.io/football/teams/2280.png,False,2,1,1,0,2,1,,,,
974376,L. Santander,UTC,2023-02-20T03:05:00+00:00,1676862300,1676862300,1676865900,1081.0,Estadio Hidalgo,Pachuca de Soto,Match Finished,FT,90,,262,Liga MX,Mexico,https://media.api-sports.io/football/leagues/262.png,https://media.api-sports.io/flags/mx.svg,2022,Clausura - 8,True,2292,Pachuca,https://media.api-sports.io/football/teams/2292.png,False,2281,Toluca,https://media.api-sports.io/football/teams/2281.png,True,1,2,0,1,1,2,,,,
974366,C. Ramos,UTC,2023-02-23T02:05:00+00:00,1677117900,1677117900,1677121500,7182.0,Estadio Azteca,D.F.,Match Finished,FT,90,,262,Liga MX,Mexico,https://media.api-sports.io/football/leagues/262.png,https://media.api-sports.io/flags/mx.svg,2022,Clausura - 7,True,2295,Cruz Azul,https://media.api-sports.io/football/teams/2295.png,True,2283,Atlas,https://media.api-sports.io/football/teams/2283.png,False,1,0,0,0,1,0,,,,
974367,F. Guerrero,UTC,2023-02-24T02:05:00+00:00,1677204300,1677204300,1677207900,1085.0,Estadio Nuevo Corona,Torreón,Match Finished,FT,90,,262,Liga MX,Mexico,https://media.api-sports.io/football/leagues/262.png,https://media.api-sports.io/flags/mx.svg,2022,Clausura - 7,True,2285,Santos Laguna,https://media.api-sports.io/football/teams/2285.png,False,2281,Toluca,https://media.api-sports.io/football/teams/2281.png,True,0,5,0,2,0,5,,,,
974377,M. Ortíz,UTC,2023-02-25T01:05:00+00:00,1677287100,1677287100,1677290700,1080.0,Estadio Victoria de Aguascalientes,Aguascalientes,Match Finished,FT,90,,262,Liga MX,Mexico,https://media.api-sports.io/football/leagues/262.png,https://media.api-sports.io/flags/mx.svg,2022,Clausura - 9,True,2288,Necaxa,https://media.api-sports.io/football/teams/2288.png,,2290,Club Queretaro,https://media.api-sports.io/football/teams/2290.png,,1,1,1,0,1,1,,,,
974378,E. Galván,UTC,2023-02-25T03:10:00+00:00,1677294600,1677294600,1677298200,10546.0,Estadio de Mazatlán,Mazatlán,Match Finished,FT,90,,262,Liga MX,Mexico,https://media.api-sports.io/football/leagues/262.png,https://media.api-sports.io/flags/mx.svg,2022,Clausura - 9,True,14002,Mazatlán,https://media.api-sports.io/football/teams/14002.png,False,2286,U.N.A.M. - Pumas,https://media.api-sports.io/football/teams/2286.png,True,1,2,1,0,1,2,,,,
974379,Ó. Macías,UTC,2023-02-25T23:00:00+00:00,1677366000,1677366000,1677369600,7182.0,Estadio Azteca,D.F.,Match Finished,FT,90,,262,Liga MX,Mexico,https://media.api-sports.io/football/leagues/262.png,https://media.api-sports.io/flags/mx.svg,2022,Clausura - 9,True,2295,Cruz Azul,https://media.api-sports.io/football/teams/2295.png,True,2298,FC Juarez,https://media.api-sports.io/football/teams/2298.png,False,1,0,1,0,1,0,,,,
974380,D. Quintero,UTC,2023-02-26T01:05:00+00:00,1677373500,1677373500,1677377100,1087.0,Estadio Universitario de Nuevo León,San Nicolás de los Garza,Match Finished,FT,90,,262,Liga MX,Mexico,https://media.api-sports.io/football/leagues/262.png,https://media.api-sports.io/flags/mx.svg,2022,Clausura - 9,True,2279,Tigres UANL,https://media.api-sports.io/football/teams/2279.png,False,2278,Guadalajara Chivas,https://media.api-sports.io/football/teams/2278.png,True,1,2,0,2,1,2,,,,
974381,L. Santander,UTC,2023-02-26T03:05:00+00:00,1677380700,1677380700,1677384300,1071.0,Estadio Jalisco,Guadalajara,Match Finished,FT,90,,262,Liga MX,Mexico,https://media.api-sports.io/football/leagues/262.png,https://media.api-sports.io/flags/mx.svg,2022,Clausura - 9,True,2283,Atlas,https://media.api-sports.io/football/teams/2283.png,,2287,Club America,https://media.api-sports.io/football/teams/2287.png,,2,2,1,2,2,2,,,,
974382,J. Camacho,UTC,2023-02-26T18:00:00+00:00,1677434400,1677434400,1677438000,1089.0,Estadio Nemesio Díez,Toluca de Lerdo,Match Finished,FT,90,,262,Liga MX,Mexico,https://media.api-sports.io/football/leagues/262.png,https://media.api-sports.io/flags/mx.svg,2022,Clausura - 9,True,2281,Toluca,https://media.api-sports.io/football/teams/2281.png,True,2314,Atletico San Luis,https://media.api-sports.io/football/teams/2314.png,False,2,0,2,0,2,0,,,,
974383,B. González,UTC,2023-02-27T01:05:00+00:00,1677459900,1677459900,1677463500,1085.0,Estadio Nuevo Corona,Torreón,Match Finished,FT,90,,262,Liga MX,Mexico,https://media.api-sports.io/football/leagues/262.png,https://media.api-sports.io/flags/mx.svg,2022,Clausura - 9,True,2285,Santos Laguna,https://media.api-sports.io/football/teams/2285.png,True,2291,Puebla,https://media.api-sports.io/football/teams/2291.png,False,3,2,2,0,3,2,,,,
974384,F. Hernández,UTC,2023-02-27T03:05:00+00:00,1677467100,1677467100,1677470700,1088.0,Estadio Caliente,Tijuana,Match Finished,FT,90,,262,Liga MX,Mexico,https://media.api-sports.io/football/leagues/262.png,https://media.api-sports.io/flags/mx.svg,2022,Clausura - 9,True,2280,Club Tijuana,https://media.api-sports.io/football/teams/2280.png,True,2292,Pachuca,https://media.api-sports.io/football/teams/2292.png,False,2,0,2,0,2,0,,,,
974385,C. Ramos,UTC,2023-02-28T03:10:00+00:00,1677553800,1677553800,1677557400,,Estadio León,León de los Aldamas,Match Finished,FT,90,,262,Liga MX,Mexico,https://media.api-sports.io/football/leagues/262.png,https://media.api-sports.io/flags/mx.svg,2022,Clausura - 9,True,2289,Leon,https://media.api-sports.io/football/teams/2289.png,,2282,Monterrey,https://media.api-sports.io/football/teams/2282.png,,1,1,1,0,1,1,,,,
974386,F. Hernández,UTC,2023-03-04T01:05:00+00:00,1677891900,1677891900,1677895500,1080.0,Estadio Victoria de Aguascalientes,Aguascalientes,Match Finished,FT,90,,262,Liga MX,Mexico,https://media.api-sports.io/football/leagues/262.png,https://media.api-sports.io/flags/mx.svg,2022,Clausura - 10,True,2288,Necaxa,https://media.api-sports.io/football/teams/2288.png,False,2279,Tigres UANL,https://media.api-sports.io/football/teams/2279.png,True,0,1,0,1,0,1,,,,
974387,J. Lopez,UTC,2023-03-04T01:05:00+00:00,1677891900,1677891900,1677895500,10546.0,Estadio de Mazatlán,Mazatlán,Match Finished,FT,90,,262,Liga MX,Mexico,https://media.api-sports.io/football/leagues/262.png,https://media.api-sports.io/flags/mx.svg,2022,Clausura - 10,True,14002,Mazatlán,https://media.api-sports.io/football/teams/14002.png,True,2295,Cruz Azul,https://media.api-sports.io/football/teams/2295.png,False,3,1,1,1,3,1,,,,
974388,D. Quintero,UTC,2023-03-04T03:15:00+00:00,1677899700,1677899700,1677903300,1088.0,Estadio Caliente,Tijuana,Match Finished,FT,90,,262,Liga MX,Mexico,https://media.api-sports.io/football/leagues/262.png,https://media.api-sports.io/flags/mx.svg,2022,Clausura - 10,True,2280,Club Tijuana,https://media.api-sports.io/football/teams/2280.png,,2283,Atlas,https://media.api-sports.io/football/teams/2283.png,,1,1,1,1,1,1,,,,
974389,F. Guerrero,UTC,2023-03-04T23:00:00+00:00,1677970800,1677970800,1677974400,,Estadio León,León de los Aldamas,Match Finished,FT,90,,262,Liga MX,Mexico,https://media.api-sports.io/football/leagues/262.png,https://media.api-sports.io/flags/mx.svg,2022,Clausura - 10,True,2289,Leon,https://media.api-sports.io/football/teams/2289.png,True,2314,Atletico San Luis,https://media.api-sports.io/football/teams/2314.png,False,2,0,0,0,2,0,,,,
974391,A. Escobedo,UTC,2023-03-05T01:05:00+00:00,1677978300,1677978300,1677981900,7182.0,Estadio Azteca,D.F.,Match Finished,FT,90,,262,Liga MX,Mexico,https://media.api-sports.io/football/leagues/262.png,https://media.api-sports.io/flags/mx.svg,2022,Clausura - 10,True,2287,Club America,https://media.api-sports.io/football/teams/2287.png,False,2292,Pachuca,https://media.api-sports.io/football/teams/2292.png,True,0,3,0,3,0,3,,,,
974390,L. Santander,UTC,2023-03-05T01:10:00+00:00,1677978600,1677978600,1677982200,11905.0,Estadio BBVA,Guadalupe,Match Finished,FT,90,,262,Liga MX,Mexico,https://media.api-sports.io/football/leagues/262.png,https://media.api-sports.io/flags/mx.svg,2022,Clausura - 10,True,2282,Monterrey,https://media.api-sports.io/football/teams/2282.png,True,2298,FC Juarez,https://media.api-sports.io/football/teams/2298.png,False,3,0,1,0,3,0,,,,
974392,V. Cáceres,UTC,2023-03-05T03:05:00+00:00,1677985500,1677985500,1677989100,1076.0,Estadio AKRON,Zapopan,Match Finished,FT,90,,262,Liga MX,Mexico,https://media.api-sports.io/football/leagues/262.png,https://media.api-sports.io/flags/mx.svg,2022,Clausura - 10,True,2278,Guadalajara Chivas,https://media.api-sports.io/football/teams/2278.png,True,2285,Santos Laguna,https://media.api-sports.io/football/teams/2285.png,False,2,0,2,0,2,0,,,,
974393,C. Ramos,UTC,2023-03-05T18:00:00+00:00,1678039200,1678039200,1678042800,1083.0,Estadio Olímpico de Universitario,D.F.,Match Finished,FT,90,,262,Liga MX,Mexico,https://media.api-sports.io/football/leagues/262.png,https://media.api-sports.io/flags/mx.svg,2022,Clausura - 10,True,2286,U.N.A.M. - Pumas,https://media.api-sports.io/football/teams/2286.png,False,2291,Puebla,https://media.api-sports.io/football/teams/2291.png,True,2,4,1,2,2,4,,,,
974394,Ó. Macías,UTC,2023-03-06T01:05:00+00:00,1678064700,1678064700,1678068300,1084.0,Estadio La Corregidora,Santiago de Querétaro,Match Finished,FT,90,,262,Liga MX,Mexico,https://media.api-sports.io/football/leagues/262.png,https://media.api-sports.io/flags/mx.svg,2022,Clausura - 10,True,2290,Club Queretaro,https://media.api-sports.io/football/teams/2290.png,True,2281,Toluca,https://media.api-sports.io/football/teams/2281.png,False,1,0,1,0,1,0,,,,
974395,C. Ramos,UTC,2023-03-11T01:05:00+00:00,1678496700,1678496700,1678500300,1795.0,Estadio Alfonso Lastras Ramírez,San Luis Potosí,Match Finished,FT,90,,262,Liga MX,Mexico,https://media.api-sports.io/football/leagues/262.png,https://media.api-sports.io/flags/mx.svg,2022,Clausura - 11,True,2314,Atletico San Luis,https://media.api-sports.io/football/teams/2314.png,True,2290,Club Queretaro,https://media.api-sports.io/football/teams/2290.png,False,2,0,0,0,2,0,,,,
974396,Ó. Mejía,UTC,2023-03-11T03:05:00+00:00,1678503900,1678503900,1678507500,1082.0,Estadio Cuauhtémoc,Puebla,Match Finished,FT,90,,262,Liga MX,Mexico,https://media.api-sports.io/football/leagues/262.png,https://media.api-sports.io/flags/mx.svg,2022,Clausura - 11,True,2291,Puebla,https://media.api-sports.io/football/teams/2291.png,True,2278,Guadalajara Chivas,https://media.api-sports.io/football/teams/2278.png,False,1,0,1,0,1,0,,,,
974397,M. Ortíz,UTC,2023-03-11T23:00:00+00:00,1678575600,1678575600,1678579200,1071.0,Estadio Jalisco,Guadalajara,Match Finished,FT,90,,262,Liga MX,Mexico,https://media.api-sports.io/football/leagues/262.png,https://media.api-sports.io/flags/mx.svg,2022,Clausura - 11,True,2283,Atlas,https://media.api-sports.io/football/teams/2283.png,False,2289,Leon,https://media.api-sports.io/football/teams/2289.png,True,0,1,0,1,0,1,,,,
974398,D. Quintero,UTC,2023-03-12T01:05:00+00:00,1678583100,1678583100,1678586700,7182.0,Estadio Azteca,D.F.,Match Finished,FT,90,,262,Liga MX,Mexico,https://media.api-sports.io/football/leagues/262.png,https://media.api-sports.io/flags/mx.svg,2022,Clausura - 11,True,2295,Cruz Azul,https://media.api-sports.io/football/teams/2295.png,True,2286,U.N.A.M. - Pumas,https://media.api-sports.io/football/teams/2286.png,False,1,0,0,0,1,0,,,,
974399,V. Cáceres,UTC,2023-03-12T03:10:00+00:00,1678590600,1678590600,1678594200,1087.0,Estadio Universitario de Nuevo León,San Nicolás de los Garza,Match Finished,FT,90,,262,Liga MX,Mexico,https://media.api-sports.io/football/leagues/262.png,https://media.api-sports.io/flags/mx.svg,2022,Clausura - 11,True,2279,Tigres UANL,https://media.api-sports.io/football/teams/2279.png,False,2287,Club America,https://media.api-sports.io/football/teams/2287.png,True,0,2,0,1,0,2,,,,
974400,L. Santander,UTC,2023-03-12T18:00:00+00:00,1678644000,1678644000,1678647600,1089.0,Estadio Nemesio Díez,Toluca de Lerdo,Match Finished,FT,90,,262,Liga MX,Mexico,https://media.api-sports.io/football/leagues/262.png,https://media.api-sports.io/flags/mx.svg,2022,Clausura - 11,True,2281,Toluca,https://media.api-sports.io/football/teams/2281.png,True,14002,Mazatlán,https://media.api-sports.io/football/teams/14002.png,False,4,1,2,1,4,1,,,,
974402,I. Lopez,UTC,2023-03-13T01:05:00+00:00,1678669500,1678669500,1678673100,1085.0,Estadio Nuevo Corona,Torreón,Match Finished,FT,90,,262,Liga MX,Mexico,https://media.api-sports.io/football/leagues/262.png,https://media.api-sports.io/flags/mx.svg,2022,Clausura - 11,True,2285,Santos Laguna,https://media.api-sports.io/football/teams/2285.png,True,2280,Club Tijuana,https://media.api-sports.io/football/teams/2280.png,False,3,2,1,1,3,2,,,,
974401,F. Guerrero,UTC,2023-03-13T01:05:00+00:00,1678669500,1678669500,1678673100,1081.0,Estadio Hidalgo,Pachuca de Soto,Match Finished,FT,90,,262,Liga MX,Mexico,https://media.api-sports.io/football/leagues/262.png,https://media.api-sports.io/flags/mx.svg,2022,Clausura - 11,True,2292,Pachuca,https://media.api-sports.io/football/teams/2292.png,False,2282,Monterrey,https://media.api-sports.io/football/teams/2282.png,True,1,2,1,1,1,2,,,,
974403,E. Miranda,UTC,2023-03-13T03:15:00+00:00,1678677300,1678677300,1678680900,1845.0,Estadio Olímpico Benito Juárez,Ciudad Juárez,Match Finished,FT,90,,262,Liga MX,Mexico,https://media.api-sports.io/football/leagues/262.png,https://media.api-sports.io/flags/mx.svg,2022,Clausura - 11,True,2298,FC Juarez,https://media.api-sports.io/football/teams/2298.png,,2288,Necaxa,https://media.api-sports.io/football/teams/2288.png,,1,1,0,0,1,1,,,,
974404,Ó. Macías,UTC,2023-03-18T01:00:00+00:00,1679101200,1679101200,1679104800,1082.0,Estadio Cuauhtémoc,Puebla,Match Finished,FT,90,,262,Liga MX,Mexico,https://media.api-sports.io/football/leagues/262.png,https://media.api-sports.io/flags/mx.svg,2022,Clausura - 12,True,2291,Puebla,https://media.api-sports.io/football/teams/2291.png,False,2283,Atlas,https://media.api-sports.io/football/teams/2283.png,True,0,4,0,2,0,4,,,,
974406,E. Morales,UTC,2023-03-18T03:05:00+00:00,1679108700,1679108700,1679112300,1088.0,Estadio Caliente,Tijuana,Match Finished,FT,90,,262,Liga MX,Mexico,https://media.api-sports.io/football/leagues/262.png,https://media.api-sports.io/flags/mx.svg,2022,Clausura - 12,True,2280,Club Tijuana,https://media.api-sports.io/football/teams/2280.png,,2281,Toluca,https://media.api-sports.io/football/teams/2281.png,,3,3,0,3,3,3,,,,
974405,D. Quintero,UTC,2023-03-18T03:05:00+00:00,1679108700,1679108700,1679112300,10546.0,Estadio de Mazatlán,Mazatlán,Match Finished,FT,90,,262,Liga MX,Mexico,https://media.api-sports.io/football/leagues/262.png,https://media.api-sports.io/flags/mx.svg,2022,Clausura - 12,True,14002,Mazatlán,https://media.api-sports.io/football/teams/14002.png,False,2288,Necaxa,https://media.api-sports.io/football/teams/2288.png,True,0,1,0,1,0,1,,,,
974407,G. Pacheco,UTC,2023-03-18T23:00:00+00:00,1679180400,1679180400,1679184000,7182.0,Estadio Azteca,D.F.,Match Finished,FT,90,,262,Liga MX,Mexico,https://media.api-sports.io/football/leagues/262.png,https://media.api-sports.io/flags/mx.svg,2022,Clausura - 12,True,2295,Cruz Azul,https://media.api-sports.io/football/teams/2295.png,True,2314,Atletico San Luis,https://media.api-sports.io/football/teams/2314.png,False,1,0,0,0,1,0,,,,
974408,C. Ramos,UTC,2023-03-19T01:05:00+00:00,1679187900,1679187900,1679191500,1087.0,Estadio Universitario de Nuevo León,San Nicolás de los Garza,Match Finished,FT,90,,262,Liga MX,Mexico,https://media.api-sports.io/football/leagues/262.png,https://media.api-sports.io/flags/mx.svg,2022,Clausura - 12,True,2279,Tigres UANL,https://media.api-sports.io/football/teams/2279.png,False,2282,Monterrey,https://media.api-sports.io/football/teams/2282.png,True,0,1,0,0,0,1,,,,
974409,M. Ortíz,UTC,2023-03-19T03:10:00+00:00,1679195400,1679195400,1679199000,1076.0,Estadio AKRON,Zapopan,Match Finished,FT,90,,262,Liga MX,Mexico,https://media.api-sports.io/football/leagues/262.png,https://media.api-sports.io/flags/mx.svg,2022,Clausura - 12,True,2278,Guadalajara Chivas,https://media.api-sports.io/football/teams/2278.png,False,2287,Club America,https://media.api-sports.io/football/teams/2287.png,True,2,4,0,3,2,4,,,,
974410,V. Cáceres,UTC,2023-03-19T18:00:00+00:00,1679248800,1679248800,1679252400,1083.0,Estadio Olímpico de Universitario,D.F.,Match Finished,FT,90,,262,Liga MX,Mexico,https://media.api-sports.io/football/leagues/262.png,https://media.api-sports.io/flags/mx.svg,2022,Clausura - 12,True,2286,U.N.A.M. - Pumas,https://media.api-sports.io/football/teams/2286.png,False,2292,Pachuca,https://media.api-sports.io/football/teams/2292.png,True,0,2,0,0,0,2,,,,
974411,F. Guerrero,UTC,2023-03-20T01:05:00+00:00,1679274300,1679274300,1679277900,1084.0,Estadio La Corregidora,Santiago de Querétaro,Match Finished,FT,90,,262,Liga MX,Mexico,https://media.api-sports.io/football/leagues/262.png,https://media.api-sports.io/flags/mx.svg,2022,Clausura - 12,True,2290,Club Queretaro,https://media.api-sports.io/football/teams/2290.png,,2298,FC Juarez,https://media.api-sports.io/football/teams/2298.png,,2,2,1,0,2,2,,,,
974412,A. Escobedo,UTC,2023-03-20T03:05:00+00:00,1679281500,1679281500,1679285100,,Estadio León,León de los Aldamas,Match Finished,FT,90,,262,Liga MX,Mexico,https://media.api-sports.io/football/leagues/262.png,https://media.api-sports.io/flags/mx.svg,2022,Clausura - 12,True,2289,Leon,https://media.api-sports.io/football/teams/2289.png,True,2285,Santos Laguna,https://media.api-sports.io/football/teams/2285.png,False,4,1,3,0,4,1,,,,
973611,M. Ortíz,UTC,2023-03-25T03:05:00+00:00,1679713500,1679713500,1679717100,10546.0,Estadio de Mazatlán,Mazatlán,Match Finished,FT,90,,262,Liga MX,Mexico,https://media.api-sports.io/football/leagues/262.png,https://media.api-sports.io/flags/mx.svg,2022,Clausura - 1,True,14002,Mazatlán,https://media.api-sports.io/football/teams/14002.png,False,2289,Leon,https://media.api-sports.io/football/teams/2289.png,True,1,2,1,1,1,2,,,,
974335,Ó. Mejía,UTC,2023-03-30T03:05:00+00:00,1680145500,1680145500,1680149100,1084.0,Estadio La Corregidora,Santiago de Querétaro,Match Finished,FT,90,,262,Liga MX,Mexico,https://media.api-sports.io/football/leagues/262.png,https://media.api-sports.io/flags/mx.svg,2022,Clausura - 4,True,2290,Club Queretaro,https://media.api-sports.io/football/teams/2290.png,,2295,Cruz Azul,https://media.api-sports.io/football/teams/2295.png,,2,2,0,1,2,2,,,,
974413,E. Morales,UTC,2023-04-01T01:05:00+00:00,1680311100,1680311100,1680314700,1080.0,Estadio Victoria de Aguascalientes,Aguascalientes,Match Finished,FT,90,,262,Liga MX,Mexico,https://media.api-sports.io/football/leagues/262.png,https://media.api-sports.io/flags/mx.svg,2022,Clausura - 13,True,2288,Necaxa,https://media.api-sports.io/football/teams/2288.png,,2285,Santos Laguna,https://media.api-sports.io/football/teams/2285.png,,0,0,0,0,0,0,,,,
974414,D. Montaño,UTC,2023-04-01T03:00:00+00:00,1680318000,1680318000,1680321600,1845.0,Estadio Olímpico Benito Juárez,Ciudad Juárez,Match Finished,FT,90,,262,Liga MX,Mexico,https://media.api-sports.io/football/leagues/262.png,https://media.api-sports.io/flags/mx.svg,2022,Clausura - 13,True,2298,FC Juarez,https://media.api-sports.io/football/teams/2298.png,False,2291,Puebla,https://media.api-sports.io/football/teams/2291.png,True,0,2,0,0,0,2,,,,
974415,L. Santander,UTC,2023-04-01T23:00:00+00:00,1680390000,1680390000,1680393600,1081.0,Estadio Hidalgo,Pachuca de Soto,Match Finished,FT,90,,262,Liga MX,Mexico,https://media.api-sports.io/football/leagues/262.png,https://media.api-sports.io/flags/mx.svg,2022,Clausura - 13,True,2292,Pachuca,https://media.api-sports.io/football/teams/2292.png,False,2295,Cruz Azul,https://media.api-sports.io/football/teams/2295.png,True,0,2,0,1,0,2,,,,
974416,F. Hernández,UTC,2023-04-02T01:05:00+00:00,1680397500,1680397500,1680401100,7182.0,Estadio Azteca,D.F.,Match Finished,FT,90,,262,Liga MX,Mexico,https://media.api-sports.io/football/leagues/262.png,https://media.api-sports.io/flags/mx.svg,2022,Clausura - 13,True,2287,Club America,https://media.api-sports.io/football/teams/2287.png,,2289,Leon,https://media.api-sports.io/football/teams/2289.png,,2,2,0,1,2,2,,,,
974417,Ó. Macías,UTC,2023-04-02T01:15:00+00:00,1680398100,1680398100,1680401700,11905.0,Estadio BBVA,Guadalupe,Match Finished,FT,90,,262,Liga MX,Mexico,https://media.api-sports.io/football/leagues/262.png,https://media.api-sports.io/flags/mx.svg,2022,Clausura - 13,True,2282,Monterrey,https://media.api-sports.io/football/teams/2282.png,True,2280,Club Tijuana,https://media.api-sports.io/football/teams/2280.png,False,4,0,3,0,4,0,,,,
974418,C. Ramos,UTC,2023-04-02T03:10:00+00:00,1680405000,1680405000,1680408600,1071.0,Estadio Jalisco,Guadalajara,Match Finished,FT,90,,262,Liga MX,Mexico,https://media.api-sports.io/football/leagues/262.png,https://media.api-sports.io/flags/mx.svg,2022,Clausura - 13,True,2283,Atlas,https://media.api-sports.io/football/teams/2283.png,,2278,Guadalajara Chivas,https://media.api-sports.io/football/teams/2278.png,,3,3,2,2,3,3,,,,
974419,M. Ortíz,UTC,2023-04-02T18:00:00+00:00,1680458400,1680458400,1680462000,1089.0,Estadio Nemesio Díez,Toluca de Lerdo,Match Finished,FT,90,,262,Liga MX,Mexico,https://media.api-sports.io/football/leagues/262.png,https://media.api-sports.io/flags/mx.svg,2022,Clausura - 13,True,2281,Toluca,https://media.api-sports.io/football/teams/2281.png,True,2279,Tigres UANL,https://media.api-sports.io/football/teams/2279.png,False,3,2,2,0,3,2,,,,
974420,E. Miranda,UTC,2023-04-02T23:00:00+00:00,1680476400,1680476400,1680480000,1795.0,Estadio Alfonso Lastras Ramírez,San Luis Potosí,Match Finished,FT,90,,262,Liga MX,Mexico,https://media.api-sports.io/football/leagues/262.png,https://media.api-sports.io/flags/mx.svg,2022,Clausura - 13,True,2314,Atletico San Luis,https://media.api-sports.io/football/teams/2314.png,True,14002,Mazatlán,https://media.api-sports.io/football/teams/14002.png,False,2,1,1,0,2,1,,,,
974421,A. Escobedo,UTC,2023-04-03T01:05:00+00:00,1680483900,1680483900,1680487500,1084.0,Estadio La Corregidora,Santiago de Querétaro,Match Finished,FT,90,,262,Liga MX,Mexico,https://media.api-sports.io/football/leagues/262.png,https://media.api-sports.io/flags/mx.svg,2022,Clausura - 13,True,2290,Club Queretaro,https://media.api-sports.io/football/teams/2290.png,True,2286,U.N.A.M. - Pumas,https://media.api-sports.io/football/teams/2286.png,False,1,0,0,0,1,0,,,,
974422,I. Lopez,UTC,2023-04-08T01:05:00+00:00,1680915900,1680915900,1680919500,1082.0,Estadio Cuauhtémoc,Puebla,Match Finished,FT,90,,262,Liga MX,Mexico,https://media.api-sports.io/football/leagues/262.png,https://media.api-sports.io/flags/mx.svg,2022,Clausura - 14,True,2291,Puebla,https://media.api-sports.io/football/teams/2291.png,False,2281,Toluca,https://media.api-sports.io/football/teams/2281.png,True,1,2,0,2,1,2,,,,
974423,L. Santander,UTC,2023-04-08T03:10:00+00:00,1680923400,1680923400,1680927000,1088.0,Estadio Caliente,Tijuana,Match Finished,FT,90,,262,Liga MX,Mexico,https://media.api-sports.io/football/leagues/262.png,https://media.api-sports.io/flags/mx.svg,2022,Clausura - 14,True,2280,Club Tijuana,https://media.api-sports.io/football/teams/2280.png,False,2290,Club Queretaro,https://media.api-sports.io/football/teams/2290.png,True,1,2,0,1,1,2,,,,
974425,B. González,UTC,2023-04-08T23:00:00+00:00,1680994800,1680994800,1680998400,1076.0,Estadio AKRON,Zapopan,Match Finished,FT,90,,262,Liga MX,Mexico,https://media.api-sports.io/football/leagues/262.png,https://media.api-sports.io/flags/mx.svg,2022,Clausura - 14,True,2278,Guadalajara Chivas,https://media.api-sports.io/football/teams/2278.png,True,2288,Necaxa,https://media.api-sports.io/football/teams/2288.png,False,1,0,0,0,1,0,,,,
974426,F. Guerrero,UTC,2023-04-09T01:05:00+00:00,1681002300,1681002300,1681005900,1087.0,Estadio Universitario de Nuevo León,San Nicolás de los Garza,Match Finished,FT,90,,262,Liga MX,Mexico,https://media.api-sports.io/football/leagues/262.png,https://media.api-sports.io/flags/mx.svg,2022,Clausura - 14,True,2279,Tigres UANL,https://media.api-sports.io/football/teams/2279.png,False,14002,Mazatlán,https://media.api-sports.io/football/teams/14002.png,True,1,2,0,2,1,2,,,,
974424,D. Montaño,UTC,2023-04-09T01:05:00+00:00,1681002300,1681002300,1681005900,,Estadio León,León de los Aldamas,Match Finished,FT,90,,262,Liga MX,Mexico,https://media.api-sports.io/football/leagues/262.png,https://media.api-sports.io/flags/mx.svg,2022,Clausura - 14,True,2289,Leon,https://media.api-sports.io/football/teams/2289.png,,2295,Cruz Azul,https://media.api-sports.io/football/teams/2295.png,,0,0,0,0,0,0,,,,
974427,V. Cáceres,UTC,2023-04-09T03:10:00+00:00,1681009800,1681009800,1681013400,7182.0,Estadio Azteca,D.F.,Match Finished,FT,90,,262,Liga MX,Mexico,https://media.api-sports.io/football/leagues/262.png,https://media.api-sports.io/flags/mx.svg,2022,Clausura - 14,True,2287,Club America,https://media.api-sports.io/football/teams/2287.png,True,2282,Monterrey,https://media.api-sports.io/football/teams/2282.png,False,2,1,1,1,2,1,,,,
974428,Ó. Mejía,UTC,2023-04-09T18:00:00+00:00,1681063200,1681063200,1681066800,1083.0,Estadio Olímpico de Universitario,D.F.,Match Finished,FT,90,,262,Liga MX,Mexico,https://media.api-sports.io/football/leagues/262.png,https://media.api-sports.io/flags/mx.svg,2022,Clausura - 14,True,2286,U.N.A.M. - Pumas,https://media.api-sports.io/football/teams/2286.png,True,2314,Atletico San Luis,https://media.api-sports.io/football/teams/2314.png,False,3,1,2,1,3,1,,,,
974429,Ó. Macías,UTC,2023-04-10T00:05:00+00:00,1681085100,1681085100,1681088700,1085.0,Estadio Nuevo Corona,Torreón,Match Finished,FT,90,,262,Liga MX,Mexico,https://media.api-sports.io/football/leagues/262.png,https://media.api-sports.io/flags/mx.svg,2022,Clausura - 14,True,2285,Santos Laguna,https://media.api-sports.io/football/teams/2285.png,False,2292,Pachuca,https://media.api-sports.io/football/teams/2292.png,True,1,4,1,2,1,4,,,,
974430,A. Escobedo,UTC,2023-04-10T02:10:00+00:00,1681092600,1681092600,1681096200,1845.0,Estadio Olímpico Benito Juárez,Ciudad Juárez,Match Finished,FT,90,,262,Liga MX,Mexico,https://media.api-sports.io/football/leagues/262.png,https://media.api-sports.io/flags/mx.svg,2022,Clausura - 14,True,2298,FC Juarez,https://media.api-sports.io/football/teams/2298.png,,2283,Atlas,https://media.api-sports.io/football/teams/2283.png,,1,1,1,1,1,1,,,,
974431,L. Santander,UTC,2023-04-14T03:05:00+00:00,1681441500,1681441500,1681445100,1795.0,Estadio Alfonso Lastras Ramírez,San Luis Potosí,Match Finished,FT,90,,262,Liga MX,Mexico,https://media.api-sports.io/football/leagues/262.png,https://media.api-sports.io/flags/mx.svg,2022,Clausura - 15,True,2314,Atletico San Luis,https://media.api-sports.io/football/teams/2314.png,True,2298,FC Juarez,https://media.api-sports.io/football/teams/2298.png,False,2,0,1,0,2,0,,,,
974432,A. Escobedo,UTC,2023-04-15T01:05:00+00:00,1681520700,1681520700,1681524300,1080.0,Estadio Victoria de Aguascalientes,Aguascalientes,Match Finished,FT,90,,262,Liga MX,Mexico,https://media.api-sports.io/football/leagues/262.png,https://media.api-sports.io/flags/mx.svg,2022,Clausura - 15,True,2288,Necaxa,https://media.api-sports.io/football/teams/2288.png,,2291,Puebla,https://media.api-sports.io/football/teams/2291.png,,1,1,0,0,1,1,,,,
974433,C. Ramos,UTC,2023-04-15T03:05:00+00:00,1681527900,1681527900,1681531500,10546.0,Estadio de Mazatlán,Mazatlán,Match Finished,FT,90,,262,Liga MX,Mexico,https://media.api-sports.io/football/leagues/262.png,https://media.api-sports.io/flags/mx.svg,2022,Clausura - 15,True,14002,Mazatlán,https://media.api-sports.io/football/teams/14002.png,False,2280,Club Tijuana,https://media.api-sports.io/football/teams/2280.png,True,1,2,1,1,1,2,,,,
974434,E. Morales,UTC,2023-04-15T23:00:00+00:00,1681599600,1681599600,1681603200,1071.0,Estadio Jalisco,Guadalajara,Match Finished,FT,90,,262,Liga MX,Mexico,https://media.api-sports.io/football/leagues/262.png,https://media.api-sports.io/flags/mx.svg,2022,Clausura - 15,True,2283,Atlas,https://media.api-sports.io/football/teams/2283.png,True,2292,Pachuca,https://media.api-sports.io/football/teams/2292.png,False,4,1,3,0,4,1,,,,
974435,V. Cáceres,UTC,2023-04-16T01:05:00+00:00,1681607100,1681607100,1681610700,,Estadio León,León de los Aldamas,Match Finished,FT,90,,262,Liga MX,Mexico,https://media.api-sports.io/football/leagues/262.png,https://media.api-sports.io/flags/mx.svg,2022,Clausura - 15,True,2289,Leon,https://media.api-sports.io/football/teams/2289.png,False,2278,Guadalajara Chivas,https://media.api-sports.io/football/teams/2278.png,True,0,2,0,0,0,2,,,,
974436,F. Guerrero,UTC,2023-04-16T03:10:00+00:00,1681614600,1681614600,1681618200,7182.0,Estadio Azteca,D.F.,Match Finished,FT,90,,262,Liga MX,Mexico,https://media.api-sports.io/football/leagues/262.png,https://media.api-sports.io/flags/mx.svg,2022,Clausura - 15,True,2295,Cruz Azul,https://media.api-sports.io/football/teams/2295.png,False,2287,Club America,https://media.api-sports.io/football/teams/2287.png,True,1,3,1,1,1,3,,,,
974437,D. Montaño,UTC,2023-04-16T18:00:00+00:00,1681668000,1681668000,1681671600,1083.0,Estadio Olímpico de Universitario,D.F.,Match Finished,FT,90,,262,Liga MX,Mexico,https://media.api-sports.io/football/leagues/262.png,https://media.api-sports.io/flags/mx.svg,2022,Clausura - 15,True,2286,U.N.A.M. - Pumas,https://media.api-sports.io/football/teams/2286.png,True,2281,Toluca,https://media.api-sports.io/football/teams/2281.png,False,3,1,3,1,3,1,,,,
974438,Ó. Macías,UTC,2023-04-16T23:00:00+00:00,1681686000,1681686000,1681689600,1084.0,Estadio La Corregidora,Santiago de Querétaro,Match Finished,FT,90,,262,Liga MX,Mexico,https://media.api-sports.io/football/leagues/262.png,https://media.api-sports.io/flags/mx.svg,2022,Clausura - 15,True,2290,Club Queretaro,https://media.api-sports.io/football/teams/2290.png,,2279,Tigres UANL,https://media.api-sports.io/football/teams/2279.png,,0,0,0,0,0,0,,,,
974439,M. Ortíz,UTC,2023-04-17T01:10:00+00:00,1681693800,1681693800,1681697400,11905.0,Estadio BBVA,Guadalupe,Match Finished,FT,90,,262,Liga MX,Mexico,https://media.api-sports.io/football/leagues/262.png,https://media.api-sports.io/flags/mx.svg,2022,Clausura - 15,True,2282,Monterrey,https://media.api-sports.io/football/teams/2282.png,False,2285,Santos Laguna,https://media.api-sports.io/football/teams/2285.png,True,1,2,1,1,1,2,,,,
974440,E. Miranda,UTC,2023-04-21T02:05:00+00:00,1682042700,1682042700,1682046300,1087.0,Estadio Universitario de Nuevo León,San Nicolás de los Garza,Match Finished,FT,90,,262,Liga MX,Mexico,https://media.api-sports.io/football/leagues/262.png,https://media.api-sports.io/flags/mx.svg,2022,Clausura - 16,True,2279,Tigres UANL,https://media.api-sports.io/football/teams/2279.png,True,2291,Puebla,https://media.api-sports.io/football/teams/2291.png,False,1,0,0,0,1,0,,,,
974441,V. Cáceres,UTC,2023-04-22T01:05:00+00:00,1682125500,1682125500,1682129100,1080.0,Estadio Victoria de Aguascalientes,Aguascalientes,Match Finished,FT,90,,262,Liga MX,Mexico,https://media.api-sports.io/football/leagues/262.png,https://media.api-sports.io/flags/mx.svg,2022,Clausura - 16,True,2288,Necaxa,https://media.api-sports.io/football/teams/2288.png,False,2283,Atlas,https://media.api-sports.io/football/teams/2283.png,True,1,3,0,3,1,3,,,,
974442,L. Santander,UTC,2023-04-22T01:05:00+00:00,1682125500,1682125500,1682129100,10546.0,Estadio de Mazatlán,Mazatlán,Match Finished,FT,90,,262,Liga MX,Mexico,https://media.api-sports.io/football/leagues/262.png,https://media.api-sports.io/flags/mx.svg,2022,Clausura - 16,True,14002,Mazatlán,https://media.api-sports.io/football/teams/14002.png,False,2282,Monterrey,https://media.api-sports.io/football/teams/2282.png,True,0,2,0,1,0,2,,,,
974443,E. Morales,UTC,2023-04-22T03:05:00+00:00,1682132700,1682132700,1682136300,1088.0,Estadio Caliente,Tijuana,Match Finished,FT,90,,262,Liga MX,Mexico,https://media.api-sports.io/football/leagues/262.png,https://media.api-sports.io/flags/mx.svg,2022,Clausura - 16,True,2280,Club Tijuana,https://media.api-sports.io/football/teams/2280.png,,2289,Leon,https://media.api-sports.io/football/teams/2289.png,,0,0,0,0,0,0,,,,
974444,D. Quintero,UTC,2023-04-22T23:00:00+00:00,1682204400,1682204400,1682208000,1081.0,Estadio Hidalgo,Pachuca de Soto,Match Finished,FT,90,,262,Liga MX,Mexico,https://media.api-sports.io/football/leagues/262.png,https://media.api-sports.io/flags/mx.svg,2022,Clausura - 16,True,2292,Pachuca,https://media.api-sports.io/football/teams/2292.png,True,2314,Atletico San Luis,https://media.api-sports.io/football/teams/2314.png,False,2,1,0,1,2,1,,,,
974445,A. Escobedo,UTC,2023-04-23T01:05:00+00:00,1682211900,1682211900,1682215500,1076.0,Estadio AKRON,Zapopan,Match Finished,FT,90,,262,Liga MX,Mexico,https://media.api-sports.io/football/leagues/262.png,https://media.api-sports.io/flags/mx.svg,2022,Clausura - 16,True,2278,Guadalajara Chivas,https://media.api-sports.io/football/teams/2278.png,True,2295,Cruz Azul,https://media.api-sports.io/football/teams/2295.png,False,2,1,0,1,2,1,,,,
974446,C. Ramos,UTC,2023-04-23T03:10:00+00:00,1682219400,1682219400,1682223000,7182.0,Estadio Azteca,D.F.,Match Finished,FT,90,,262,Liga MX,Mexico,https://media.api-sports.io/football/leagues/262.png,https://media.api-sports.io/flags/mx.svg,2022,Clausura - 16,True,2287,Club America,https://media.api-sports.io/football/teams/2287.png,,2286,U.N.A.M. - Pumas,https://media.api-sports.io/football/teams/2286.png,,1,1,0,0,1,1,,,,
974447,F. Guerrero,UTC,2023-04-23T18:00:00+00:00,1682272800,1682272800,1682276400,1089.0,Estadio Nemesio Díez,Toluca de Lerdo,Match Finished,FT,90,,262,Liga MX,Mexico,https://media.api-sports.io/football/leagues/262.png,https://media.api-sports.io/flags/mx.svg,2022,Clausura - 16,True,2281,Toluca,https://media.api-sports.io/football/teams/2281.png,,2298,FC Juarez,https://media.api-sports.io/football/teams/2298.png,,1,1,1,0,1,1,,,,
974448,J. Camacho,UTC,2023-04-24T01:05:00+00:00,1682298300,1682298300,1682301900,1085.0,Estadio Nuevo Corona,Torreón,Match Finished,FT,90,,262,Liga MX,Mexico,https://media.api-sports.io/football/leagues/262.png,https://media.api-sports.io/flags/mx.svg,2022,Clausura - 16,True,2285,Santos Laguna,https://media.api-sports.io/football/teams/2285.png,False,2290,Club Queretaro,https://media.api-sports.io/football/teams/2290.png,True,0,2,0,0,0,2,,,,
974450,D. Quintero,UTC,2023-04-29T03:05:00+00:00,1682737500,1682737500,1682741100,1845.0,Estadio Olímpico Benito Juárez,Ciudad Juárez,Match Finished,FT,90,,262,Liga MX,Mexico,https://media.api-sports.io/football/leagues/262.png,https://media.api-sports.io/flags/mx.svg,2022,Clausura - 17,True,2298,FC Juarez,https://media.api-sports.io/football/teams/2298.png,False,2287,Club America,https://media.api-sports.io/football/teams/2287.png,True,0,1,0,1,0,1,,,,
974449,D. Montaño,UTC,2023-04-29T23:00:00+00:00,1682809200,1682809200,1682812800,1082.0,Estadio Cuauhtémoc,Puebla,Match Finished,FT,90,,262,Liga MX,Mexico,https://media.api-sports.io/football/leagues/262.png,https://media.api-sports.io/flags/mx.svg,2022,Clausura - 17,True,2291,Puebla,https://media.api-sports.io/football/teams/2291.png,True,2280,Club Tijuana,https://media.api-sports.io/football/teams/2280.png,False,5,2,2,1,5,2,,,,
974451,M. Ortíz,UTC,2023-04-30T01:00:00+00:00,1682816400,1682816400,1682820000,1795.0,Estadio Alfonso Lastras Ramírez,San Luis Potosí,Match Finished,FT,90,,262,Liga MX,Mexico,https://media.api-sports.io/football/leagues/262.png,https://media.api-sports.io/flags/mx.svg,2022,Clausura - 17,True,2314,Atletico San Luis,https://media.api-sports.io/football/teams/2314.png,,2283,Atlas,https://media.api-sports.io/football/teams/2283.png,,0,0,0,0,0,0,,,,
974453,Ó. Mejía,UTC,2023-04-30T01:05:00+00:00,1682816700,1682816700,1682820300,1076.0,Estadio AKRON,Zapopan,Match Finished,FT,90,,262,Liga MX,Mexico,https://media.api-sports.io/football/leagues/262.png,https://media.api-sports.io/flags/mx.svg,2022,Clausura - 17,True,2278,Guadalajara Chivas,https://media.api-sports.io/football/teams/2278.png,True,14002,Mazatlán,https://media.api-sports.io/football/teams/14002.png,False,4,1,2,1,4,1,,,,
974452,Ó. Macías,UTC,2023-04-30T01:05:00+00:00,1682816700,1682816700,1682820300,11905.0,Estadio BBVA,Guadalupe,Match Finished,FT,90,,262,Liga MX,Mexico,https://media.api-sports.io/football/leagues/262.png,https://media.api-sports.io/flags/mx.svg,2022,Clausura - 17,True,2282,Monterrey,https://media.api-sports.io/football/teams/2282.png,True,2286,U.N.A.M. - Pumas,https://media.api-sports.io/football/teams/2286.png,False,4,1,4,1,4,1,,,,
974454,L. Santander,UTC,2023-04-30T03:05:00+00:00,1682823900,1682823900,1682827500,7182.0,Estadio Azteca,D.F.,Match Finished,FT,90,,262,Liga MX,Mexico,https://media.api-sports.io/football/leagues/262.png,https://media.api-sports.io/flags/mx.svg,2022,Clausura - 17,True,2295,Cruz Azul,https://media.api-sports.io/football/teams/2295.png,True,2285,Santos Laguna,https://media.api-sports.io/football/teams/2285.png,False,3,2,2,0,3,2,,,,
974455,C. Ramos,UTC,2023-04-30T18:00:00+00:00,1682877600,1682877600,1682881200,1089.0,Estadio Nemesio Díez,Toluca de Lerdo,Match Finished,FT,90,,262,Liga MX,Mexico,https://media.api-sports.io/football/leagues/262.png,https://media.api-sports.io/flags/mx.svg,2022,Clausura - 17,True,2281,Toluca,https://media.api-sports.io/football/teams/2281.png,True,2288,Necaxa,https://media.api-sports.io/football/teams/2288.png,False,3,0,1,0,3,0,,,,
974456,V. Cáceres,UTC,2023-04-30T23:00:00+00:00,1682895600,1682895600,1682899200,1084.0,Estadio La Corregidora,Santiago de Querétaro,Match Finished,FT,90,,262,Liga MX,Mexico,https://media.api-sports.io/football/leagues/262.png,https://media.api-sports.io/flags/mx.svg,2022,Clausura - 17,True,2290,Club Queretaro,https://media.api-sports.io/football/teams/2290.png,False,2292,Pachuca,https://media.api-sports.io/football/teams/2292.png,True,0,1,0,1,0,1,,,,
974457,F. Guerrero,UTC,2023-05-01T01:05:00+00:00,1682903100,1682903100,1682906700,,Estadio León,León de los Aldamas,Match Finished,FT,90,,262,Liga MX,Mexico,https://media.api-sports.io/football/leagues/262.png,https://media.api-sports.io/flags/mx.svg,2022,Clausura - 17,True,2289,Leon,https://media.api-sports.io/football/teams/2289.png,True,2279,Tigres UANL,https://media.api-sports.io/football/teams/2279.png,False,3,0,2,0,3,0,,,,
1024695,C. Ramos,UTC,2023-05-06T23:00:00+00:00,1683414000,1683414000,1683417600,7182.0,Estadio Azteca,D.F.,Match Finished,FT,90,,262,Liga MX,Mexico,https://media.api-sports.io/football/leagues/262.png,https://media.api-sports.io/flags/mx.svg,2022,Clausura - Reclasificacion,True,2295,Cruz Azul,https://media.api-sports.io/football/teams/2295.png,False,2283,Atlas,https://media.api-sports.io/football/teams/2283.png,True,0,1,0,1,0,1,,,,
1024692,A. Escobedo,UTC,2023-05-07T01:10:00+00:00,1683421800,1683421800,1683425400,1081.0,Estadio Hidalgo,Pachuca de Soto,Match Finished,PEN,120,,262,Liga MX,Mexico,https://media.api-sports.io/football/leagues/262.png,https://media.api-sports.io/flags/mx.svg,2022,Clausura - Reclasificacion,True,2292,Pachuca,https://media.api-sports.io/football/teams/2292.png,False,2285,Santos Laguna,https://media.api-sports.io/football/teams/2285.png,True,4,4,3,2,4,4,0.0,0.0,2.0,4.0
1024693,V. Cáceres,UTC,2023-05-08T01:06:00+00:00,1683507960,1683507960,1683511560,,Estadio León,León de los Aldamas,Match Finished,FT,90,,262,Liga MX,Mexico,https://media.api-sports.io/football/leagues/262.png,https://media.api-sports.io/flags/mx.svg,2022,Clausura - Reclasificacion,True,2289,Leon,https://media.api-sports.io/football/teams/2289.png,False,2314,Atlético San Luis,https://media.api-sports.io/football/teams/2314.png,True,1,3,1,3,1,3,,,,
1024694,M. Ortíz,UTC,2023-05-08T03:10:00+00:00,1683515400,1683515400,1683519000,1087.0,Estadio Universitario de Nuevo León,San Nicolás de los Garza,Match Finished,FT,90,,262,Liga MX,Mexico,https://media.api-sports.io/football/leagues/262.png,https://media.api-sports.io/flags/mx.svg,2022,Clausura - Reclasificacion,True,2279,Tigres UANL,https://media.api-sports.io/football/teams/2279.png,True,2291,Puebla,https://media.api-sports.io/football/teams/2291.png,False,1,0,0,0,1,0,,,,
1025954,L. Santander,UTC,2023-05-11T01:00:00+00:00,1683766800,1683766800,1683770400,1085.0,Estadio Nuevo Corona,Torreón,Match Finished,FT,90,,262,Liga MX,Mexico,https://media.api-sports.io/football/leagues/262.png,https://media.api-sports.io/flags/mx.svg,2022,Clausura - Quarter-finals,True,2285,Santos Laguna,https://media.api-sports.io/football/teams/2285.png,,2282,Monterrey,https://media.api-sports.io/football/teams/2282.png,,0,0,0,0,0,0,,,,
1026493,F. Guerrero,UTC,2023-05-11T03:10:00+00:00,1683774600,1683774600,1683778200,1795.0,Estadio Alfonso Lastras Ramírez,San Luis Potosí,Match Finished,FT,90,,262,Liga MX,Mexico,https://media.api-sports.io/football/leagues/262.png,https://media.api-sports.io/flags/mx.svg,2022,Clausura - Quarter-finals,True,2314,Atletico San Luis,https://media.api-sports.io/football/teams/2314.png,False,2287,Club America,https://media.api-sports.io/football/teams/2287.png,True,1,3,1,3,1,3,,,,
1026495,M. Ortíz,UTC,2023-05-12T01:00:00+00:00,1683853200,1683853200,1683856800,1071.0,Estadio Jalisco,Guadalajara,Match Finished,FT,90,,262,Liga MX,Mexico,https://media.api-sports.io/football/leagues/262.png,https://media.api-sports.io/flags/mx.svg,2022,Clausura - Quarter-finals,True,2283,Atlas,https://media.api-sports.io/football/teams/2283.png,True,2278,Guadalajara Chivas,https://media.api-sports.io/football/teams/2278.png,False,1,0,1,0,1,0,,,,
1026497,A. Escobedo,UTC,2023-05-12T03:10:00+00:00,1683861000,1683861000,1683864600,1087.0,Estadio Universitario de Nuevo León,San Nicolás de los Garza,Match Finished,FT,90,,262,Liga MX,Mexico,https://media.api-sports.io/football/leagues/262.png,https://media.api-sports.io/flags/mx.svg,2022,Clausura - Quarter-finals,True,2279,Tigres UANL,https://media.api-sports.io/football/teams/2279.png,True,2281,Toluca,https://media.api-sports.io/football/teams/2281.png,False,4,1,3,1,4,1,,,,
1025953,Ó. Macías,UTC,2023-05-14T01:06:00+00:00,1684026360,1684026360,1684029960,11905.0,Estadio BBVA,Guadalupe,Match Finished,FT,90,,262,Liga MX,Mexico,https://media.api-sports.io/football/leagues/262.png,https://media.api-sports.io/flags/mx.svg,2022,Clausura - Quarter-finals,True,2282,Monterrey,https://media.api-sports.io/football/teams/2282.png,True,2285,Santos Laguna,https://media.api-sports.io/football/teams/2285.png,False,2,0,1,0,2,0,,,,
1026492,D. Quintero,UTC,2023-05-14T03:16:00+00:00,1684034160,1684034160,1684037760,7182.0,Estadio Azteca,D.F.,Match Finished,FT,90,,262,Liga MX,Mexico,https://media.api-sports.io/football/leagues/262.png,https://media.api-sports.io/flags/mx.svg,2022,Clausura - Quarter-finals,True,2287,Club America,https://media.api-sports.io/football/teams/2287.png,False,2314,Atletico San Luis,https://media.api-sports.io/football/teams/2314.png,True,1,2,0,2,1,2,,,,
1026496,C. Ramos,UTC,2023-05-14T18:00:00+00:00,1684087200,1684087200,1684090800,1089.0,Estadio Nemesio Díez,Toluca de Lerdo,Match Finished,FT,90,,262,Liga MX,Mexico,https://media.api-sports.io/football/leagues/262.png,https://media.api-sports.io/flags/mx.svg,2022,Clausura - Quarter-finals,True,2281,Toluca,https://media.api-sports.io/football/teams/2281.png,True,2279,Tigres UANL,https://media.api-sports.io/football/teams/2279.png,False,3,1,2,0,3,1,,,,
1026494,V. Cáceres,UTC,2023-05-15T01:05:00+00:00,1684112700,1684112700,1684116300,1076.0,Estadio AKRON,Zapopan,Match Finished,FT,90,,262,Liga MX,Mexico,https://media.api-sports.io/football/leagues/262.png,https://media.api-sports.io/flags/mx.svg,2022,Clausura - Quarter-finals,True,2278,Guadalajara Chivas,https://media.api-sports.io/football/teams/2278.png,True,2283,Atlas,https://media.api-sports.io/football/teams/2283.png,False,1,0,0,0,1,0,,,,
1027143,F. Guerrero,UTC,2023-05-18T03:00:00+00:00,1684378800,1684378800,1684382400,1087.0,Estadio Universitario de Nuevo León,San Nicolás de los Garza,Match Finished,FT,90,,262,Liga MX,Mexico,https://media.api-sports.io/football/leagues/262.png,https://media.api-sports.io/flags/mx.svg,2022,Clausura - Semi-finals,True,2279,Tigres UANL,https://media.api-sports.io/football/teams/2279.png,,2282,Monterrey,https://media.api-sports.io/football/teams/2282.png,,1,1,0,1,1,1,,,,
1027145,C. Ramos,UTC,2023-05-19T02:10:00+00:00,1684462200,1684462200,1684465800,1076.0,Estadio AKRON,Zapopan,Match Finished,FT,90,,262,Liga MX,Mexico,https://media.api-sports.io/football/leagues/262.png,https://media.api-sports.io/flags/mx.svg,2022,Clausura - Semi-finals,True,2278,Guadalajara Chivas,https://media.api-sports.io/football/teams/2278.png,False,2287,Club America,https://media.api-sports.io/football/teams/2287.png,True,0,1,0,0,0,1,,,,
1027144,L. Santander,UTC,2023-05-21T01:06:00+00:00,1684631160,1684631160,1684634760,11905.0,Estadio BBVA,Guadalupe,Match Finished,FT,90,,262,Liga MX,Mexico,https://media.api-sports.io/football/leagues/262.png,https://media.api-sports.io/flags/mx.svg,2022,Clausura - Semi-finals,True,2282,Monterrey,https://media.api-sports.io/football/teams/2282.png,False,2279,Tigres UANL,https://media.api-sports.io/football/teams/2279.png,True,0,1,0,0,0,1,,,,
1027146,V. Cáceres,UTC,2023-05-22T02:00:00+00:00,1684720800,1684720800,1684724400,7182.0,Estadio Azteca,D.F.,Match Finished,FT,90,,262,Liga MX,Mexico,https://media.api-sports.io/football/leagues/262.png,https://media.api-sports.io/flags/mx.svg,2022,Clausura - Semi-finals,True,2287,Club America,https://media.api-sports.io/football/teams/2287.png,False,2278,Guadalajara Chivas,https://media.api-sports.io/football/teams/2278.png,True,1,3,0,1,1,3,,,,
1028348,F. Guerrero,UTC,2023-05-26T02:00:00+00:00,1685066400,1685066400,1685070000,1087.0,Estadio Universitario de Nuevo León,San Nicolás de los Garza,Match Finished,FT,90,,262,Liga MX,Mexico,https://media.api-sports.io/football/leagues/262.png,https://media.api-sports.io/flags/mx.svg,2022,Clausura - Final,True,2279,Tigres UANL,https://media.api-sports.io/football/teams/2279.png,,2278,Guadalajara Chivas,https://media.api-sports.io/football/teams/2278.png,,0,0,0,0,0,0,,,,
1028349,C. Ramos,UTC,2023-05-29T01:35:00+00:00,1685324100,1685324100,1685327700,1076.0,Estadio AKRON,Zapopan,Match Finished,AET,120,,262,Liga MX,Mexico,https://media.api-sports.io/football/leagues/262.png,https://media.api-sports.io/flags/mx.svg,2022,Clausura - Final,True,2278,Guadalajara Chivas,https://media.api-sports.io/football/teams/2278.png,False,2279,Tigres UANL,https://media.api-sports.io/football/teams/2279.png,True,2,3,2,0,2,2,0.0,1.0,,
