fixture.id,fixture.referee,fixture.timezone,fixture.date,fixture.timestamp,fixture.periods.first,fixture.periods.second,fixture.venue.id,fixture.venue.name,fixture.venue.city,fixture.status.long,fixture.status.short,fixture.status.elapsed,fixture.status.extra,league.id,league.name,league.country,league.logo,league.flag,league.season,league.round,league.standings,teams.home.id,teams.home.name,teams.home.logo,teams.home.winner,teams.away.id,teams.away.name,teams.away.logo,teams.away.winner,goals.home,goals.away,score.halftime.home,score.halftime.away,score.fulltime.home,score.fulltime.away,score.extratime.home,score.extratime.away,score.penalty.home,score.penalty.away
721722,"Marco Antonio Ortiz Nava, Mexico",UTC,2021-07-23T02:00:00+00:00,1627005600,1627005600,1627009200,1084.0,Estadio La Corregidora,Santiago de Querétaro,Match Finished,FT,90,,262,Liga MX,Mexico,https://media.api-sports.io/football/leagues/262.png,https://media.api-sports.io/flags/mx.svg,2021,Apertura - 1,True,2290,Club Queretaro,https://media.api-sports.io/football/teams/2290.png,,2287,Club America,https://media.api-sports.io/football/teams/2287.png,,0,0,0,0,0,0,,,,
721723,"Jorge Antonio Perez Duran, Mexico",UTC,2021-07-24T00:00:00+00:00,1627084800,1627084800,1627088400,1080.0,Estadio Victoria de Aguascalientes,Aguascalientes,Match Finished,FT,90,,262,Liga MX,Mexico,https://media.api-sports.io/football/leagues/262.png,https://media.api-sports.io/flags/mx.svg,2021,Apertura - 1,True,2288,Necaxa,https://media.api-sports.io/football/teams/2288.png,False,2285,Santos Laguna,https://media.api-sports.io/football/teams/2285.png,True,0,3,0,2,0,3,,,,
721724,"Jorge Isaac Rojas Castillo, Mexico",UTC,2021-07-24T02:00:00+00:00,1627092000,1627092000,1627095600,1845.0,Estadio Olímpico Benito Juárez,Ciudad Juárez,Match Finished,FT,90,,262,Liga MX,Mexico,https://media.api-sports.io/football/leagues/262.png,https://media.api-sports.io/flags/mx.svg,2021,Apertura - 1,True,2298,FC Juarez,https://media.api-sports.io/football/teams/2298.png,False,2281,Toluca,https://media.api-sports.io/football/teams/2281.png,True,1,3,1,1,1,3,,,,
721725,"Alejandro Funk Villafane, Mexico",UTC,2021-07-24T21:00:00+00:00,1627160400,1627160400,1627164000,1081.0,Estadio Hidalgo,Pachuca de Soto,Match Finished,FT,90,,262,Liga MX,Mexico,https://media.api-sports.io/football/leagues/262.png,https://media.api-sports.io/flags/mx.svg,2021,Apertura - 1,True,2292,Pachuca,https://media.api-sports.io/football/teams/2292.png,True,2289,Leon,https://media.api-sports.io/football/teams/2289.png,False,4,0,0,0,4,0,,,,
721726,"Eduardo Galvan Basulto, Mexico",UTC,2021-07-25T02:00:00+00:00,1627178400,1627178400,1627182000,1076.0,Estadio AKRON,Zapopan,Match Finished,FT,90,,262,Liga MX,Mexico,https://media.api-sports.io/football/leagues/262.png,https://media.api-sports.io/flags/mx.svg,2021,Apertura - 1,True,2278,Guadalajara Chivas,https://media.api-sports.io/football/teams/2278.png,False,2314,Atletico San Luis,https://media.api-sports.io/football/teams/2314.png,True,1,2,0,1,1,2,,,,
721727,"Luis Santander, Mexico",UTC,2021-07-25T17:00:00+00:00,1627232400,1627232400,1627236000,1083.0,Estadio Olímpico de Universitario,D.F.,Match Finished,FT,90,,262,Liga MX,Mexico,https://media.api-sports.io/football/leagues/262.png,https://media.api-sports.io/flags/mx.svg,2021,Apertura - 1,True,2286,U.N.A.M. - Pumas,https://media.api-sports.io/football/teams/2286.png,,2283,Atlas,https://media.api-sports.io/football/teams/2283.png,,0,0,0,0,0,0,,,,
721728,"Oscar Mejia Garcia, Mexico",UTC,2021-07-26T00:06:00+00:00,1627257960,1627257960,1627261560,11905.0,Estadio BBVA,Guadalupe,Match Finished,FT,90,,262,Liga MX,Mexico,https://media.api-sports.io/football/leagues/262.png,https://media.api-sports.io/flags/mx.svg,2021,Apertura - 1,True,2282,Monterrey,https://media.api-sports.io/football/teams/2282.png,,2291,Puebla,https://media.api-sports.io/football/teams/2291.png,,1,1,0,0,1,1,,,,
721729,"Oscar Macias, Mexico",UTC,2021-07-26T02:06:00+00:00,1627265160,1627265160,1627268760,1088.0,Estadio Caliente,Tijuana,Match Finished,FT,90,,262,Liga MX,Mexico,https://media.api-sports.io/football/leagues/262.png,https://media.api-sports.io/flags/mx.svg,2021,Apertura - 1,True,2280,Club Tijuana,https://media.api-sports.io/football/teams/2280.png,False,2279,Tigres UANL,https://media.api-sports.io/football/teams/2279.png,True,1,2,0,1,1,2,,,,
721730,"Diego Montano, Mexico",UTC,2021-07-27T01:00:00+00:00,1627347600,1627347600,1627351200,7182.0,Estadio Azteca,D.F.,Match Finished,FT,90,,262,Liga MX,Mexico,https://media.api-sports.io/football/leagues/262.png,https://media.api-sports.io/flags/mx.svg,2021,Apertura - 1,True,2295,Cruz Azul,https://media.api-sports.io/football/teams/2295.png,False,14002,Mazatlán,https://media.api-sports.io/football/teams/14002.png,True,0,2,0,1,0,2,,,,
721731,"Edgar Ulises Rangel Araujo, Mexico",UTC,2021-07-31T00:00:00+00:00,1627689600,1627689600,1627693200,10546.0,Estadio de Mazatlán,Mazatlán,Match Finished,FT,90,,262,Liga MX,Mexico,https://media.api-sports.io/football/leagues/262.png,https://media.api-sports.io/flags/mx.svg,2021,Apertura - 2,True,14002,Mazatlán,https://media.api-sports.io/football/teams/14002.png,True,2292,Pachuca,https://media.api-sports.io/football/teams/2292.png,False,2,1,1,1,2,1,,,,
721732,"Fernando Guerrero Ramirez, Mexico",UTC,2021-07-31T02:05:00+00:00,1627697100,1627697100,1627700700,1082.0,Estadio Cuauhtémoc,Puebla,Match Finished,FT,90,,262,Liga MX,Mexico,https://media.api-sports.io/football/leagues/262.png,https://media.api-sports.io/flags/mx.svg,2021,Apertura - 2,True,2291,Puebla,https://media.api-sports.io/football/teams/2291.png,False,2278,Guadalajara Chivas,https://media.api-sports.io/football/teams/2278.png,True,0,2,0,0,0,2,,,,
721737,"Jorge Antonio Perez Duran, Mexico",UTC,2021-07-31T22:00:00+00:00,1627768800,1627768800,1627772400,,Estadio Leon,Leon,Match Finished,FT,90,,262,Liga MX,Mexico,https://media.api-sports.io/football/leagues/262.png,https://media.api-sports.io/flags/mx.svg,2021,Apertura - 2,True,2289,Leon,https://media.api-sports.io/football/teams/2289.png,True,2280,Club Tijuana,https://media.api-sports.io/football/teams/2280.png,False,2,1,1,0,2,1,,,,
721733,"Fernando Hernandez, Mexico",UTC,2021-08-01T00:00:00+00:00,1627776000,1627776000,1627779600,7182.0,Estadio Azteca,D.F.,Match Finished,FT,90,,262,Liga MX,Mexico,https://media.api-sports.io/football/leagues/262.png,https://media.api-sports.io/flags/mx.svg,2021,Apertura - 2,True,2287,Club America,https://media.api-sports.io/football/teams/2287.png,True,2288,Necaxa,https://media.api-sports.io/football/teams/2288.png,False,2,1,1,0,2,1,,,,
721734,"Adonai Escobedo Gonzalez, Mexico",UTC,2021-08-01T02:00:00+00:00,1627783200,1627783200,1627786800,11905.0,Estadio BBVA,Guadalupe,Match Finished,FT,90,,262,Liga MX,Mexico,https://media.api-sports.io/football/leagues/262.png,https://media.api-sports.io/flags/mx.svg,2021,Apertura - 2,True,2282,Monterrey,https://media.api-sports.io/football/teams/2282.png,True,2286,U.N.A.M. - Pumas,https://media.api-sports.io/football/teams/2286.png,False,2,0,1,0,2,0,,,,
721735,"Oscar Mejia Garcia, Mexico",UTC,2021-08-01T02:05:00+00:00,1627783500,1627783500,1627787100,1071.0,Estadio Jalisco,Guadalajara,Match Finished,FT,90,,262,Liga MX,Mexico,https://media.api-sports.io/football/leagues/262.png,https://media.api-sports.io/flags/mx.svg,2021,Apertura - 2,True,2283,Atlas,https://media.api-sports.io/football/teams/2283.png,True,2298,FC Juarez,https://media.api-sports.io/football/teams/2298.png,False,2,0,0,0,2,0,,,,
721736,"Victor Alfonso Caceres Hernandez, Mexico",UTC,2021-08-01T17:00:00+00:00,1627837200,1627837200,1627840800,1089.0,Estadio Nemesio Díez,Toluca de Lerdo,Match Finished,FT,90,,262,Liga MX,Mexico,https://media.api-sports.io/football/leagues/262.png,https://media.api-sports.io/flags/mx.svg,2021,Apertura - 2,True,2281,Toluca,https://media.api-sports.io/football/teams/2281.png,True,2279,Tigres UANL,https://media.api-sports.io/football/teams/2279.png,False,3,1,1,1,3,1,,,,
721738,"Jorge Isaac Rojas Castillo, Mexico",UTC,2021-08-01T23:00:00+00:00,1627858800,1627858800,1627862400,1085.0,Estadio Nuevo Corona,Torreón,Match Finished,FT,90,,262,Liga MX,Mexico,https://media.api-sports.io/football/leagues/262.png,https://media.api-sports.io/flags/mx.svg,2021,Apertura - 2,True,2285,Santos Laguna,https://media.api-sports.io/football/teams/2285.png,,2295,Cruz Azul,https://media.api-sports.io/football/teams/2295.png,,1,1,0,0,1,1,,,,
721739,"Luis Santander, Mexico",UTC,2021-08-03T02:00:00+00:00,1627956000,1627956000,1627959600,1795.0,Estadio Alfonso Lastras Ramírez,San Luis Potosí,Match Finished,FT,90,,262,Liga MX,Mexico,https://media.api-sports.io/football/leagues/262.png,https://media.api-sports.io/flags/mx.svg,2021,Apertura - 2,True,2314,Atletico San Luis,https://media.api-sports.io/football/teams/2314.png,,2290,Club Queretaro,https://media.api-sports.io/football/teams/2290.png,,1,1,1,0,1,1,,,,
721740,"Daniel Quintero Huittron, Mexico",UTC,2021-08-06T02:00:00+00:00,1628215200,1628215200,1628218800,1084.0,Estadio La Corregidora,Santiago de Querétaro,Match Finished,FT,90,,262,Liga MX,Mexico,https://media.api-sports.io/football/leagues/262.png,https://media.api-sports.io/flags/mx.svg,2021,Apertura - 3,True,2290,Club Queretaro,https://media.api-sports.io/football/teams/2290.png,False,2289,Leon,https://media.api-sports.io/football/teams/2289.png,True,0,1,0,1,0,1,,,,
721741,"Mario Humberto Vargas Mata, Mexico",UTC,2021-08-07T00:00:00+00:00,1628294400,1628294400,1628298000,10546.0,Estadio de Mazatlán,Mazatlán,Match Finished,FT,90,,262,Liga MX,Mexico,https://media.api-sports.io/football/leagues/262.png,https://media.api-sports.io/flags/mx.svg,2021,Apertura - 3,True,14002,Mazatlán,https://media.api-sports.io/football/teams/14002.png,,2282,Monterrey,https://media.api-sports.io/football/teams/2282.png,,1,1,1,1,1,1,,,,
721742,"Adonai Escobedo Gonzalez, Mexico",UTC,2021-08-07T02:05:00+00:00,1628301900,1628301900,1628305500,1080.0,Estadio Victoria de Aguascalientes,Aguascalientes,Match Finished,FT,90,,262,Liga MX,Mexico,https://media.api-sports.io/football/leagues/262.png,https://media.api-sports.io/flags/mx.svg,2021,Apertura - 3,True,2288,Necaxa,https://media.api-sports.io/football/teams/2288.png,False,2295,Cruz Azul,https://media.api-sports.io/football/teams/2295.png,True,1,2,1,1,1,2,,,,
721743,"Diego Montano, Mexico",UTC,2021-08-07T02:06:00+00:00,1628301960,1628301960,1628305560,1088.0,Estadio Caliente,Tijuana,Match Finished,FT,90,,262,Liga MX,Mexico,https://media.api-sports.io/football/leagues/262.png,https://media.api-sports.io/flags/mx.svg,2021,Apertura - 3,True,2280,Club Tijuana,https://media.api-sports.io/football/teams/2280.png,False,2281,Toluca,https://media.api-sports.io/football/teams/2281.png,True,0,2,0,1,0,2,,,,
721747,"Fernando Hernandez, Mexico",UTC,2021-08-07T22:00:00+00:00,1628373600,1628373600,1628377200,1076.0,Estadio AKRON,Zapopan,Match Finished,FT,90,,262,Liga MX,Mexico,https://media.api-sports.io/football/leagues/262.png,https://media.api-sports.io/flags/mx.svg,2021,Apertura - 3,True,2278,Guadalajara Chivas,https://media.api-sports.io/football/teams/2278.png,,2298,FC Juarez,https://media.api-sports.io/football/teams/2298.png,,2,2,1,1,2,2,,,,
721744,"Cesar Arturo Ramos Palazuelos, Mexico",UTC,2021-08-08T00:00:00+00:00,1628380800,1628380800,1628384400,7182.0,Estadio Azteca,D.F.,Match Finished,FT,90,,262,Liga MX,Mexico,https://media.api-sports.io/football/leagues/262.png,https://media.api-sports.io/flags/mx.svg,2021,Apertura - 3,True,2287,Club America,https://media.api-sports.io/football/teams/2287.png,True,2291,Puebla,https://media.api-sports.io/football/teams/2291.png,False,2,0,1,0,2,0,,,,
721745,"Marco Antonio Ortiz Nava, Mexico",UTC,2021-08-08T02:00:00+00:00,1628388000,1628388000,1628391600,1087.0,Estadio Universitario de Nuevo León,San Nicolás de los Garza,Match Finished,FT,90,,262,Liga MX,Mexico,https://media.api-sports.io/football/leagues/262.png,https://media.api-sports.io/flags/mx.svg,2021,Apertura - 3,True,2279,Tigres UANL,https://media.api-sports.io/football/teams/2279.png,,2285,Santos Laguna,https://media.api-sports.io/football/teams/2285.png,,1,1,0,1,1,1,,,,
721746,"Oscar Macias, Mexico",UTC,2021-08-08T17:00:00+00:00,1628442000,1628442000,1628445600,1083.0,Estadio Olímpico de Universitario,D.F.,Match Finished,FT,90,,262,Liga MX,Mexico,https://media.api-sports.io/football/leagues/262.png,https://media.api-sports.io/flags/mx.svg,2021,Apertura - 3,True,2286,U.N.A.M. - Pumas,https://media.api-sports.io/football/teams/2286.png,False,2314,Atletico San Luis,https://media.api-sports.io/football/teams/2314.png,True,1,3,1,2,1,3,,,,
721748,"Guillermo Pacheco Larios, Mexico",UTC,2021-08-10T02:00:00+00:00,1628560800,1628560800,1628564400,1081.0,Estadio Hidalgo,Pachuca de Soto,Match Finished,FT,90,,262,Liga MX,Mexico,https://media.api-sports.io/football/leagues/262.png,https://media.api-sports.io/flags/mx.svg,2021,Apertura - 3,True,2292,Pachuca,https://media.api-sports.io/football/teams/2292.png,False,2283,Atlas,https://media.api-sports.io/football/teams/2283.png,True,0,1,0,1,0,1,,,,
721749,"Cesar Arturo Ramos Palazuelos, Mexico",UTC,2021-08-13T02:00:00+00:00,1628820000,1628820000,1628823600,1795.0,Estadio Alfonso Lastras Ramírez,San Luis Potosí,Match Finished,FT,90,,262,Liga MX,Mexico,https://media.api-sports.io/football/leagues/262.png,https://media.api-sports.io/flags/mx.svg,2021,Apertura - 4,True,2314,Atletico San Luis,https://media.api-sports.io/football/teams/2314.png,False,2288,Necaxa,https://media.api-sports.io/football/teams/2288.png,True,0,2,0,1,0,2,,,,
721750,"Jorge Isaac Rojas Castillo, Mexico",UTC,2021-08-14T00:00:00+00:00,1628899200,1628899200,1628902800,1082.0,Estadio Cuauhtémoc,Puebla,Match Finished,FT,90,,262,Liga MX,Mexico,https://media.api-sports.io/football/leagues/262.png,https://media.api-sports.io/flags/mx.svg,2021,Apertura - 4,True,2291,Puebla,https://media.api-sports.io/football/teams/2291.png,,2279,Tigres UANL,https://media.api-sports.io/football/teams/2279.png,,1,1,1,0,1,1,,,,
721751,"Edgar Allan Morales Olvera, Mexico",UTC,2021-08-14T02:00:00+00:00,1628906400,1628906400,1628910000,1845.0,Estadio Olímpico Benito Juárez,Ciudad Juárez,Match Finished,FT,90,,262,Liga MX,Mexico,https://media.api-sports.io/football/leagues/262.png,https://media.api-sports.io/flags/mx.svg,2021,Apertura - 4,True,2298,FC Juarez,https://media.api-sports.io/football/teams/2298.png,,2280,Club Tijuana,https://media.api-sports.io/football/teams/2280.png,,1,1,1,1,1,1,,,,
721755,"Oscar Mejia Garcia, Mexico",UTC,2021-08-14T22:00:00+00:00,1628978400,1628978400,1628982000,1083.0,Estadio Olímpico de Universitario,D.F.,Match Finished,FT,90,,262,Liga MX,Mexico,https://media.api-sports.io/football/leagues/262.png,https://media.api-sports.io/flags/mx.svg,2021,Apertura - 4,True,2286,U.N.A.M. - Pumas,https://media.api-sports.io/football/teams/2286.png,,2290,Club Queretaro,https://media.api-sports.io/football/teams/2290.png,,0,0,0,0,0,0,,,,
721752,"Brian Omar Gonzalez Veles, Mexico",UTC,2021-08-15T00:00:00+00:00,1628985600,1628985600,1628989200,,Estadio Leon,Leon,Match Finished,FT,90,,262,Liga MX,Mexico,https://media.api-sports.io/football/leagues/262.png,https://media.api-sports.io/flags/mx.svg,2021,Apertura - 4,True,2289,Leon,https://media.api-sports.io/football/teams/2289.png,True,14002,Mazatlán,https://media.api-sports.io/football/teams/14002.png,False,3,0,1,0,3,0,,,,
721754,"Fernando Guerrero Ramirez, Mexico",UTC,2021-08-15T02:00:00+00:00,1628992800,1628992800,1628996400,7182.0,Estadio Azteca,D.F.,Match Finished,FT,90,,262,Liga MX,Mexico,https://media.api-sports.io/football/leagues/262.png,https://media.api-sports.io/flags/mx.svg,2021,Apertura - 4,True,2295,Cruz Azul,https://media.api-sports.io/football/teams/2295.png,True,2281,Toluca,https://media.api-sports.io/football/teams/2281.png,False,4,0,3,0,4,0,,,,
721753,"Oscar Macias, Mexico",UTC,2021-08-15T02:06:00+00:00,1628993160,1628993160,1628996760,11905.0,Estadio BBVA,Guadalupe,Match Finished,FT,90,,262,Liga MX,Mexico,https://media.api-sports.io/football/leagues/262.png,https://media.api-sports.io/flags/mx.svg,2021,Apertura - 4,True,2282,Monterrey,https://media.api-sports.io/football/teams/2282.png,True,2292,Pachuca,https://media.api-sports.io/football/teams/2292.png,False,3,1,1,0,3,1,,,,
721757,"Jorge Antonio Perez Duran, Mexico",UTC,2021-08-15T22:00:00+00:00,1629064800,1629064800,1629068400,1071.0,Estadio Jalisco,Guadalajara,Match Finished,FT,90,,262,Liga MX,Mexico,https://media.api-sports.io/football/leagues/262.png,https://media.api-sports.io/flags/mx.svg,2021,Apertura - 4,True,2283,Atlas,https://media.api-sports.io/football/teams/2283.png,False,2287,Club America,https://media.api-sports.io/football/teams/2287.png,True,0,1,0,0,0,1,,,,
721756,"Luis Santander, Mexico",UTC,2021-08-16T00:06:00+00:00,1629072360,1629072360,1629075960,1085.0,Estadio Nuevo Corona,Torreón,Match Finished,FT,90,,262,Liga MX,Mexico,https://media.api-sports.io/football/leagues/262.png,https://media.api-sports.io/flags/mx.svg,2021,Apertura - 4,True,2285,Santos Laguna,https://media.api-sports.io/football/teams/2285.png,,2278,Guadalajara Chivas,https://media.api-sports.io/football/teams/2278.png,,0,0,0,0,0,0,,,,
721761,"Saul Alfredo Silva Pineda, Mexico",UTC,2021-08-17T22:00:00+00:00,1629237600,1629237600,1629241200,1089.0,Estadio Nemesio Díez,Toluca de Lerdo,Match Finished,FT,90,,262,Liga MX,Mexico,https://media.api-sports.io/football/leagues/262.png,https://media.api-sports.io/flags/mx.svg,2021,Apertura - 5,True,2281,Toluca,https://media.api-sports.io/football/teams/2281.png,,14002,Mazatlán,https://media.api-sports.io/football/teams/14002.png,,2,2,2,2,2,2,,,,
721758,"Diego Montano, Mexico",UTC,2021-08-18T00:00:00+00:00,1629244800,1629244800,1629248400,1087.0,Estadio Universitario de Nuevo León,San Nicolás de los Garza,Match Finished,FT,90,,262,Liga MX,Mexico,https://media.api-sports.io/football/leagues/262.png,https://media.api-sports.io/flags/mx.svg,2021,Apertura - 5,True,2279,Tigres UANL,https://media.api-sports.io/football/teams/2279.png,True,2290,Club Queretaro,https://media.api-sports.io/football/teams/2290.png,False,3,0,1,0,3,0,,,,
721760,"Eduardo Galvan Basulto, Mexico",UTC,2021-08-18T02:00:00+00:00,1629252000,1629252000,1629255600,1080.0,Estadio Victoria de Aguascalientes,Aguascalientes,Match Finished,FT,90,,262,Liga MX,Mexico,https://media.api-sports.io/football/leagues/262.png,https://media.api-sports.io/flags/mx.svg,2021,Apertura - 5,True,2288,Necaxa,https://media.api-sports.io/football/teams/2288.png,True,2286,U.N.A.M. - Pumas,https://media.api-sports.io/football/teams/2286.png,False,3,0,1,0,3,0,,,,
721759,"Fernando Hernandez, Mexico",UTC,2021-08-18T02:06:00+00:00,1629252360,1629252360,1629255960,1088.0,Estadio Caliente,Tijuana,Match Finished,FT,90,,262,Liga MX,Mexico,https://media.api-sports.io/football/leagues/262.png,https://media.api-sports.io/flags/mx.svg,2021,Apertura - 5,True,2280,Club Tijuana,https://media.api-sports.io/football/teams/2280.png,,2291,Puebla,https://media.api-sports.io/football/teams/2291.png,,1,1,1,0,1,1,,,,
721763,"Fernando Guerrero Ramirez, Mexico",UTC,2021-08-19T00:00:00+00:00,1629331200,1629331200,1629334800,1085.0,Estadio Nuevo Corona,Torreón,Match Finished,FT,90,,262,Liga MX,Mexico,https://media.api-sports.io/football/leagues/262.png,https://media.api-sports.io/flags/mx.svg,2021,Apertura - 5,True,2285,Santos Laguna,https://media.api-sports.io/football/teams/2285.png,,2283,Atlas,https://media.api-sports.io/football/teams/2283.png,,1,1,0,1,1,1,,,,
721762,"Jorge Antonio Perez Duran, Mexico",UTC,2021-08-19T00:00:00+00:00,1629331200,1629331200,1629334800,7182.0,Estadio Azteca,D.F.,Match Finished,FT,90,,262,Liga MX,Mexico,https://media.api-sports.io/football/leagues/262.png,https://media.api-sports.io/flags/mx.svg,2021,Apertura - 5,True,2295,Cruz Azul,https://media.api-sports.io/football/teams/2295.png,,2282,Monterrey,https://media.api-sports.io/football/teams/2282.png,,1,1,0,0,1,1,,,,
721764,"Adonai Escobedo Gonzalez, Mexico",UTC,2021-08-19T02:00:00+00:00,1629338400,1629338400,1629342000,1076.0,Estadio AKRON,Zapopan,Match Finished,FT,90,,262,Liga MX,Mexico,https://media.api-sports.io/football/leagues/262.png,https://media.api-sports.io/flags/mx.svg,2021,Apertura - 5,True,2278,Guadalajara Chivas,https://media.api-sports.io/football/teams/2278.png,False,2289,Leon,https://media.api-sports.io/football/teams/2289.png,True,0,3,0,1,0,3,,,,
721765,"Luis Santander, Mexico",UTC,2021-08-19T02:00:00+00:00,1629338400,1629338400,1629342000,1845.0,Estadio Olímpico Benito Juárez,Ciudad Juárez,Match Finished,FT,90,,262,Liga MX,Mexico,https://media.api-sports.io/football/leagues/262.png,https://media.api-sports.io/flags/mx.svg,2021,Apertura - 5,True,2298,FC Juarez,https://media.api-sports.io/football/teams/2298.png,False,2287,Club America,https://media.api-sports.io/football/teams/2287.png,True,1,2,1,1,1,2,,,,
721767,"Eduardo Galvan Basulto, Mexico",UTC,2021-08-21T02:00:00+00:00,1629511200,1629511200,1629514800,10546.0,Estadio de Mazatlán,Mazatlán,Match Finished,FT,90,,262,Liga MX,Mexico,https://media.api-sports.io/football/leagues/262.png,https://media.api-sports.io/flags/mx.svg,2021,Apertura - 6,True,14002,Mazatlán,https://media.api-sports.io/football/teams/14002.png,False,2279,Tigres UANL,https://media.api-sports.io/football/teams/2279.png,True,0,3,0,0,0,3,,,,
721772,"Marco Antonio Ortiz Nava, Mexico",UTC,2021-08-21T22:00:00+00:00,1629583200,1629583200,1629586800,1071.0,Estadio Jalisco,Guadalajara,Match Finished,FT,90,,262,Liga MX,Mexico,https://media.api-sports.io/football/leagues/262.png,https://media.api-sports.io/flags/mx.svg,2021,Apertura - 6,True,2283,Atlas,https://media.api-sports.io/football/teams/2283.png,,2281,Toluca,https://media.api-sports.io/football/teams/2281.png,,0,0,0,0,0,0,,,,
721768,"Fernando Hernandez, Mexico",UTC,2021-08-22T00:00:00+00:00,1629590400,1629590400,1629594000,,Estadio Leon,Leon,Match Finished,FT,90,,262,Liga MX,Mexico,https://media.api-sports.io/football/leagues/262.png,https://media.api-sports.io/flags/mx.svg,2021,Apertura - 6,True,2289,Leon,https://media.api-sports.io/football/teams/2289.png,,2285,Santos Laguna,https://media.api-sports.io/football/teams/2285.png,,1,1,0,1,1,1,,,,
721769,"Oscar Mejia Garcia, Mexico",UTC,2021-08-22T02:00:00+00:00,1629597600,1629597600,1629601200,1795.0,Estadio Alfonso Lastras Ramírez,San Luis Potosí,Match Finished,FT,90,,262,Liga MX,Mexico,https://media.api-sports.io/football/leagues/262.png,https://media.api-sports.io/flags/mx.svg,2021,Apertura - 6,True,2314,Atletico San Luis,https://media.api-sports.io/football/teams/2314.png,,2295,Cruz Azul,https://media.api-sports.io/football/teams/2295.png,,0,0,0,0,0,0,,,,
721770,"Diego Montano, Mexico",UTC,2021-08-22T02:36:00+00:00,1629599760,1629599760,1629603360,11905.0,Estadio BBVA,Guadalupe,Match Finished,FT,90,,262,Liga MX,Mexico,https://media.api-sports.io/football/leagues/262.png,https://media.api-sports.io/flags/mx.svg,2021,Apertura - 6,True,2282,Monterrey,https://media.api-sports.io/football/teams/2282.png,,2278,Guadalajara Chivas,https://media.api-sports.io/football/teams/2278.png,,0,0,0,0,0,0,,,,
721771,"Brian Omar Gonzalez Veles, Mexico",UTC,2021-08-22T17:00:00+00:00,1629651600,1629651600,1629655200,1083.0,Estadio Olímpico de Universitario,D.F.,Match Finished,FT,90,,262,Liga MX,Mexico,https://media.api-sports.io/football/leagues/262.png,https://media.api-sports.io/flags/mx.svg,2021,Apertura - 6,True,2286,U.N.A.M. - Pumas,https://media.api-sports.io/football/teams/2286.png,True,2291,Puebla,https://media.api-sports.io/football/teams/2291.png,False,2,0,0,0,2,0,,,,
721775,"Jorge Isaac Rojas Castillo, Mexico",UTC,2021-08-22T22:00:00+00:00,1629669600,1629669600,1629673200,7182.0,Estadio Azteca,D.F.,Match Finished,FT,90,,262,Liga MX,Mexico,https://media.api-sports.io/football/leagues/262.png,https://media.api-sports.io/flags/mx.svg,2021,Apertura - 6,True,2287,Club America,https://media.api-sports.io/football/teams/2287.png,True,2280,Club Tijuana,https://media.api-sports.io/football/teams/2280.png,False,2,0,0,0,2,0,,,,
721773,"Daniel Quintero Huittron, Mexico",UTC,2021-08-23T00:00:00+00:00,1629676800,1629676800,1629680400,1080.0,Estadio Victoria de Aguascalientes,Aguascalientes,Match Finished,FT,90,,262,Liga MX,Mexico,https://media.api-sports.io/football/leagues/262.png,https://media.api-sports.io/flags/mx.svg,2021,Apertura - 6,True,2288,Necaxa,https://media.api-sports.io/football/teams/2288.png,True,2298,FC Juarez,https://media.api-sports.io/football/teams/2298.png,False,1,0,0,0,1,0,,,,
721774,"Cesar Arturo Ramos Palazuelos, Mexico",UTC,2021-08-23T02:00:00+00:00,1629684000,1629684000,1629687600,1084.0,Estadio La Corregidora,Santiago de Querétaro,Match Finished,FT,90,,262,Liga MX,Mexico,https://media.api-sports.io/football/leagues/262.png,https://media.api-sports.io/flags/mx.svg,2021,Apertura - 6,True,2290,Club Queretaro,https://media.api-sports.io/football/teams/2290.png,False,2292,Pachuca,https://media.api-sports.io/football/teams/2292.png,True,0,2,0,1,0,2,,,,
721777,"Adonai Escobedo Gonzalez, Mexico",UTC,2021-08-28T00:00:00+00:00,1630108800,1630108800,1630112400,10546.0,Estadio de Mazatlán,Mazatlán,Match Finished,FT,90,,262,Liga MX,Mexico,https://media.api-sports.io/football/leagues/262.png,https://media.api-sports.io/flags/mx.svg,2021,Apertura - 7,True,14002,Mazatlán,https://media.api-sports.io/football/teams/14002.png,,2314,Atletico San Luis,https://media.api-sports.io/football/teams/2314.png,,2,2,1,1,2,2,,,,
721776,"Erick Yair Miranda Galindo, Mexico",UTC,2021-08-28T02:00:00+00:00,1630116000,1630116000,1630119600,1082.0,Estadio Cuauhtémoc,Puebla,Match Finished,FT,90,,262,Liga MX,Mexico,https://media.api-sports.io/football/leagues/262.png,https://media.api-sports.io/flags/mx.svg,2021,Apertura - 7,True,2291,Puebla,https://media.api-sports.io/football/teams/2291.png,True,2290,Club Queretaro,https://media.api-sports.io/football/teams/2290.png,False,1,0,0,0,1,0,,,,
721778,"Fernando Guerrero Ramirez, Mexico",UTC,2021-08-28T02:06:00+00:00,1630116360,1630116360,1630119960,1088.0,Estadio Caliente,Tijuana,Match Finished,FT,90,,262,Liga MX,Mexico,https://media.api-sports.io/football/leagues/262.png,https://media.api-sports.io/flags/mx.svg,2021,Apertura - 7,True,2280,Club Tijuana,https://media.api-sports.io/football/teams/2280.png,,2282,Monterrey,https://media.api-sports.io/football/teams/2282.png,,2,2,1,2,2,2,,,,
721782,"Jorge Isaac Rojas Castillo, Mexico",UTC,2021-08-28T22:00:00+00:00,1630188000,1630188000,1630191600,1076.0,Estadio AKRON,Zapopan,Match Finished,FT,90,,262,Liga MX,Mexico,https://media.api-sports.io/football/leagues/262.png,https://media.api-sports.io/flags/mx.svg,2021,Apertura - 7,True,2278,Guadalajara Chivas,https://media.api-sports.io/football/teams/2278.png,True,2288,Necaxa,https://media.api-sports.io/football/teams/2288.png,False,2,1,1,0,2,1,,,,
721779,"Luis Santander, Mexico",UTC,2021-08-29T00:00:00+00:00,1630195200,1630195200,1630198800,1087.0,Estadio Universitario de Nuevo León,San Nicolás de los Garza,Match Finished,FT,90,,262,Liga MX,Mexico,https://media.api-sports.io/football/leagues/262.png,https://media.api-sports.io/flags/mx.svg,2021,Apertura - 7,True,2279,Tigres UANL,https://media.api-sports.io/football/teams/2279.png,,2283,Atlas,https://media.api-sports.io/football/teams/2283.png,,1,1,1,0,1,1,,,,
721780,"Marco Antonio Ortiz Nava, Mexico",UTC,2021-08-29T02:00:00+00:00,1630202400,1630202400,1630206000,,Estadio Leon,Leon,Match Finished,FT,90,,262,Liga MX,Mexico,https://media.api-sports.io/football/leagues/262.png,https://media.api-sports.io/flags/mx.svg,2021,Apertura - 7,True,2289,Leon,https://media.api-sports.io/football/teams/2289.png,,2287,Club America,https://media.api-sports.io/football/teams/2287.png,,1,1,1,1,1,1,,,,
721781,"Cesar Arturo Ramos Palazuelos, Mexico",UTC,2021-08-29T17:00:00+00:00,1630256400,1630256400,1630260000,1089.0,Estadio Nemesio Díez,Toluca de Lerdo,Match Finished,FT,90,,262,Liga MX,Mexico,https://media.api-sports.io/football/leagues/262.png,https://media.api-sports.io/flags/mx.svg,2021,Apertura - 7,True,2281,Toluca,https://media.api-sports.io/football/teams/2281.png,True,2286,U.N.A.M. - Pumas,https://media.api-sports.io/football/teams/2286.png,False,2,1,1,1,2,1,,,,
721783,"Oscar Macias, Mexico",UTC,2021-08-29T23:00:00+00:00,1630278000,1630278000,1630281600,1085.0,Estadio Nuevo Corona,Torreón,Match Finished,FT,90,,262,Liga MX,Mexico,https://media.api-sports.io/football/leagues/262.png,https://media.api-sports.io/flags/mx.svg,2021,Apertura - 7,True,2285,Santos Laguna,https://media.api-sports.io/football/teams/2285.png,True,2298,FC Juarez,https://media.api-sports.io/football/teams/2298.png,False,2,0,0,0,2,0,,,,
721784,"Alejandro Funk Villafane, Mexico",UTC,2021-08-30T01:00:00+00:00,1630285200,1630285200,1630288800,7182.0,Estadio Azteca,D.F.,Match Finished,FT,90,,262,Liga MX,Mexico,https://media.api-sports.io/football/leagues/262.png,https://media.api-sports.io/flags/mx.svg,2021,Apertura - 7,True,2295,Cruz Azul,https://media.api-sports.io/football/teams/2295.png,,2292,Pachuca,https://media.api-sports.io/football/teams/2292.png,,1,1,0,1,1,1,,,,
721785,J. Esquivel,UTC,2021-09-11T00:00:00+00:00,1631318400,1631318400,1631322000,1082.0,Estadio Cuauhtémoc,Puebla,Match Finished,FT,90,,262,Liga MX,Mexico,https://media.api-sports.io/football/leagues/262.png,https://media.api-sports.io/flags/mx.svg,2021,Apertura - 8,True,2291,Puebla,https://media.api-sports.io/football/teams/2291.png,,2314,Atletico San Luis,https://media.api-sports.io/football/teams/2314.png,,2,2,0,1,2,2,,,,
721787,M. Ortíz,UTC,2021-09-11T02:00:00+00:00,1631325600,1631325600,1631329200,1845.0,Estadio Olímpico Benito Juárez,Ciudad Juárez,Match Finished,FT,90,,262,Liga MX,Mexico,https://media.api-sports.io/football/leagues/262.png,https://media.api-sports.io/flags/mx.svg,2021,Apertura - 8,True,2298,FC Juarez,https://media.api-sports.io/football/teams/2298.png,True,2295,Cruz Azul,https://media.api-sports.io/football/teams/2295.png,False,2,1,2,1,2,1,,,,
721786,L. Santander,UTC,2021-09-11T02:06:00+00:00,1631325960,1631325960,1631329560,1088.0,Estadio Caliente,Tijuana,Match Finished,FT,90,,262,Liga MX,Mexico,https://media.api-sports.io/football/leagues/262.png,https://media.api-sports.io/flags/mx.svg,2021,Apertura - 8,True,2280,Club Tijuana,https://media.api-sports.io/football/teams/2280.png,True,2285,Santos Laguna,https://media.api-sports.io/football/teams/2285.png,False,2,1,1,0,2,1,,,,
721790,"Oscar Macias, Mexico",UTC,2021-09-11T22:00:00+00:00,1631397600,1631397600,1631401200,1071.0,Estadio Jalisco,Guadalajara,Match Finished,FT,90,,262,Liga MX,Mexico,https://media.api-sports.io/football/leagues/262.png,https://media.api-sports.io/flags/mx.svg,2021,Apertura - 8,True,2283,Atlas,https://media.api-sports.io/football/teams/2283.png,True,2282,Monterrey,https://media.api-sports.io/football/teams/2282.png,False,2,1,0,1,2,1,,,,
721788,J. Pérez,UTC,2021-09-12T00:00:00+00:00,1631404800,1631404800,1631408400,1087.0,Estadio Universitario de Nuevo León,San Nicolás de los Garza,Match Finished,FT,90,,262,Liga MX,Mexico,https://media.api-sports.io/football/leagues/262.png,https://media.api-sports.io/flags/mx.svg,2021,Apertura - 8,True,2279,Tigres UANL,https://media.api-sports.io/football/teams/2279.png,,2289,Leon,https://media.api-sports.io/football/teams/2289.png,,2,2,1,2,2,2,,,,
721789,D. Montaño,UTC,2021-09-12T02:00:00+00:00,1631412000,1631412000,1631415600,7182.0,Estadio Azteca,D.F.,Match Finished,FT,90,,262,Liga MX,Mexico,https://media.api-sports.io/football/leagues/262.png,https://media.api-sports.io/flags/mx.svg,2021,Apertura - 8,True,2287,Club America,https://media.api-sports.io/football/teams/2287.png,True,14002,Mazatlán,https://media.api-sports.io/football/teams/14002.png,False,2,0,1,0,2,0,,,,
721792,"Fernando Guerrero Ramirez, Mexico",UTC,2021-09-12T22:00:00+00:00,1631484000,1631484000,1631487600,1083.0,Estadio Olímpico de Universitario,D.F.,Match Finished,FT,90,,262,Liga MX,Mexico,https://media.api-sports.io/football/leagues/262.png,https://media.api-sports.io/flags/mx.svg,2021,Apertura - 8,True,2286,U.N.A.M. - Pumas,https://media.api-sports.io/football/teams/2286.png,,2278,Guadalajara Chivas,https://media.api-sports.io/football/teams/2278.png,,0,0,0,0,0,0,,,,
721791,"Fernando Hernandez, Mexico",UTC,2021-09-13T00:00:00+00:00,1631491200,1631491200,1631494800,1084.0,Estadio La Corregidora,Santiago de Querétaro,Match Finished,FT,90,,262,Liga MX,Mexico,https://media.api-sports.io/football/leagues/262.png,https://media.api-sports.io/flags/mx.svg,2021,Apertura - 8,True,2290,Club Queretaro,https://media.api-sports.io/football/teams/2290.png,True,2288,Necaxa,https://media.api-sports.io/football/teams/2288.png,False,3,0,2,0,3,0,,,,
721793,"Oscar Mejia Garcia, Mexico",UTC,2021-09-14T02:00:00+00:00,1631584800,1631584800,1631588400,1081.0,Estadio Hidalgo,Pachuca de Soto,Match Finished,FT,90,,262,Liga MX,Mexico,https://media.api-sports.io/football/leagues/262.png,https://media.api-sports.io/flags/mx.svg,2021,Apertura - 8,True,2292,Pachuca,https://media.api-sports.io/football/teams/2292.png,False,2281,Toluca,https://media.api-sports.io/football/teams/2281.png,True,1,2,1,1,1,2,,,,
721794,"Oscar Mejia Garcia, Mexico",UTC,2021-09-17T00:00:00+00:00,1631836800,1631836800,1631840400,1795.0,Estadio Alfonso Lastras Ramírez,San Luis Potosí,Match Finished,FT,90,,262,Liga MX,Mexico,https://media.api-sports.io/football/leagues/262.png,https://media.api-sports.io/flags/mx.svg,2021,Apertura - 9,True,2314,Atletico San Luis,https://media.api-sports.io/football/teams/2314.png,True,2280,Club Tijuana,https://media.api-sports.io/football/teams/2280.png,False,4,1,3,1,4,1,,,,
721795,F. Guerrero,UTC,2021-09-18T02:00:00+00:00,1631930400,1631930400,1631934000,1080.0,Estadio Victoria de Aguascalientes,Aguascalientes,Match Finished,FT,90,,262,Liga MX,Mexico,https://media.api-sports.io/football/leagues/262.png,https://media.api-sports.io/flags/mx.svg,2021,Apertura - 9,True,2288,Necaxa,https://media.api-sports.io/football/teams/2288.png,False,2283,Atlas,https://media.api-sports.io/football/teams/2283.png,True,0,3,0,2,0,3,,,,
721799,"Adonai Escobedo Gonzalez, Mexico",UTC,2021-09-18T22:00:00+00:00,1632002400,1632002400,1632006000,,Estadio Leon,Leon,Match Finished,FT,90,,262,Liga MX,Mexico,https://media.api-sports.io/football/leagues/262.png,https://media.api-sports.io/flags/mx.svg,2021,Apertura - 9,True,2289,Leon,https://media.api-sports.io/football/teams/2289.png,False,2298,FC Juarez,https://media.api-sports.io/football/teams/2298.png,True,0,1,0,0,0,1,,,,
721797,"Jorge Isaac Rojas Castillo, Mexico",UTC,2021-09-19T00:00:00+00:00,1632009600,1632009600,1632013200,1089.0,Estadio Nemesio Díez,Toluca de Lerdo,Match Finished,FT,90,,262,Liga MX,Mexico,https://media.api-sports.io/football/leagues/262.png,https://media.api-sports.io/flags/mx.svg,2021,Apertura - 9,True,2281,Toluca,https://media.api-sports.io/football/teams/2281.png,True,2287,Club America,https://media.api-sports.io/football/teams/2287.png,False,3,1,2,1,3,1,,,,
721798,"Diego Montano, Mexico",UTC,2021-09-19T02:00:00+00:00,1632016800,1632016800,1632020400,1076.0,Estadio AKRON,Zapopan,Match Finished,FT,90,,262,Liga MX,Mexico,https://media.api-sports.io/football/leagues/262.png,https://media.api-sports.io/flags/mx.svg,2021,Apertura - 9,True,2278,Guadalajara Chivas,https://media.api-sports.io/football/teams/2278.png,True,2292,Pachuca,https://media.api-sports.io/football/teams/2292.png,False,1,0,0,0,1,0,,,,
721796,"Erick Yair Miranda Galindo, Mexico",UTC,2021-09-19T02:00:00+00:00,1632016800,1632016800,1632020400,10546.0,Estadio de Mazatlán,Mazatlán,Match Finished,FT,90,,262,Liga MX,Mexico,https://media.api-sports.io/football/leagues/262.png,https://media.api-sports.io/flags/mx.svg,2021,Apertura - 9,True,14002,Mazatlán,https://media.api-sports.io/football/teams/14002.png,,2286,U.N.A.M. - Pumas,https://media.api-sports.io/football/teams/2286.png,,2,2,1,0,2,2,,,,
721801,"Edgar Allan Morales Olvera, Mexico",UTC,2021-09-20T00:00:00+00:00,1632096000,1632096000,1632099600,7182.0,Estadio Azteca,D.F.,Match Finished,FT,90,,262,Liga MX,Mexico,https://media.api-sports.io/football/leagues/262.png,https://media.api-sports.io/flags/mx.svg,2021,Apertura - 9,True,2295,Cruz Azul,https://media.api-sports.io/football/teams/2295.png,True,2290,Club Queretaro,https://media.api-sports.io/football/teams/2290.png,False,2,0,1,0,2,0,,,,
721800,"Fernando Hernandez, Mexico",UTC,2021-09-20T00:06:00+00:00,1632096360,1632096360,1632099960,11905.0,Estadio BBVA,Guadalupe,Match Finished,FT,90,,262,Liga MX,Mexico,https://media.api-sports.io/football/leagues/262.png,https://media.api-sports.io/flags/mx.svg,2021,Apertura - 9,True,2282,Monterrey,https://media.api-sports.io/football/teams/2282.png,True,2279,Tigres UANL,https://media.api-sports.io/football/teams/2279.png,False,2,0,1,0,2,0,,,,
721802,"Cesar Arturo Ramos Palazuelos, Mexico",UTC,2021-09-20T02:06:00+00:00,1632103560,1632103560,1632107160,1085.0,Estadio Nuevo Corona,Torreón,Match Finished,FT,90,,262,Liga MX,Mexico,https://media.api-sports.io/football/leagues/262.png,https://media.api-sports.io/flags/mx.svg,2021,Apertura - 9,True,2285,Santos Laguna,https://media.api-sports.io/football/teams/2285.png,,2291,Puebla,https://media.api-sports.io/football/teams/2291.png,,1,1,0,0,1,1,,,,
721839,"Eduardo Galvan Basulto, Mexico",UTC,2021-09-22T02:00:00+00:00,1632276000,1632276000,1632279600,1845.0,Estadio Olímpico Benito Juárez,Ciudad Juárez,Match Finished,FT,90,,262,Liga MX,Mexico,https://media.api-sports.io/football/leagues/262.png,https://media.api-sports.io/flags/mx.svg,2021,Apertura - 14,True,2298,FC Juarez,https://media.api-sports.io/football/teams/2298.png,True,2314,Atletico San Luis,https://media.api-sports.io/football/teams/2314.png,False,1,0,1,0,1,0,,,,
721812,"Erick Yair Miranda Galindo, Mexico",UTC,2021-09-23T00:06:00+00:00,1632355560,1632355560,1632359160,11905.0,Estadio BBVA,Guadalupe,Match Finished,FT,90,,262,Liga MX,Mexico,https://media.api-sports.io/football/leagues/262.png,https://media.api-sports.io/flags/mx.svg,2021,Apertura - 11,True,2282,Monterrey,https://media.api-sports.io/football/teams/2282.png,True,2281,Toluca,https://media.api-sports.io/football/teams/2281.png,False,2,0,1,0,2,0,,,,
721803,"Jorge Antonio Perez Duran, Mexico",UTC,2021-09-24T02:00:00+00:00,1632448800,1632448800,1632452400,1081.0,Estadio Hidalgo,Pachuca de Soto,Match Finished,FT,90,,262,Liga MX,Mexico,https://media.api-sports.io/football/leagues/262.png,https://media.api-sports.io/flags/mx.svg,2021,Apertura - 10,True,2292,Pachuca,https://media.api-sports.io/football/teams/2292.png,True,2288,Necaxa,https://media.api-sports.io/football/teams/2288.png,False,1,0,1,0,1,0,,,,
721804,Ó. Mejía,UTC,2021-09-25T01:00:00+00:00,1632531600,1632531600,1632535200,1082.0,Estadio Cuauhtémoc,Puebla,Match Finished,FT,90,,262,Liga MX,Mexico,https://media.api-sports.io/football/leagues/262.png,https://media.api-sports.io/flags/mx.svg,2021,Apertura - 10,True,2291,Puebla,https://media.api-sports.io/football/teams/2291.png,,2295,Cruz Azul,https://media.api-sports.io/football/teams/2295.png,,1,1,1,1,1,1,,,,
721806,A. Escobedo,UTC,2021-09-25T02:06:00+00:00,1632535560,1632535560,1632539160,1088.0,Estadio Caliente,Tijuana,Match Finished,FT,90,,262,Liga MX,Mexico,https://media.api-sports.io/football/leagues/262.png,https://media.api-sports.io/flags/mx.svg,2021,Apertura - 10,True,2280,Club Tijuana,https://media.api-sports.io/football/teams/2280.png,,14002,Mazatlán,https://media.api-sports.io/football/teams/14002.png,,0,0,0,0,0,0,,,,
721810,"Jorge Isaac Rojas Castillo, Mexico",UTC,2021-09-25T22:00:00+00:00,1632607200,1632607200,1632610800,1071.0,Estadio Jalisco,Guadalajara,Match Finished,FT,90,,262,Liga MX,Mexico,https://media.api-sports.io/football/leagues/262.png,https://media.api-sports.io/flags/mx.svg,2021,Apertura - 10,True,2283,Atlas,https://media.api-sports.io/football/teams/2283.png,True,2289,Leon,https://media.api-sports.io/football/teams/2289.png,False,2,0,1,0,2,0,,,,
721807,Ó. Macías,UTC,2021-09-26T00:00:00+00:00,1632614400,1632614400,1632618000,1087.0,Estadio Universitario de Nuevo León,San Nicolás de los Garza,Match Finished,FT,90,,262,Liga MX,Mexico,https://media.api-sports.io/football/leagues/262.png,https://media.api-sports.io/flags/mx.svg,2021,Apertura - 10,True,2279,Tigres UANL,https://media.api-sports.io/football/teams/2279.png,,2286,U.N.A.M. - Pumas,https://media.api-sports.io/football/teams/2286.png,,0,0,0,0,0,0,,,,
721808,C. Ramos,UTC,2021-09-26T02:00:00+00:00,1632621600,1632621600,1632625200,7182.0,Estadio Azteca,D.F.,Match Finished,FT,90,,262,Liga MX,Mexico,https://media.api-sports.io/football/leagues/262.png,https://media.api-sports.io/flags/mx.svg,2021,Apertura - 10,True,2287,Club America,https://media.api-sports.io/football/teams/2287.png,,2278,Guadalajara Chivas,https://media.api-sports.io/football/teams/2278.png,,0,0,0,0,0,0,,,,
721809,"Luis Santander, Mexico",UTC,2021-09-26T17:00:00+00:00,1632675600,1632675600,1632679200,1089.0,Estadio Nemesio Díez,Toluca de Lerdo,Match Finished,FT,90,,262,Liga MX,Mexico,https://media.api-sports.io/football/leagues/262.png,https://media.api-sports.io/flags/mx.svg,2021,Apertura - 10,True,2281,Toluca,https://media.api-sports.io/football/teams/2281.png,False,2314,Atletico San Luis,https://media.api-sports.io/football/teams/2314.png,True,1,2,1,2,1,2,,,,
721811,"Alberto Morin Mendez, Mexico",UTC,2021-09-27T00:06:00+00:00,1632701160,1632701160,1632704760,1085.0,Estadio Nuevo Corona,Torreón,Match Finished,FT,90,,262,Liga MX,Mexico,https://media.api-sports.io/football/leagues/262.png,https://media.api-sports.io/flags/mx.svg,2021,Apertura - 10,True,2285,Santos Laguna,https://media.api-sports.io/football/teams/2285.png,False,2282,Monterrey,https://media.api-sports.io/football/teams/2282.png,True,1,2,0,0,1,2,,,,
721816,"Guillermo Pacheco Larios, Mexico",UTC,2021-09-28T22:00:00+00:00,1632866400,1632866400,1632870000,1080.0,Estadio Victoria de Aguascalientes,Aguascalientes,Match Finished,FT,90,,262,Liga MX,Mexico,https://media.api-sports.io/football/leagues/262.png,https://media.api-sports.io/flags/mx.svg,2021,Apertura - 11,True,2288,Necaxa,https://media.api-sports.io/football/teams/2288.png,True,2280,Club Tijuana,https://media.api-sports.io/football/teams/2280.png,False,3,0,0,0,3,0,,,,
721815,J. Pérez,UTC,2021-09-29T00:00:00+00:00,1632873600,1632873600,1632877200,10546.0,Estadio de Mazatlán,Mazatlán,Match Finished,FT,90,,262,Liga MX,Mexico,https://media.api-sports.io/football/leagues/262.png,https://media.api-sports.io/flags/mx.svg,2021,Apertura - 11,True,14002,Mazatlán,https://media.api-sports.io/football/teams/14002.png,True,2298,FC Juarez,https://media.api-sports.io/football/teams/2298.png,False,3,1,2,0,3,1,,,,
721813,F. Hernández,UTC,2021-09-29T02:00:00+00:00,1632880800,1632880800,1632884400,1071.0,Estadio Jalisco,Guadalajara,Match Finished,FT,90,,262,Liga MX,Mexico,https://media.api-sports.io/football/leagues/262.png,https://media.api-sports.io/flags/mx.svg,2021,Apertura - 11,True,2283,Atlas,https://media.api-sports.io/football/teams/2283.png,False,2291,Puebla,https://media.api-sports.io/football/teams/2291.png,True,0,1,0,1,0,1,,,,
721814,F. Guerrero,UTC,2021-09-29T02:05:00+00:00,1632881100,1632881100,1632884700,1081.0,Estadio Hidalgo,Pachuca de Soto,Match Finished,FT,90,,262,Liga MX,Mexico,https://media.api-sports.io/football/leagues/262.png,https://media.api-sports.io/flags/mx.svg,2021,Apertura - 11,True,2292,Pachuca,https://media.api-sports.io/football/teams/2292.png,,2287,Club America,https://media.api-sports.io/football/teams/2287.png,,1,1,1,1,1,1,,,,
721818,"Jorge Isaac Rojas Castillo, Mexico",UTC,2021-09-29T22:00:00+00:00,1632952800,1632952800,1632956400,1795.0,Estadio Alfonso Lastras Ramírez,San Luis Potosí,Match Finished,FT,90,,262,Liga MX,Mexico,https://media.api-sports.io/football/leagues/262.png,https://media.api-sports.io/flags/mx.svg,2021,Apertura - 11,True,2314,Atletico San Luis,https://media.api-sports.io/football/teams/2314.png,False,2279,Tigres UANL,https://media.api-sports.io/football/teams/2279.png,True,0,3,0,1,0,3,,,,
721817,L. Santander,UTC,2021-09-30T02:15:00+00:00,1632968100,1632968100,1632971700,1084.0,Estadio La Corregidora,Santiago de Querétaro,Match Finished,FT,90,,262,Liga MX,Mexico,https://media.api-sports.io/football/leagues/262.png,https://media.api-sports.io/flags/mx.svg,2021,Apertura - 11,True,2290,Club Queretaro,https://media.api-sports.io/football/teams/2290.png,True,2278,Guadalajara Chivas,https://media.api-sports.io/football/teams/2278.png,False,1,0,0,0,1,0,,,,
721821,D. Quintero,UTC,2021-10-02T00:00:00+00:00,1633132800,1633132800,1633136400,1082.0,Estadio Cuauhtémoc,Puebla,Match Finished,FT,90,,262,Liga MX,Mexico,https://media.api-sports.io/football/leagues/262.png,https://media.api-sports.io/flags/mx.svg,2021,Apertura - 12,True,2291,Puebla,https://media.api-sports.io/football/teams/2291.png,False,2292,Pachuca,https://media.api-sports.io/football/teams/2292.png,True,1,2,1,1,1,2,,,,
721822,F. Hernández,UTC,2021-10-02T02:00:00+00:00,1633140000,1633140000,1633143600,1845.0,Estadio Olímpico Benito Juárez,Ciudad Juárez,Match Finished,FT,90,,262,Liga MX,Mexico,https://media.api-sports.io/football/leagues/262.png,https://media.api-sports.io/flags/mx.svg,2021,Apertura - 12,True,2298,FC Juarez,https://media.api-sports.io/football/teams/2298.png,True,2282,Monterrey,https://media.api-sports.io/football/teams/2282.png,False,3,1,2,1,3,1,,,,
721826,"Victor Alfonso Caceres Hernandez, Mexico",UTC,2021-10-02T22:00:00+00:00,1633212000,1633212000,1633215600,,Estadio Leon,Leon,Match Finished,FT,90,,262,Liga MX,Mexico,https://media.api-sports.io/football/leagues/262.png,https://media.api-sports.io/flags/mx.svg,2021,Apertura - 12,True,2289,Leon,https://media.api-sports.io/football/teams/2289.png,,2314,Atletico San Luis,https://media.api-sports.io/football/teams/2314.png,,0,0,0,0,0,0,,,,
721827,"Erick Yair Miranda Galindo, Mexico",UTC,2021-10-03T00:06:00+00:00,1633219560,1633219560,1633223160,1085.0,Estadio Nuevo Corona,Torreón,Match Finished,FT,90,,262,Liga MX,Mexico,https://media.api-sports.io/football/leagues/262.png,https://media.api-sports.io/flags/mx.svg,2021,Apertura - 12,True,2285,Santos Laguna,https://media.api-sports.io/football/teams/2285.png,True,14002,Mazatlán,https://media.api-sports.io/football/teams/14002.png,False,1,0,1,0,1,0,,,,
721823,"Fernando Guerrero Ramirez, Mexico",UTC,2021-10-03T02:00:00+00:00,1633226400,1633226400,1633230000,1076.0,Estadio AKRON,Zapopan,Match Finished,FT,90,,262,Liga MX,Mexico,https://media.api-sports.io/football/leagues/262.png,https://media.api-sports.io/flags/mx.svg,2021,Apertura - 12,True,2278,Guadalajara Chivas,https://media.api-sports.io/football/teams/2278.png,False,2283,Atlas,https://media.api-sports.io/football/teams/2283.png,True,0,1,0,1,0,1,,,,
721825,"Oscar Mejia Garcia, Mexico",UTC,2021-10-03T17:00:00+00:00,1633280400,1633280400,1633284000,1089.0,Estadio Nemesio Díez,Toluca de Lerdo,Match Finished,FT,90,,262,Liga MX,Mexico,https://media.api-sports.io/football/leagues/262.png,https://media.api-sports.io/flags/mx.svg,2021,Apertura - 12,True,2281,Toluca,https://media.api-sports.io/football/teams/2281.png,,2290,Club Queretaro,https://media.api-sports.io/football/teams/2290.png,,1,1,0,0,1,1,,,,
721824,"Jorge Antonio Perez Duran, Mexico",UTC,2021-10-03T22:00:00+00:00,1633298400,1633298400,1633302000,7182.0,Estadio Azteca,D.F.,Match Finished,FT,90,,262,Liga MX,Mexico,https://media.api-sports.io/football/leagues/262.png,https://media.api-sports.io/flags/mx.svg,2021,Apertura - 12,True,2287,Club America,https://media.api-sports.io/football/teams/2287.png,True,2286,U.N.A.M. - Pumas,https://media.api-sports.io/football/teams/2286.png,False,2,0,1,0,2,0,,,,
721829,"Marco Antonio Ortiz Nava, Mexico",UTC,2021-10-04T00:00:00+00:00,1633305600,1633305600,1633309200,1087.0,Estadio Universitario de Nuevo León,San Nicolás de los Garza,Match Finished,FT,90,,262,Liga MX,Mexico,https://media.api-sports.io/football/leagues/262.png,https://media.api-sports.io/flags/mx.svg,2021,Apertura - 12,True,2279,Tigres UANL,https://media.api-sports.io/football/teams/2279.png,,2288,Necaxa,https://media.api-sports.io/football/teams/2288.png,,0,0,0,0,0,0,,,,
721828,"Luis Santander, Mexico",UTC,2021-10-04T02:06:00+00:00,1633313160,1633313160,1633316760,1088.0,Estadio Caliente,Tijuana,Match Finished,FT,90,,262,Liga MX,Mexico,https://media.api-sports.io/football/leagues/262.png,https://media.api-sports.io/flags/mx.svg,2021,Apertura - 12,True,2280,Club Tijuana,https://media.api-sports.io/football/teams/2280.png,False,2295,Cruz Azul,https://media.api-sports.io/football/teams/2295.png,True,0,1,0,1,0,1,,,,
721805,"Marco Antonio Ortiz Nava, Mexico",UTC,2021-10-09T00:00:00+00:00,1633737600,1633737600,1633741200,1845.0,Estadio Olímpico Benito Juárez,Ciudad Juárez,Match Finished,FT,90,,262,Liga MX,Mexico,https://media.api-sports.io/football/leagues/262.png,https://media.api-sports.io/flags/mx.svg,2021,Apertura - 10,True,2298,FC Juarez,https://media.api-sports.io/football/teams/2298.png,,2290,Club Queretaro,https://media.api-sports.io/football/teams/2290.png,,0,0,0,0,0,0,,,,
721830,"Eduardo Galvan Basulto, Mexico",UTC,2021-10-15T01:00:00+00:00,1634259600,1634259600,1634263200,1084.0,Estadio La Corregidora,Santiago de Querétaro,Match Finished,FT,90,,262,Liga MX,Mexico,https://media.api-sports.io/football/leagues/262.png,https://media.api-sports.io/flags/mx.svg,2021,Apertura - 13,True,2290,Club Queretaro,https://media.api-sports.io/football/teams/2290.png,,2280,Club Tijuana,https://media.api-sports.io/football/teams/2280.png,,1,1,0,1,1,1,,,,
721831,"Fernando Guerrero Ramirez, Mexico",UTC,2021-10-16T00:00:00+00:00,1634342400,1634342400,1634346000,1080.0,Estadio Victoria de Aguascalientes,Aguascalientes,Match Finished,FT,90,,262,Liga MX,Mexico,https://media.api-sports.io/football/leagues/262.png,https://media.api-sports.io/flags/mx.svg,2021,Apertura - 13,True,2288,Necaxa,https://media.api-sports.io/football/teams/2288.png,False,2291,Puebla,https://media.api-sports.io/football/teams/2291.png,True,0,1,0,0,0,1,,,,
721832,"Mario Humberto Vargas Mata, Mexico",UTC,2021-10-16T02:00:00+00:00,1634349600,1634349600,1634353200,10546.0,Estadio de Mazatlán,Mazatlán,Match Finished,FT,90,,262,Liga MX,Mexico,https://media.api-sports.io/football/leagues/262.png,https://media.api-sports.io/flags/mx.svg,2021,Apertura - 13,True,14002,Mazatlán,https://media.api-sports.io/football/teams/14002.png,True,2283,Atlas,https://media.api-sports.io/football/teams/2283.png,False,1,0,1,0,1,0,,,,
721837,"Cesar Arturo Ramos Palazuelos, Mexico",UTC,2021-10-16T22:00:00+00:00,1634421600,1634421600,1634425200,11905.0,Estadio BBVA,Guadalupe,Match Finished,FT,90,,262,Liga MX,Mexico,https://media.api-sports.io/football/leagues/262.png,https://media.api-sports.io/flags/mx.svg,2021,Apertura - 13,True,2282,Monterrey,https://media.api-sports.io/football/teams/2282.png,False,2289,Leon,https://media.api-sports.io/football/teams/2289.png,True,0,1,0,1,0,1,,,,
721834,D. Montaño,UTC,2021-10-17T00:00:00+00:00,1634428800,1634428800,1634432400,1795.0,Estadio Alfonso Lastras Ramírez,San Luis Potosí,Match Finished,FT,90,,262,Liga MX,Mexico,https://media.api-sports.io/football/leagues/262.png,https://media.api-sports.io/flags/mx.svg,2021,Apertura - 13,True,2314,Atletico San Luis,https://media.api-sports.io/football/teams/2314.png,False,2287,Club America,https://media.api-sports.io/football/teams/2287.png,True,0,1,0,0,0,1,,,,
721833,Ó. Mejía,UTC,2021-10-17T00:05:00+00:00,1634429100,1634429100,1634432700,1081.0,Estadio Hidalgo,Pachuca de Soto,Match Finished,FT,90,,262,Liga MX,Mexico,https://media.api-sports.io/football/leagues/262.png,https://media.api-sports.io/flags/mx.svg,2021,Apertura - 13,True,2292,Pachuca,https://media.api-sports.io/football/teams/2292.png,,2285,Santos Laguna,https://media.api-sports.io/football/teams/2285.png,,1,1,0,0,1,1,,,,
721835,J. Pérez,UTC,2021-10-17T02:00:00+00:00,1634436000,1634436000,1634439600,7182.0,Estadio Azteca,D.F.,Match Finished,FT,90,,262,Liga MX,Mexico,https://media.api-sports.io/football/leagues/262.png,https://media.api-sports.io/flags/mx.svg,2021,Apertura - 13,True,2295,Cruz Azul,https://media.api-sports.io/football/teams/2295.png,,2279,Tigres UANL,https://media.api-sports.io/football/teams/2279.png,,1,1,1,1,1,1,,,,
721836,"Adonai Escobedo Gonzalez, Mexico",UTC,2021-10-17T17:00:00+00:00,1634490000,1634490000,1634493600,1083.0,Estadio Olímpico de Universitario,D.F.,Match Finished,FT,90,,262,Liga MX,Mexico,https://media.api-sports.io/football/leagues/262.png,https://media.api-sports.io/flags/mx.svg,2021,Apertura - 13,True,2286,U.N.A.M. - Pumas,https://media.api-sports.io/football/teams/2286.png,True,2298,FC Juarez,https://media.api-sports.io/football/teams/2298.png,False,1,0,0,0,1,0,,,,
721838,"Fernando Hernandez, Mexico",UTC,2021-10-17T22:00:00+00:00,1634508000,1634508000,1634511600,1076.0,Estadio AKRON,Zapopan,Match Finished,FT,90,,262,Liga MX,Mexico,https://media.api-sports.io/football/leagues/262.png,https://media.api-sports.io/flags/mx.svg,2021,Apertura - 13,True,2278,Guadalajara Chivas,https://media.api-sports.io/football/teams/2278.png,True,2281,Toluca,https://media.api-sports.io/football/teams/2281.png,False,2,0,1,0,2,0,,,,
721843,"Fernando Guerrero Ramirez, Mexico",UTC,2021-10-19T22:00:00+00:00,1634680800,1634680800,1634684400,1084.0,Estadio La Corregidora,Santiago de Querétaro,Match Finished,FT,90,,262,Liga MX,Mexico,https://media.api-sports.io/football/leagues/262.png,https://media.api-sports.io/flags/mx.svg,2021,Apertura - 14,True,2290,Club Queretaro,https://media.api-sports.io/football/teams/2290.png,True,2282,Monterrey,https://media.api-sports.io/football/teams/2282.png,False,1,0,1,0,1,0,,,,
721840,"Jorge Antonio Perez Duran, Mexico",UTC,2021-10-20T00:00:00+00:00,1634688000,1634688000,1634691600,1082.0,Estadio Cuauhtémoc,Puebla,Match Finished,FT,90,,262,Liga MX,Mexico,https://media.api-sports.io/football/leagues/262.png,https://media.api-sports.io/flags/mx.svg,2021,Apertura - 14,True,2291,Puebla,https://media.api-sports.io/football/teams/2291.png,True,14002,Mazatlán,https://media.api-sports.io/football/teams/14002.png,False,2,0,0,0,2,0,,,,
721841,"Marco Antonio Ortiz Nava, Mexico",UTC,2021-10-20T00:05:00+00:00,1634688300,1634688300,1634691900,7182.0,Estadio Azteca,D.F.,Match Finished,FT,90,,262,Liga MX,Mexico,https://media.api-sports.io/football/leagues/262.png,https://media.api-sports.io/flags/mx.svg,2021,Apertura - 14,True,2287,Club America,https://media.api-sports.io/football/teams/2287.png,True,2285,Santos Laguna,https://media.api-sports.io/football/teams/2285.png,False,2,1,0,0,2,1,,,,
721842,"Jorge Isaac Rojas Castillo, Mexico",UTC,2021-10-20T02:05:00+00:00,1634695500,1634695500,1634699100,1071.0,Estadio Jalisco,Guadalajara,Match Finished,FT,90,,262,Liga MX,Mexico,https://media.api-sports.io/football/leagues/262.png,https://media.api-sports.io/flags/mx.svg,2021,Apertura - 14,True,2283,Atlas,https://media.api-sports.io/football/teams/2283.png,,2295,Cruz Azul,https://media.api-sports.io/football/teams/2295.png,,0,0,0,0,0,0,,,,
721844,"Cesar Arturo Ramos Palazuelos, Mexico",UTC,2021-10-21T00:00:00+00:00,1634774400,1634774400,1634778000,1089.0,Estadio Nemesio Díez,Toluca de Lerdo,Match Finished,FT,90,,262,Liga MX,Mexico,https://media.api-sports.io/football/leagues/262.png,https://media.api-sports.io/flags/mx.svg,2021,Apertura - 14,True,2281,Toluca,https://media.api-sports.io/football/teams/2281.png,,2288,Necaxa,https://media.api-sports.io/football/teams/2288.png,,1,1,0,0,1,1,,,,
721845,"Erick Yair Miranda Galindo, Mexico",UTC,2021-10-21T00:00:00+00:00,1634774400,1634774400,1634778000,,Estadio Leon,Leon,Match Finished,FT,90,,262,Liga MX,Mexico,https://media.api-sports.io/football/leagues/262.png,https://media.api-sports.io/flags/mx.svg,2021,Apertura - 14,True,2289,Leon,https://media.api-sports.io/football/teams/2289.png,False,2286,U.N.A.M. - Pumas,https://media.api-sports.io/football/teams/2286.png,True,1,2,0,1,1,2,,,,
721846,"Luis Santander, Mexico",UTC,2021-10-21T02:00:00+00:00,1634781600,1634781600,1634785200,1087.0,Estadio Universitario de Nuevo León,San Nicolás de los Garza,Match Finished,FT,90,,262,Liga MX,Mexico,https://media.api-sports.io/football/leagues/262.png,https://media.api-sports.io/flags/mx.svg,2021,Apertura - 14,True,2279,Tigres UANL,https://media.api-sports.io/football/teams/2279.png,True,2292,Pachuca,https://media.api-sports.io/football/teams/2292.png,False,3,0,2,0,3,0,,,,
721847,"Juan Andres Esquivel Gonzalez, Mexico",UTC,2021-10-21T02:06:00+00:00,1634781960,1634781960,1634785560,1088.0,Estadio Caliente,Tijuana,Match Finished,FT,90,,262,Liga MX,Mexico,https://media.api-sports.io/football/leagues/262.png,https://media.api-sports.io/flags/mx.svg,2021,Apertura - 14,True,2280,Club Tijuana,https://media.api-sports.io/football/teams/2280.png,,2278,Guadalajara Chivas,https://media.api-sports.io/football/teams/2278.png,,0,0,0,0,0,0,,,,
721848,Ó. Macías,UTC,2021-10-23T02:00:00+00:00,1634954400,1634954400,1634958000,10546.0,Estadio de Mazatlán,Mazatlán,Match Finished,FT,90,,262,Liga MX,Mexico,https://media.api-sports.io/football/leagues/262.png,https://media.api-sports.io/flags/mx.svg,2021,Apertura - 15,True,14002,Mazatlán,https://media.api-sports.io/football/teams/14002.png,True,2290,Club Queretaro,https://media.api-sports.io/football/teams/2290.png,False,2,1,0,1,2,1,,,,
721852,"Eduardo Galvan Basulto, Mexico",UTC,2021-10-23T22:00:00+00:00,1635026400,1635026400,1635030000,1082.0,Estadio Cuauhtémoc,Puebla,Match Finished,FT,90,,262,Liga MX,Mexico,https://media.api-sports.io/football/leagues/262.png,https://media.api-sports.io/flags/mx.svg,2021,Apertura - 15,True,2291,Puebla,https://media.api-sports.io/football/teams/2291.png,False,2289,Leon,https://media.api-sports.io/football/teams/2289.png,True,0,1,0,0,0,1,,,,
721849,F. Guerrero,UTC,2021-10-24T00:00:00+00:00,1635033600,1635033600,1635037200,7182.0,Estadio Azteca,D.F.,Match Finished,FT,90,,262,Liga MX,Mexico,https://media.api-sports.io/football/leagues/262.png,https://media.api-sports.io/flags/mx.svg,2021,Apertura - 15,True,2287,Club America,https://media.api-sports.io/football/teams/2287.png,True,2279,Tigres UANL,https://media.api-sports.io/football/teams/2279.png,False,1,0,0,0,1,0,,,,
721850,M. Ortíz,UTC,2021-10-24T02:00:00+00:00,1635040800,1635040800,1635044400,1076.0,Estadio AKRON,Zapopan,Match Finished,FT,90,,262,Liga MX,Mexico,https://media.api-sports.io/football/leagues/262.png,https://media.api-sports.io/flags/mx.svg,2021,Apertura - 15,True,2278,Guadalajara Chivas,https://media.api-sports.io/football/teams/2278.png,,2295,Cruz Azul,https://media.api-sports.io/football/teams/2295.png,,1,1,0,1,1,1,,,,
721851,"Fernando Hernandez, Mexico",UTC,2021-10-24T17:00:00+00:00,1635094800,1635094800,1635098400,1083.0,Estadio Olímpico de Universitario,D.F.,Match Finished,FT,90,,262,Liga MX,Mexico,https://media.api-sports.io/football/leagues/262.png,https://media.api-sports.io/flags/mx.svg,2021,Apertura - 15,True,2286,U.N.A.M. - Pumas,https://media.api-sports.io/football/teams/2286.png,True,2280,Club Tijuana,https://media.api-sports.io/football/teams/2280.png,False,3,1,1,0,3,1,,,,
721853,L. Santander,UTC,2021-10-24T22:06:00+00:00,1635113160,1635113160,1635116760,11905.0,Estadio BBVA,Guadalupe,Match Finished,FT,90,,262,Liga MX,Mexico,https://media.api-sports.io/football/leagues/262.png,https://media.api-sports.io/flags/mx.svg,2021,Apertura - 15,True,2282,Monterrey,https://media.api-sports.io/football/teams/2282.png,False,2288,Necaxa,https://media.api-sports.io/football/teams/2288.png,True,0,1,0,0,0,1,,,,
721855,"Cesar Arturo Ramos Palazuelos, Mexico",UTC,2021-10-25T00:00:00+00:00,1635120000,1635120000,1635123600,1795.0,Estadio Alfonso Lastras Ramírez,San Luis Potosí,Match Finished,FT,90,,262,Liga MX,Mexico,https://media.api-sports.io/football/leagues/262.png,https://media.api-sports.io/flags/mx.svg,2021,Apertura - 15,True,2314,Atletico San Luis,https://media.api-sports.io/football/teams/2314.png,False,2283,Atlas,https://media.api-sports.io/football/teams/2283.png,True,2,6,0,4,2,6,,,,
721854,"Jorge Isaac Rojas Castillo, Mexico",UTC,2021-10-25T00:06:00+00:00,1635120360,1635120360,1635123960,1085.0,Estadio Nuevo Corona,Torreón,Match Finished,FT,90,,262,Liga MX,Mexico,https://media.api-sports.io/football/leagues/262.png,https://media.api-sports.io/flags/mx.svg,2021,Apertura - 15,True,2285,Santos Laguna,https://media.api-sports.io/football/teams/2285.png,,2281,Toluca,https://media.api-sports.io/football/teams/2281.png,,2,2,1,0,2,2,,,,
721856,"Diego Montano, Mexico",UTC,2021-10-25T02:00:00+00:00,1635127200,1635127200,1635130800,1081.0,Estadio Hidalgo,Pachuca de Soto,Match Finished,FT,90,,262,Liga MX,Mexico,https://media.api-sports.io/football/leagues/262.png,https://media.api-sports.io/flags/mx.svg,2021,Apertura - 15,True,2292,Pachuca,https://media.api-sports.io/football/teams/2292.png,,2298,FC Juarez,https://media.api-sports.io/football/teams/2298.png,,1,1,0,1,1,1,,,,
721857,"Oscar Macias, Mexico",UTC,2021-10-29T00:00:00+00:00,1635465600,1635465600,1635469200,1071.0,Estadio Jalisco,Guadalajara,Match Finished,FT,90,,262,Liga MX,Mexico,https://media.api-sports.io/football/leagues/262.png,https://media.api-sports.io/flags/mx.svg,2021,Apertura - 16,True,2283,Atlas,https://media.api-sports.io/football/teams/2283.png,False,2280,Club Tijuana,https://media.api-sports.io/football/teams/2280.png,True,0,2,0,1,0,2,,,,
721858,"Oscar Mejia Garcia, Mexico",UTC,2021-10-30T00:00:00+00:00,1635552000,1635552000,1635555600,1080.0,Estadio Victoria de Aguascalientes,Aguascalientes,Match Finished,FT,90,,262,Liga MX,Mexico,https://media.api-sports.io/football/leagues/262.png,https://media.api-sports.io/flags/mx.svg,2021,Apertura - 16,True,2288,Necaxa,https://media.api-sports.io/football/teams/2288.png,True,14002,Mazatlán,https://media.api-sports.io/football/teams/14002.png,False,2,1,1,0,2,1,,,,
721859,"Erick Yair Miranda Galindo, Mexico",UTC,2021-10-30T02:00:00+00:00,1635559200,1635559200,1635562800,1845.0,Estadio Olímpico Benito Juárez,Ciudad Juárez,Match Finished,FT,90,,262,Liga MX,Mexico,https://media.api-sports.io/football/leagues/262.png,https://media.api-sports.io/flags/mx.svg,2021,Apertura - 16,True,2298,FC Juarez,https://media.api-sports.io/football/teams/2298.png,False,2291,Puebla,https://media.api-sports.io/football/teams/2291.png,True,0,2,0,0,0,2,,,,
721860,"Jorge Antonio Perez Duran, Mexico",UTC,2021-10-30T23:00:00+00:00,1635634800,1635634800,1635638400,1084.0,Estadio La Corregidora,Santiago de Querétaro,Match Finished,FT,90,,262,Liga MX,Mexico,https://media.api-sports.io/football/leagues/262.png,https://media.api-sports.io/flags/mx.svg,2021,Apertura - 16,True,2290,Club Queretaro,https://media.api-sports.io/football/teams/2290.png,False,2285,Santos Laguna,https://media.api-sports.io/football/teams/2285.png,True,2,3,0,2,2,3,,,,
721861,"Fernando Guerrero Ramirez, Mexico",UTC,2021-10-31T01:06:00+00:00,1635642360,1635642360,1635645960,1081.0,Estadio Hidalgo,Pachuca de Soto,Match Finished,FT,90,,262,Liga MX,Mexico,https://media.api-sports.io/football/leagues/262.png,https://media.api-sports.io/flags/mx.svg,2021,Apertura - 16,True,2292,Pachuca,https://media.api-sports.io/football/teams/2292.png,,2286,U.N.A.M. - Pumas,https://media.api-sports.io/football/teams/2286.png,,1,1,0,1,1,1,,,,
721862,"Diego Montano, Mexico",UTC,2021-10-31T02:10:00+00:00,1635646200,1635646200,1635649800,1087.0,Estadio Universitario de Nuevo León,San Nicolás de los Garza,Match Finished,FT,90,,262,Liga MX,Mexico,https://media.api-sports.io/football/leagues/262.png,https://media.api-sports.io/flags/mx.svg,2021,Apertura - 16,True,2279,Tigres UANL,https://media.api-sports.io/football/teams/2279.png,True,2278,Guadalajara Chivas,https://media.api-sports.io/football/teams/2278.png,False,2,1,1,0,2,1,,,,
721863,"Marco Antonio Ortiz Nava, Mexico",UTC,2021-10-31T18:00:00+00:00,1635703200,1635703200,1635706800,1089.0,Estadio Nemesio Díez,Toluca de Lerdo,Match Finished,FT,90,,262,Liga MX,Mexico,https://media.api-sports.io/football/leagues/262.png,https://media.api-sports.io/flags/mx.svg,2021,Apertura - 16,True,2281,Toluca,https://media.api-sports.io/football/teams/2281.png,,2289,Leon,https://media.api-sports.io/football/teams/2289.png,,0,0,0,0,0,0,,,,
721864,"Luis Santander, Mexico",UTC,2021-10-31T23:05:00+00:00,1635721500,1635721500,1635725100,7182.0,Estadio Azteca,D.F.,Match Finished,FT,90,,262,Liga MX,Mexico,https://media.api-sports.io/football/leagues/262.png,https://media.api-sports.io/flags/mx.svg,2021,Apertura - 16,True,2295,Cruz Azul,https://media.api-sports.io/football/teams/2295.png,True,2287,Club America,https://media.api-sports.io/football/teams/2287.png,False,2,1,1,0,2,1,,,,
721865,"Adonai Escobedo Gonzalez, Mexico",UTC,2021-11-01T01:05:00+00:00,1635728700,1635728700,1635732300,1795.0,Estadio Alfonso Lastras Ramírez,San Luis Potosí,Match Finished,FT,90,,262,Liga MX,Mexico,https://media.api-sports.io/football/leagues/262.png,https://media.api-sports.io/flags/mx.svg,2021,Apertura - 16,True,2314,Atletico San Luis,https://media.api-sports.io/football/teams/2314.png,,2282,Monterrey,https://media.api-sports.io/football/teams/2282.png,,1,1,0,1,1,1,,,,
721766,"Erick Yair Miranda Galindo, Mexico",UTC,2021-11-04T01:00:00+00:00,1635987600,1635987600,1635991200,1081.0,Estadio Hidalgo,Pachuca de Soto,Match Finished,FT,90,,262,Liga MX,Mexico,https://media.api-sports.io/football/leagues/262.png,https://media.api-sports.io/flags/mx.svg,2021,Apertura - 5,True,2292,Pachuca,https://media.api-sports.io/football/teams/2292.png,,2314,Atletico San Luis,https://media.api-sports.io/football/teams/2314.png,,0,0,0,0,0,0,,,,
721819,"Fernando Guerrero Ramirez, Mexico",UTC,2021-11-04T03:00:00+00:00,1635994800,1635994800,1635998400,7182.0,Estadio Azteca,D.F.,Match Finished,FT,90,,262,Liga MX,Mexico,https://media.api-sports.io/football/leagues/262.png,https://media.api-sports.io/flags/mx.svg,2021,Apertura - 11,True,2295,Cruz Azul,https://media.api-sports.io/football/teams/2295.png,False,2289,Leon,https://media.api-sports.io/football/teams/2289.png,True,0,1,0,1,0,1,,,,
721820,"Adonai Escobedo Gonzalez, Mexico",UTC,2021-11-05T01:00:00+00:00,1636074000,1636074000,1636077600,1083.0,Estadio Olímpico de Universitario,D.F.,Match Finished,FT,90,,262,Liga MX,Mexico,https://media.api-sports.io/football/leagues/262.png,https://media.api-sports.io/flags/mx.svg,2021,Apertura - 11,True,2286,U.N.A.M. - Pumas,https://media.api-sports.io/football/teams/2286.png,False,2285,Santos Laguna,https://media.api-sports.io/football/teams/2285.png,True,0,3,0,1,0,3,,,,
721866,"Guillermo Pacheco Larios, Mexico",UTC,2021-11-05T03:00:00+00:00,1636081200,1636081200,1636084800,1071.0,Estadio Jalisco,Guadalajara,Match Finished,FT,90,,262,Liga MX,Mexico,https://media.api-sports.io/football/leagues/262.png,https://media.api-sports.io/flags/mx.svg,2021,Apertura - 17,True,2283,Atlas,https://media.api-sports.io/football/teams/2283.png,True,2290,Club Queretaro,https://media.api-sports.io/football/teams/2290.png,False,2,0,0,0,2,0,,,,
721867,J. Pérez,UTC,2021-11-06T01:00:00+00:00,1636160400,1636160400,1636164000,1082.0,Estadio Cuauhtémoc,Puebla,Match Finished,FT,90,,262,Liga MX,Mexico,https://media.api-sports.io/football/leagues/262.png,https://media.api-sports.io/flags/mx.svg,2021,Apertura - 17,True,2291,Puebla,https://media.api-sports.io/football/teams/2291.png,True,2281,Toluca,https://media.api-sports.io/football/teams/2281.png,False,1,0,0,0,1,0,,,,
721868,J. Rojas,UTC,2021-11-06T03:00:00+00:00,1636167600,1636167600,1636171200,10546.0,Estadio de Mazatlán,Mazatlán,Match Finished,FT,90,,262,Liga MX,Mexico,https://media.api-sports.io/football/leagues/262.png,https://media.api-sports.io/flags/mx.svg,2021,Apertura - 17,True,14002,Mazatlán,https://media.api-sports.io/football/teams/14002.png,False,2278,Guadalajara Chivas,https://media.api-sports.io/football/teams/2278.png,True,0,1,0,0,0,1,,,,
721869,"Luis Santander, Mexico",UTC,2021-11-06T23:00:00+00:00,1636239600,1636239600,1636243200,,Estadio Leon,Leon,Match Finished,FT,90,,262,Liga MX,Mexico,https://media.api-sports.io/football/leagues/262.png,https://media.api-sports.io/flags/mx.svg,2021,Apertura - 17,True,2289,Leon,https://media.api-sports.io/football/teams/2289.png,True,2288,Necaxa,https://media.api-sports.io/football/teams/2288.png,False,3,0,1,0,3,0,,,,
721870,D. Montaño,UTC,2021-11-07T01:00:00+00:00,1636246800,1636246800,1636250400,7182.0,Estadio Azteca,D.F.,Match Finished,FT,90,,262,Liga MX,Mexico,https://media.api-sports.io/football/leagues/262.png,https://media.api-sports.io/flags/mx.svg,2021,Apertura - 17,True,2287,Club America,https://media.api-sports.io/football/teams/2287.png,,2282,Monterrey,https://media.api-sports.io/football/teams/2282.png,,0,0,0,0,0,0,,,,
721871,Ó. Macías,UTC,2021-11-07T03:00:00+00:00,1636254000,1636254000,1636257600,1087.0,Estadio Universitario de Nuevo León,San Nicolás de los Garza,Match Finished,FT,90,,262,Liga MX,Mexico,https://media.api-sports.io/football/leagues/262.png,https://media.api-sports.io/flags/mx.svg,2021,Apertura - 17,True,2279,Tigres UANL,https://media.api-sports.io/football/teams/2279.png,True,2298,FC Juarez,https://media.api-sports.io/football/teams/2298.png,False,3,0,1,0,3,0,,,,
721872,E. Galván,UTC,2021-11-07T03:06:00+00:00,1636254360,1636254360,1636257960,1088.0,Estadio Caliente,Tijuana,Match Finished,FT,90,,262,Liga MX,Mexico,https://media.api-sports.io/football/leagues/262.png,https://media.api-sports.io/flags/mx.svg,2021,Apertura - 17,True,2280,Club Tijuana,https://media.api-sports.io/football/teams/2280.png,True,2292,Pachuca,https://media.api-sports.io/football/teams/2292.png,False,3,2,1,1,3,2,,,,
721873,"Marco Antonio Ortiz Nava, Mexico",UTC,2021-11-07T23:00:00+00:00,1636326000,1636326000,1636329600,1083.0,Estadio Olímpico de Universitario,D.F.,Match Finished,FT,90,,262,Liga MX,Mexico,https://media.api-sports.io/football/leagues/262.png,https://media.api-sports.io/flags/mx.svg,2021,Apertura - 17,True,2286,U.N.A.M. - Pumas,https://media.api-sports.io/football/teams/2286.png,True,2295,Cruz Azul,https://media.api-sports.io/football/teams/2295.png,False,4,3,1,3,4,3,,,,
721874,"Fernando Guerrero Ramirez, Mexico",UTC,2021-11-08T01:06:00+00:00,1636333560,1636333560,1636337160,1085.0,Estadio Nuevo Corona,Torreón,Match Finished,FT,90,,262,Liga MX,Mexico,https://media.api-sports.io/football/leagues/262.png,https://media.api-sports.io/flags/mx.svg,2021,Apertura - 17,True,2285,Santos Laguna,https://media.api-sports.io/football/teams/2285.png,,2314,Atletico San Luis,https://media.api-sports.io/football/teams/2314.png,,0,0,0,0,0,0,,,,
812182,C. Ramos,UTC,2021-11-21T01:00:00+00:00,1637456400,1637456400,1637460000,1085.0,Estadio Nuevo Corona,Torreón,Match Finished,FT,90,,262,Liga MX,Mexico,https://media.api-sports.io/football/leagues/262.png,https://media.api-sports.io/flags/mx.svg,2021,Apertura - Reclasificación,True,2285,Santos Laguna,https://media.api-sports.io/football/teams/2285.png,True,2314,Atletico San Luis,https://media.api-sports.io/football/teams/2314.png,False,2,0,0,0,2,0,,,,
812184,M. Ortíz,UTC,2021-11-21T03:00:00+00:00,1637463600,1637463600,1637467200,1082.0,Estadio Cuauhtémoc,Puebla,Match Finished,PEN,120,,262,Liga MX,Mexico,https://media.api-sports.io/football/leagues/262.png,https://media.api-sports.io/flags/mx.svg,2021,Apertura - Reclasificación,True,2291,Puebla,https://media.api-sports.io/football/teams/2291.png,True,2278,Guadalajara Chivas,https://media.api-sports.io/football/teams/2278.png,False,2,2,1,1,2,2,0.0,0.0,6.0,5.0
812183,"Fernando Hernandez, Mexico",UTC,2021-11-21T23:00:00+00:00,1637535600,1637535600,1637539200,1089.0,Estadio Nemesio Díez,Toluca de Lerdo,Match Finished,FT,90,,262,Liga MX,Mexico,https://media.api-sports.io/football/leagues/262.png,https://media.api-sports.io/flags/mx.svg,2021,Apertura - Reclasificación,True,2281,Toluca,https://media.api-sports.io/football/teams/2281.png,False,2286,U.N.A.M. - Pumas,https://media.api-sports.io/football/teams/2286.png,True,1,2,0,1,1,2,,,,
812185,"Fernando Guerrero Ramirez, Mexico",UTC,2021-11-22T01:15:00+00:00,1637543700,1637543700,1637547300,7182.0,Estadio Azteca,D.F.,Match Finished,FT,90,,262,Liga MX,Mexico,https://media.api-sports.io/football/leagues/262.png,https://media.api-sports.io/flags/mx.svg,2021,Apertura - Reclasificación,True,2295,Cruz Azul,https://media.api-sports.io/football/teams/2295.png,False,2282,Monterrey,https://media.api-sports.io/football/teams/2282.png,True,1,4,1,2,1,4,,,,
813305,"Jorge Antonio Perez Duran, Mexico",UTC,2021-11-25T01:00:00+00:00,1637802000,1637802000,1637805600,1083.0,Estadio Olímpico de Universitario,D.F.,Match Finished,FT,90,,262,Liga MX,Mexico,https://media.api-sports.io/football/leagues/262.png,https://media.api-sports.io/flags/mx.svg,2021,Apertura - Quarter-finals,True,2286,U.N.A.M. - Pumas,https://media.api-sports.io/football/teams/2286.png,,2287,Club America,https://media.api-sports.io/football/teams/2287.png,,0,0,0,0,0,0,,,,
813307,"Jorge Isaac Rojas Castillo, Mexico",UTC,2021-11-25T03:05:00+00:00,1637809500,1637809500,1637813100,11905.0,Estadio BBVA,Guadalupe,Match Finished,FT,90,,262,Liga MX,Mexico,https://media.api-sports.io/football/leagues/262.png,https://media.api-sports.io/flags/mx.svg,2021,Apertura - Quarter-finals,True,2282,Monterrey,https://media.api-sports.io/football/teams/2282.png,,2283,Atlas,https://media.api-sports.io/football/teams/2283.png,,0,0,0,0,0,0,,,,
813309,"Erick Yair Miranda Galindo, Mexico",UTC,2021-11-26T01:00:00+00:00,1637888400,1637888400,1637892000,1082.0,Estadio Cuauhtémoc,Puebla,Match Finished,FT,90,,262,Liga MX,Mexico,https://media.api-sports.io/football/leagues/262.png,https://media.api-sports.io/flags/mx.svg,2021,Apertura - Quarter-finals,True,2291,Puebla,https://media.api-sports.io/football/teams/2291.png,True,2289,Leon,https://media.api-sports.io/football/teams/2289.png,False,2,1,1,1,2,1,,,,
813311,"Oscar Macias, Mexico",UTC,2021-11-26T03:05:00+00:00,1637895900,1637895900,1637899500,1085.0,Estadio Nuevo Corona,Torreón,Match Finished,FT,90,,262,Liga MX,Mexico,https://media.api-sports.io/football/leagues/262.png,https://media.api-sports.io/flags/mx.svg,2021,Apertura - Quarter-finals,True,2285,Santos Laguna,https://media.api-sports.io/football/teams/2285.png,True,2279,Tigres UANL,https://media.api-sports.io/football/teams/2279.png,False,2,1,2,0,2,1,,,,
813306,"Marco Antonio Ortiz Nava, Mexico",UTC,2021-11-28T01:00:00+00:00,1638061200,1638061200,1638064800,7182.0,Estadio Azteca,D.F.,Match Finished,FT,90,,262,Liga MX,Mexico,https://media.api-sports.io/football/leagues/262.png,https://media.api-sports.io/flags/mx.svg,2021,Apertura - Quarter-finals,True,2287,Club America,https://media.api-sports.io/football/teams/2287.png,False,2286,U.N.A.M. - Pumas,https://media.api-sports.io/football/teams/2286.png,True,1,3,1,2,1,3,,,,
813308,"Cesar Arturo Ramos Palazuelos, Mexico",UTC,2021-11-28T03:05:00+00:00,1638068700,1638068700,1638072300,1071.0,Estadio Jalisco,Guadalajara,Match Finished,FT,90,,262,Liga MX,Mexico,https://media.api-sports.io/football/leagues/262.png,https://media.api-sports.io/flags/mx.svg,2021,Apertura - Quarter-finals,True,2283,Atlas,https://media.api-sports.io/football/teams/2283.png,,2282,Monterrey,https://media.api-sports.io/football/teams/2282.png,,1,1,1,0,1,1,,,,
813312,"Luis Santander, Mexico",UTC,2021-11-29T00:00:00+00:00,1638144000,1638144000,1638147600,1087.0,Estadio Universitario de Nuevo León,San Nicolás de los Garza,Match Finished,FT,90,,262,Liga MX,Mexico,https://media.api-sports.io/football/leagues/262.png,https://media.api-sports.io/flags/mx.svg,2021,Apertura - Quarter-finals,True,2279,Tigres UANL,https://media.api-sports.io/football/teams/2279.png,True,2285,Santos Laguna,https://media.api-sports.io/football/teams/2285.png,False,1,0,0,0,1,0,,,,
813310,"Jorge Antonio Perez Duran, Mexico",UTC,2021-11-29T02:05:00+00:00,1638151500,1638151500,1638155100,,Estadio Leon,Leon,Match Finished,FT,90,,262,Liga MX,Mexico,https://media.api-sports.io/football/leagues/262.png,https://media.api-sports.io/flags/mx.svg,2021,Apertura - Quarter-finals,True,2289,Leon,https://media.api-sports.io/football/teams/2289.png,True,2291,Puebla,https://media.api-sports.io/football/teams/2291.png,False,2,0,1,0,2,0,,,,
814001,"Marco Antonio Ortiz Nava, Mexico",UTC,2021-12-02T03:00:00+00:00,1638414000,1638414000,1638417600,1087.0,Estadio Universitario de Nuevo León,San Nicolás de los Garza,Match Finished,FT,90,,262,Liga MX,Mexico,https://media.api-sports.io/football/leagues/262.png,https://media.api-sports.io/flags/mx.svg,2021,Apertura - Semi-finals,True,2279,Tigres UANL,https://media.api-sports.io/football/teams/2279.png,True,2289,Leon,https://media.api-sports.io/football/teams/2289.png,False,2,1,0,0,2,1,,,,
814003,"Jorge Isaac Rojas Castillo, Mexico",UTC,2021-12-03T03:00:00+00:00,1638500400,1638500400,1638504000,1083.0,Estadio Olímpico de Universitario,D.F.,Match Finished,FT,90,,262,Liga MX,Mexico,https://media.api-sports.io/football/leagues/262.png,https://media.api-sports.io/flags/mx.svg,2021,Apertura - Semi-finals,True,2286,U.N.A.M. - Pumas,https://media.api-sports.io/football/teams/2286.png,False,2283,Atlas,https://media.api-sports.io/football/teams/2283.png,True,0,1,0,1,0,1,,,,
814002,"Marco Antonio Ortiz Nava, Mexico",UTC,2021-12-05T03:00:00+00:00,1638673200,1638673200,1638676800,,Estadio Leon,Leon,Match Finished,FT,90,,262,Liga MX,Mexico,https://media.api-sports.io/football/leagues/262.png,https://media.api-sports.io/flags/mx.svg,2021,Apertura - Semi-finals,True,2289,Leon,https://media.api-sports.io/football/teams/2289.png,True,2279,Tigres UANL,https://media.api-sports.io/football/teams/2279.png,False,2,1,1,1,2,1,,,,
814004,J. Pérez,UTC,2021-12-06T01:00:00+00:00,1638752400,1638752400,1638756000,1071.0,Estadio Jalisco,Guadalajara,Match Finished,FT,90,,262,Liga MX,Mexico,https://media.api-sports.io/football/leagues/262.png,https://media.api-sports.io/flags/mx.svg,2021,Apertura - Semi-finals,True,2283,Atlas,https://media.api-sports.io/football/teams/2283.png,False,2286,U.N.A.M. - Pumas,https://media.api-sports.io/football/teams/2286.png,True,0,1,0,0,0,1,,,,
815205,"Luis Santander, Mexico",UTC,2021-12-10T03:00:00+00:00,1639105200,1639105200,1639108800,,Estadio Leon,Leon,Match Finished,FT,90,,262,Liga MX,Mexico,https://media.api-sports.io/football/leagues/262.png,https://media.api-sports.io/flags/mx.svg,2021,Apertura - Finals,True,2289,Leon,https://media.api-sports.io/football/teams/2289.png,True,2283,Atlas,https://media.api-sports.io/football/teams/2283.png,False,3,2,1,1,3,2,,,,
815206,"Marco Antonio Ortiz Nava, Mexico",UTC,2021-12-13T02:15:00+00:00,1639361700,1639361700,1639365300,1071.0,Estadio Jalisco,Guadalajara,Match Finished,PEN,120,,262,Liga MX,Mexico,https://media.api-sports.io/football/leagues/262.png,https://media.api-sports.io/flags/mx.svg,2021,Apertura - Finals,True,2283,Atlas,https://media.api-sports.io/football/teams/2283.png,True,2289,Leon,https://media.api-sports.io/football/teams/2289.png,False,1,0,0,0,1,0,0.0,0.0,4.0,3.0
816329,"Oscar Macias, Mexico",UTC,2022-01-07T03:00:00+00:00,1641524400,1641524400,1641528000,1795.0,Estadio Alfonso Lastras Ramírez,San Luis Potosí,Match Finished,FT,90,,262,Liga MX,Mexico,https://media.api-sports.io/football/leagues/262.png,https://media.api-sports.io/flags/mx.svg,2021,Clausura - 1,True,2314,Atletico San Luis,https://media.api-sports.io/football/teams/2314.png,False,2292,Pachuca,https://media.api-sports.io/football/teams/2292.png,True,0,2,0,0,0,2,,,,
816330,"Luis Santander, Mexico",UTC,2022-01-08T01:00:00+00:00,1641603600,1641603600,1641607200,1845.0,Estadio Olímpico Benito Juárez,Ciudad Juárez,Match Finished,FT,90,,262,Liga MX,Mexico,https://media.api-sports.io/football/leagues/262.png,https://media.api-sports.io/flags/mx.svg,2021,Clausura - 1,True,2298,FC Juarez,https://media.api-sports.io/football/teams/2298.png,True,2288,Necaxa,https://media.api-sports.io/football/teams/2288.png,False,2,1,1,0,2,1,,,,
816331,"Oscar Mejia Garcia, Mexico",UTC,2022-01-08T03:00:00+00:00,1641610800,1641610800,1641614400,1082.0,Estadio Cuauhtémoc,Puebla,Match Finished,FT,90,,262,Liga MX,Mexico,https://media.api-sports.io/football/leagues/262.png,https://media.api-sports.io/flags/mx.svg,2021,Clausura - 1,True,2291,Puebla,https://media.api-sports.io/football/teams/2291.png,,2287,Club America,https://media.api-sports.io/football/teams/2287.png,,1,1,1,1,1,1,,,,
816332,"Edgar Allan Morales Olvera, Mexico",UTC,2022-01-09T01:06:00+00:00,1641690360,1641690360,1641693960,11905.0,Estadio BBVA,Guadalupe,Match Finished,FT,90,,262,Liga MX,Mexico,https://media.api-sports.io/football/leagues/262.png,https://media.api-sports.io/flags/mx.svg,2021,Clausura - 1,True,2282,Monterrey,https://media.api-sports.io/football/teams/2282.png,,2290,Club Queretaro,https://media.api-sports.io/football/teams/2290.png,,0,0,0,0,0,0,,,,
816334,"Daniel Quintero Huitron, Mexico",UTC,2022-01-09T03:00:00+00:00,1641697200,1641697200,1641700800,7182.0,Estadio Azteca,D.F.,Match Finished,FT,90,,262,Liga MX,Mexico,https://media.api-sports.io/football/leagues/262.png,https://media.api-sports.io/flags/mx.svg,2021,Clausura - 1,True,2295,Cruz Azul,https://media.api-sports.io/football/teams/2295.png,True,2280,Club Tijuana,https://media.api-sports.io/football/teams/2280.png,False,2,0,1,0,2,0,,,,
816336,"Cesar Arturo Ramos Palazuelos, Mexico",UTC,2022-01-10T00:00:00+00:00,1641772800,1641772800,1641776400,1076.0,Estadio AKRON,Zapopan,Match Finished,FT,90,,262,Liga MX,Mexico,https://media.api-sports.io/football/leagues/262.png,https://media.api-sports.io/flags/mx.svg,2021,Clausura - 1,True,2278,Guadalajara Chivas,https://media.api-sports.io/football/teams/2278.png,True,14002,Mazatlán,https://media.api-sports.io/football/teams/14002.png,False,3,0,3,0,3,0,,,,
816335,"Diego Montano, Mexico",UTC,2022-01-11T03:00:00+00:00,1641870000,1641870000,1641873600,1083.0,Estadio Olímpico de Universitario,D.F.,Match Finished,FT,90,,262,Liga MX,Mexico,https://media.api-sports.io/football/leagues/262.png,https://media.api-sports.io/flags/mx.svg,2021,Clausura - 1,True,2286,U.N.A.M. - Pumas,https://media.api-sports.io/football/teams/2286.png,True,2281,Toluca,https://media.api-sports.io/football/teams/2281.png,False,5,0,1,0,5,0,,,,
816333,"Adonai Escobedo Gonzalez, Mexico",UTC,2022-01-13T02:06:00+00:00,1642039560,1642039560,1642043160,1085.0,Estadio Nuevo Corona,Torreón,Match Finished,FT,90,,262,Liga MX,Mexico,https://media.api-sports.io/football/leagues/262.png,https://media.api-sports.io/flags/mx.svg,2021,Clausura - 1,True,2285,Santos Laguna,https://media.api-sports.io/football/teams/2285.png,,2279,Tigres UANL,https://media.api-sports.io/football/teams/2279.png,,1,1,0,0,1,1,,,,
816338,E. Miranda,UTC,2022-01-15T01:00:00+00:00,1642208400,1642208400,1642212000,1084.0,Estadio La Corregidora,Santiago de Querétaro,Match Finished,FT,90,,262,Liga MX,Mexico,https://media.api-sports.io/football/leagues/262.png,https://media.api-sports.io/flags/mx.svg,2021,Clausura - 2,True,2290,Club Queretaro,https://media.api-sports.io/football/teams/2290.png,False,2286,U.N.A.M. - Pumas,https://media.api-sports.io/football/teams/2286.png,True,1,3,1,2,1,3,,,,
816339,F. Hernández,UTC,2022-01-15T03:00:00+00:00,1642215600,1642215600,1642219200,1080.0,Estadio Victoria de Aguascalientes,Aguascalientes,Match Finished,FT,90,,262,Liga MX,Mexico,https://media.api-sports.io/football/leagues/262.png,https://media.api-sports.io/flags/mx.svg,2021,Clausura - 2,True,2288,Necaxa,https://media.api-sports.io/football/teams/2288.png,False,2282,Monterrey,https://media.api-sports.io/football/teams/2282.png,True,0,4,0,3,0,4,,,,
816340,"Brian Omar Gonzalez Veles, Mexico",UTC,2022-01-15T23:00:00+00:00,1642287600,1642287600,1642291200,1071.0,Estadio Jalisco,Guadalajara,Match Finished,FT,90,,262,Liga MX,Mexico,https://media.api-sports.io/football/leagues/262.png,https://media.api-sports.io/flags/mx.svg,2021,Clausura - 2,True,2283,Atlas,https://media.api-sports.io/football/teams/2283.png,True,2314,Atletico San Luis,https://media.api-sports.io/football/teams/2314.png,False,1,0,0,0,1,0,,,,
816341,L. Santander,UTC,2022-01-16T01:00:00+00:00,1642294800,1642294800,1642298400,1087.0,Estadio Universitario de Nuevo León,San Nicolás de los Garza,Match Finished,FT,90,,262,Liga MX,Mexico,https://media.api-sports.io/football/leagues/262.png,https://media.api-sports.io/flags/mx.svg,2021,Clausura - 2,True,2279,Tigres UANL,https://media.api-sports.io/football/teams/2279.png,False,2291,Puebla,https://media.api-sports.io/football/teams/2291.png,True,0,2,0,2,0,2,,,,
816342,G. Pacheco,UTC,2022-01-16T03:00:00+00:00,1642302000,1642302000,1642305600,7182.0,Estadio Azteca,D.F.,Match Finished,FT,90,,262,Liga MX,Mexico,https://media.api-sports.io/football/leagues/262.png,https://media.api-sports.io/flags/mx.svg,2021,Clausura - 2,True,2295,Cruz Azul,https://media.api-sports.io/football/teams/2295.png,True,2298,FC Juarez,https://media.api-sports.io/football/teams/2298.png,False,1,0,1,0,1,0,,,,
816343,Ó. Mejía,UTC,2022-01-16T03:06:00+00:00,1642302360,1642302360,1642305960,1088.0,Estadio Caliente,Tijuana,Match Finished,FT,90,,262,Liga MX,Mexico,https://media.api-sports.io/football/leagues/262.png,https://media.api-sports.io/flags/mx.svg,2021,Clausura - 2,True,2280,Club Tijuana,https://media.api-sports.io/football/teams/2280.png,,2289,Leon,https://media.api-sports.io/football/teams/2289.png,,1,1,0,1,1,1,,,,
816344,"Cesar Arturo Ramos Palazuelos, Mexico",UTC,2022-01-16T18:00:00+00:00,1642356000,1642356000,1642359600,1089.0,Estadio Nemesio Díez,Toluca de Lerdo,Match Finished,FT,90,,262,Liga MX,Mexico,https://media.api-sports.io/football/leagues/262.png,https://media.api-sports.io/flags/mx.svg,2021,Clausura - 2,True,2281,Toluca,https://media.api-sports.io/football/teams/2281.png,True,2285,Santos Laguna,https://media.api-sports.io/football/teams/2285.png,False,3,1,1,1,3,1,,,,
816345,"Adonai Escobedo Gonzalez, Mexico",UTC,2022-01-16T23:00:00+00:00,1642374000,1642374000,1642377600,1081.0,Estadio Hidalgo,Pachuca de Soto,Match Finished,FT,90,,262,Liga MX,Mexico,https://media.api-sports.io/football/leagues/262.png,https://media.api-sports.io/flags/mx.svg,2021,Clausura - 2,True,2292,Pachuca,https://media.api-sports.io/football/teams/2292.png,True,2278,Guadalajara Chivas,https://media.api-sports.io/football/teams/2278.png,False,2,1,2,0,2,1,,,,
816337,"Fernando Hernandez, Mexico",UTC,2022-01-20T03:00:00+00:00,1642647600,1642647600,1642651200,,Estadio Leon,Leon,Match Finished,FT,90,,262,Liga MX,Mexico,https://media.api-sports.io/football/leagues/262.png,https://media.api-sports.io/flags/mx.svg,2021,Clausura - 1,True,2289,Leon,https://media.api-sports.io/football/teams/2289.png,,2283,Atlas,https://media.api-sports.io/football/teams/2283.png,,1,1,1,0,1,1,,,,
816347,"Erick Yair Miranda Galindo, Mexico",UTC,2022-01-21T03:00:00+00:00,1642734000,1642734000,1642737600,1795.0,Estadio Alfonso Lastras Ramírez,San Luis Potosí,Match Finished,FT,90,,262,Liga MX,Mexico,https://media.api-sports.io/football/leagues/262.png,https://media.api-sports.io/flags/mx.svg,2021,Clausura - 3,True,2314,Atletico San Luis,https://media.api-sports.io/football/teams/2314.png,False,2298,FC Juarez,https://media.api-sports.io/football/teams/2298.png,True,0,1,0,0,0,1,,,,
816348,Ó. Macías,UTC,2022-01-22T03:00:00+00:00,1642820400,1642820400,1642824000,10546.0,Estadio de Mazatlán,Mazatlán,Match Finished,FT,90,,262,Liga MX,Mexico,https://media.api-sports.io/football/leagues/262.png,https://media.api-sports.io/flags/mx.svg,2021,Clausura - 3,True,14002,Mazatlán,https://media.api-sports.io/football/teams/14002.png,False,2281,Toluca,https://media.api-sports.io/football/teams/2281.png,True,1,2,1,0,1,2,,,,
816350,"Diego Montano, Mexico",UTC,2022-01-22T23:00:00+00:00,1642892400,1642892400,1642896000,1076.0,Estadio AKRON,Zapopan,Match Finished,FT,90,,262,Liga MX,Mexico,https://media.api-sports.io/football/leagues/262.png,https://media.api-sports.io/flags/mx.svg,2021,Clausura - 3,True,2278,Guadalajara Chivas,https://media.api-sports.io/football/teams/2278.png,,2290,Club Queretaro,https://media.api-sports.io/football/teams/2290.png,,1,1,1,1,1,1,,,,
816351,D. Quintero,UTC,2022-01-23T01:00:00+00:00,1642899600,1642899600,1642903200,,Estadio León,León de los Aldamas,Match Finished,FT,90,,262,Liga MX,Mexico,https://media.api-sports.io/football/leagues/262.png,https://media.api-sports.io/flags/mx.svg,2021,Clausura - 3,True,2289,Leon,https://media.api-sports.io/football/teams/2289.png,True,2292,Pachuca,https://media.api-sports.io/football/teams/2292.png,False,2,1,1,1,2,1,,,,
816352,M. Ortíz,UTC,2022-01-23T03:00:00+00:00,1642906800,1642906800,1642910400,7182.0,Estadio Azteca,D.F.,Match Finished,FT,90,,262,Liga MX,Mexico,https://media.api-sports.io/football/leagues/262.png,https://media.api-sports.io/flags/mx.svg,2021,Clausura - 3,True,2287,Club America,https://media.api-sports.io/football/teams/2287.png,False,2283,Atlas,https://media.api-sports.io/football/teams/2283.png,True,0,2,0,0,0,2,,,,
816353,C. Ramos,UTC,2022-01-23T03:06:00+00:00,1642907160,1642907160,1642910760,11905.0,Estadio BBVA,Guadalupe,Match Finished,FT,90,,262,Liga MX,Mexico,https://media.api-sports.io/football/leagues/262.png,https://media.api-sports.io/flags/mx.svg,2021,Clausura - 3,True,2282,Monterrey,https://media.api-sports.io/football/teams/2282.png,,2295,Cruz Azul,https://media.api-sports.io/football/teams/2295.png,,2,2,0,1,2,2,,,,
816354,"Oscar Mejia Garcia, Mexico",UTC,2022-01-23T18:00:00+00:00,1642960800,1642960800,1642964400,1083.0,Estadio Olímpico de Universitario,D.F.,Match Finished,FT,90,,262,Liga MX,Mexico,https://media.api-sports.io/football/leagues/262.png,https://media.api-sports.io/flags/mx.svg,2021,Clausura - 3,True,2286,U.N.A.M. - Pumas,https://media.api-sports.io/football/teams/2286.png,False,2279,Tigres UANL,https://media.api-sports.io/football/teams/2279.png,True,1,2,1,0,1,2,,,,
816355,"Victor Alfonso Caceres Hernandez, Mexico",UTC,2022-01-24T01:00:00+00:00,1642986000,1642986000,1642989600,1085.0,Estadio Nuevo Corona,Torreón,Match Finished,FT,90,,262,Liga MX,Mexico,https://media.api-sports.io/football/leagues/262.png,https://media.api-sports.io/flags/mx.svg,2021,Clausura - 3,True,2285,Santos Laguna,https://media.api-sports.io/football/teams/2285.png,False,2288,Necaxa,https://media.api-sports.io/football/teams/2288.png,True,1,4,1,1,1,4,,,,
816349,"Guillermo Pacheco Larios, Mexico",UTC,2022-01-29T03:00:00+00:00,1643425200,1643425200,1643428800,1082.0,Estadio Cuauhtémoc,Puebla,Match Finished,FT,90,,262,Liga MX,Mexico,https://media.api-sports.io/football/leagues/262.png,https://media.api-sports.io/flags/mx.svg,2021,Clausura - 3,True,2291,Puebla,https://media.api-sports.io/football/teams/2291.png,True,2280,Club Tijuana,https://media.api-sports.io/football/teams/2280.png,False,3,1,0,1,3,1,,,,
816356,"Marco Antonio Ortiz Nava, Mexico",UTC,2022-02-05T23:00:00+00:00,1644102000,1644102000,1644105600,1080.0,Estadio Victoria de Aguascalientes,Aguascalientes,Match Finished,FT,90,,262,Liga MX,Mexico,https://media.api-sports.io/football/leagues/262.png,https://media.api-sports.io/flags/mx.svg,2021,Clausura - 4,True,2288,Necaxa,https://media.api-sports.io/football/teams/2288.png,False,2292,Pachuca,https://media.api-sports.io/football/teams/2292.png,True,1,3,0,2,1,3,,,,
816357,A. Escobedo,UTC,2022-02-06T01:00:00+00:00,1644109200,1644109200,1644112800,7182.0,Estadio Azteca,D.F.,Match Finished,FT,90,,262,Liga MX,Mexico,https://media.api-sports.io/football/leagues/262.png,https://media.api-sports.io/flags/mx.svg,2021,Clausura - 4,True,2287,Club America,https://media.api-sports.io/football/teams/2287.png,False,2314,Atletico San Luis,https://media.api-sports.io/football/teams/2314.png,True,2,3,0,1,2,3,,,,
816359,D. Montaño,UTC,2022-02-06T03:06:00+00:00,1644116760,1644116760,1644120360,1088.0,Estadio Caliente,Tijuana,Match Finished,FT,90,,262,Liga MX,Mexico,https://media.api-sports.io/football/leagues/262.png,https://media.api-sports.io/flags/mx.svg,2021,Clausura - 4,True,2280,Club Tijuana,https://media.api-sports.io/football/teams/2280.png,True,2286,U.N.A.M. - Pumas,https://media.api-sports.io/football/teams/2286.png,False,1,0,0,0,1,0,,,,
816360,"Ismael Rosario Lopez Penuelas, Mexico",UTC,2022-02-06T22:00:00+00:00,1644184800,1644184800,1644188400,1084.0,Estadio La Corregidora,Santiago de Querétaro,Match Finished,FT,90,,262,Liga MX,Mexico,https://media.api-sports.io/football/leagues/262.png,https://media.api-sports.io/flags/mx.svg,2021,Clausura - 4,True,2290,Club Queretaro,https://media.api-sports.io/football/teams/2290.png,False,2291,Puebla,https://media.api-sports.io/football/teams/2291.png,True,0,2,0,2,0,2,,,,
816361,"Jorge Antonio Perez Duran, Mexico",UTC,2022-02-07T00:00:00+00:00,1644192000,1644192000,1644195600,1071.0,Estadio Jalisco,Guadalajara,Match Finished,FT,90,,262,Liga MX,Mexico,https://media.api-sports.io/football/leagues/262.png,https://media.api-sports.io/flags/mx.svg,2021,Clausura - 4,True,2283,Atlas,https://media.api-sports.io/football/teams/2283.png,True,2285,Santos Laguna,https://media.api-sports.io/football/teams/2285.png,False,2,1,2,0,2,1,,,,
816362,"Fernando Hernandez, Mexico",UTC,2022-02-07T02:00:00+00:00,1644199200,1644199200,1644202800,1087.0,Estadio Universitario de Nuevo León,San Nicolás de los Garza,Match Finished,FT,90,,262,Liga MX,Mexico,https://media.api-sports.io/football/leagues/262.png,https://media.api-sports.io/flags/mx.svg,2021,Clausura - 4,True,2279,Tigres UANL,https://media.api-sports.io/football/teams/2279.png,True,14002,Mazatlán,https://media.api-sports.io/football/teams/14002.png,False,4,3,2,0,4,3,,,,
816363,"Victor Alfonso Caceres Hernandez, Mexico",UTC,2022-02-08T03:05:00+00:00,1644289500,1644289500,1644293100,,Estadio Leon,Leon,Match Finished,FT,90,,262,Liga MX,Mexico,https://media.api-sports.io/football/leagues/262.png,https://media.api-sports.io/flags/mx.svg,2021,Clausura - 4,True,2289,Leon,https://media.api-sports.io/football/teams/2289.png,False,2295,Cruz Azul,https://media.api-sports.io/football/teams/2295.png,True,0,1,0,1,0,1,,,,
816358,"Brian Omar Gonzalez Veles, Mexico",UTC,2022-02-10T01:00:00+00:00,1644454800,1644454800,1644458400,1845.0,Estadio Olímpico Benito Juárez,Ciudad Juárez,Match Finished,FT,90,,262,Liga MX,Mexico,https://media.api-sports.io/football/leagues/262.png,https://media.api-sports.io/flags/mx.svg,2021,Clausura - 4,True,2298,FC Juarez,https://media.api-sports.io/football/teams/2298.png,False,2278,Guadalajara Chivas,https://media.api-sports.io/football/teams/2278.png,True,1,3,1,1,1,3,,,,
816365,F. Guerrero,UTC,2022-02-12T01:00:00+00:00,1644627600,1644627600,1644631200,10546.0,Estadio de Mazatlán,Mazatlán,Match Finished,FT,90,,262,Liga MX,Mexico,https://media.api-sports.io/football/leagues/262.png,https://media.api-sports.io/flags/mx.svg,2021,Clausura - 5,True,14002,Mazatlán,https://media.api-sports.io/football/teams/14002.png,True,2280,Club Tijuana,https://media.api-sports.io/football/teams/2280.png,False,2,0,1,0,2,0,,,,
816366,V. Cáceres,UTC,2022-02-12T03:00:00+00:00,1644634800,1644634800,1644638400,1082.0,Estadio Cuauhtémoc,Puebla,Match Finished,FT,90,,262,Liga MX,Mexico,https://media.api-sports.io/football/leagues/262.png,https://media.api-sports.io/flags/mx.svg,2021,Clausura - 5,True,2291,Puebla,https://media.api-sports.io/football/teams/2291.png,,2283,Atlas,https://media.api-sports.io/football/teams/2283.png,,1,1,0,0,1,1,,,,
816372,"Jorge Antonio Perez Duran, Mexico",UTC,2022-02-12T23:00:00+00:00,1644706800,1644706800,1644710400,1076.0,Estadio AKRON,Zapopan,Match Finished,FT,90,,262,Liga MX,Mexico,https://media.api-sports.io/football/leagues/262.png,https://media.api-sports.io/flags/mx.svg,2021,Clausura - 5,True,2278,Guadalajara Chivas,https://media.api-sports.io/football/teams/2278.png,False,2279,Tigres UANL,https://media.api-sports.io/football/teams/2279.png,True,1,3,0,2,1,3,,,,
816367,"Daniel Quintero Huitron, Mexico",UTC,2022-02-12T23:00:00+00:00,1644706800,1644706800,1644710400,1795.0,Estadio Alfonso Lastras Ramírez,San Luis Potosí,Match Finished,FT,90,,262,Liga MX,Mexico,https://media.api-sports.io/football/leagues/262.png,https://media.api-sports.io/flags/mx.svg,2021,Clausura - 5,True,2314,Atletico San Luis,https://media.api-sports.io/football/teams/2314.png,False,2281,Toluca,https://media.api-sports.io/football/teams/2281.png,True,0,1,0,1,0,1,,,,
816368,E. Miranda,UTC,2022-02-13T01:00:00+00:00,1644714000,1644714000,1644717600,7182.0,Estadio Azteca,D.F.,Match Finished,FT,90,,262,Liga MX,Mexico,https://media.api-sports.io/football/leagues/262.png,https://media.api-sports.io/flags/mx.svg,2021,Clausura - 5,True,2295,Cruz Azul,https://media.api-sports.io/football/teams/2295.png,False,2288,Necaxa,https://media.api-sports.io/football/teams/2288.png,True,1,2,1,0,1,2,,,,
816369,L. Santander,UTC,2022-02-13T03:00:00+00:00,1644721200,1644721200,1644724800,1085.0,Estadio Nuevo Corona,Torreón,Match Finished,FT,90,,262,Liga MX,Mexico,https://media.api-sports.io/football/leagues/262.png,https://media.api-sports.io/flags/mx.svg,2021,Clausura - 5,True,2285,Santos Laguna,https://media.api-sports.io/football/teams/2285.png,False,2287,Club America,https://media.api-sports.io/football/teams/2287.png,True,2,3,2,2,2,3,,,,
816370,"Guillermo Pacheco Larios, Mexico",UTC,2022-02-13T18:00:00+00:00,1644775200,1644775200,1644778800,1083.0,Estadio Olímpico de Universitario,D.F.,Match Finished,FT,90,,262,Liga MX,Mexico,https://media.api-sports.io/football/leagues/262.png,https://media.api-sports.io/flags/mx.svg,2021,Clausura - 5,True,2286,U.N.A.M. - Pumas,https://media.api-sports.io/football/teams/2286.png,True,2289,Leon,https://media.api-sports.io/football/teams/2289.png,False,2,1,2,1,2,1,,,,
816371,"Jorge Abraham Camacho Peregrina, Mexico",UTC,2022-02-15T03:00:00+00:00,1644894000,1644894000,1644897600,1081.0,Estadio Hidalgo,Pachuca de Soto,Match Finished,FT,90,,262,Liga MX,Mexico,https://media.api-sports.io/football/leagues/262.png,https://media.api-sports.io/flags/mx.svg,2021,Clausura - 5,True,2292,Pachuca,https://media.api-sports.io/football/teams/2292.png,,2290,Club Queretaro,https://media.api-sports.io/football/teams/2290.png,,2,2,2,1,2,2,,,,
816346,"Jorge Antonio Perez Duran, Mexico",UTC,2022-02-17T01:00:00+00:00,1645059600,1645059600,1645063200,10546.0,Estadio de Mazatlán,Mazatlán,Match Finished,FT,90,,262,Liga MX,Mexico,https://media.api-sports.io/football/leagues/262.png,https://media.api-sports.io/flags/mx.svg,2021,Clausura - 2,True,14002,Mazatlán,https://media.api-sports.io/football/teams/14002.png,True,2287,Club America,https://media.api-sports.io/football/teams/2287.png,False,2,1,2,0,2,1,,,,
816374,Ó. Mejía,UTC,2022-02-19T01:00:00+00:00,1645232400,1645232400,1645236000,1082.0,Estadio Cuauhtémoc,Puebla,Match Finished,FT,90,,262,Liga MX,Mexico,https://media.api-sports.io/football/leagues/262.png,https://media.api-sports.io/flags/mx.svg,2021,Clausura - 6,True,2291,Puebla,https://media.api-sports.io/football/teams/2291.png,True,2282,Monterrey,https://media.api-sports.io/football/teams/2282.png,False,1,0,1,0,1,0,,,,
816375,F. Hernández,UTC,2022-02-19T03:00:00+00:00,1645239600,1645239600,1645243200,1845.0,Estadio Olímpico Benito Juárez,Ciudad Juárez,Match Finished,FT,90,,262,Liga MX,Mexico,https://media.api-sports.io/football/leagues/262.png,https://media.api-sports.io/flags/mx.svg,2021,Clausura - 6,True,2298,FC Juarez,https://media.api-sports.io/football/teams/2298.png,,2285,Santos Laguna,https://media.api-sports.io/football/teams/2285.png,,0,0,0,0,0,0,,,,
816376,I. Lopez,UTC,2022-02-19T03:06:00+00:00,1645239960,1645239960,1645243560,1088.0,Estadio Caliente,Tijuana,Match Finished,FT,90,,262,Liga MX,Mexico,https://media.api-sports.io/football/leagues/262.png,https://media.api-sports.io/flags/mx.svg,2021,Clausura - 6,True,2280,Club Tijuana,https://media.api-sports.io/football/teams/2280.png,,2288,Necaxa,https://media.api-sports.io/football/teams/2288.png,,1,1,0,0,1,1,,,,
816380,"Luis Santander, Mexico",UTC,2022-02-19T23:00:00+00:00,1645311600,1645311600,1645315200,1084.0,Estadio La Corregidora,Santiago de Querétaro,Match Finished,FT,90,,262,Liga MX,Mexico,https://media.api-sports.io/football/leagues/262.png,https://media.api-sports.io/flags/mx.svg,2021,Clausura - 6,True,2290,Club Queretaro,https://media.api-sports.io/football/teams/2290.png,True,14002,Mazatlán,https://media.api-sports.io/football/teams/14002.png,False,2,0,0,0,2,0,,,,
816377,M. Ortíz,UTC,2022-02-20T01:00:00+00:00,1645318800,1645318800,1645322400,1087.0,Estadio Universitario de Nuevo León,San Nicolás de los Garza,Match Finished,FT,90,,262,Liga MX,Mexico,https://media.api-sports.io/football/leagues/262.png,https://media.api-sports.io/flags/mx.svg,2021,Clausura - 6,True,2279,Tigres UANL,https://media.api-sports.io/football/teams/2279.png,True,2314,Atletico San Luis,https://media.api-sports.io/football/teams/2314.png,False,2,1,0,0,2,1,,,,
816379,F. Guerrero,UTC,2022-02-20T03:00:00+00:00,1645326000,1645326000,1645329600,,Estadio León,León de los Aldamas,Match Finished,FT,90,,262,Liga MX,Mexico,https://media.api-sports.io/football/leagues/262.png,https://media.api-sports.io/flags/mx.svg,2021,Clausura - 6,True,2289,Leon,https://media.api-sports.io/football/teams/2289.png,True,2278,Guadalajara Chivas,https://media.api-sports.io/football/teams/2278.png,False,2,1,1,0,2,1,,,,
816378,"Diego Montano, Mexico",UTC,2022-02-20T22:00:00+00:00,1645394400,1645394400,1645398000,7182.0,Estadio Azteca,D.F.,Match Finished,FT,90,,262,Liga MX,Mexico,https://media.api-sports.io/football/leagues/262.png,https://media.api-sports.io/flags/mx.svg,2021,Clausura - 6,True,2287,Club America,https://media.api-sports.io/football/teams/2287.png,False,2292,Pachuca,https://media.api-sports.io/football/teams/2292.png,True,1,3,0,2,1,3,,,,
816381,"Jorge Antonio Perez Duran, Mexico",UTC,2022-02-21T00:05:00+00:00,1645401900,1645401900,1645405500,1089.0,Estadio Nemesio Díez,Toluca de Lerdo,Match Finished,FT,90,,262,Liga MX,Mexico,https://media.api-sports.io/football/leagues/262.png,https://media.api-sports.io/flags/mx.svg,2021,Clausura - 6,True,2281,Toluca,https://media.api-sports.io/football/teams/2281.png,False,2295,Cruz Azul,https://media.api-sports.io/football/teams/2295.png,True,1,4,1,1,1,4,,,,
816382,"Daniel Quintero Huittron, Mexico",UTC,2022-02-21T02:00:00+00:00,1645408800,1645408800,1645412400,1071.0,Estadio Jalisco,Guadalajara,Match Finished,FT,90,,262,Liga MX,Mexico,https://media.api-sports.io/football/leagues/262.png,https://media.api-sports.io/flags/mx.svg,2021,Clausura - 6,True,2283,Atlas,https://media.api-sports.io/football/teams/2283.png,,2286,U.N.A.M. - Pumas,https://media.api-sports.io/football/teams/2286.png,,0,0,0,0,0,0,,,,
816383,"Ismael Rosario Lopez Penuelas, Mexico",UTC,2022-02-25T01:00:00+00:00,1645750800,1645750800,1645754400,1081.0,Estadio Hidalgo,Pachuca de Soto,Match Finished,FT,90,,262,Liga MX,Mexico,https://media.api-sports.io/football/leagues/262.png,https://media.api-sports.io/flags/mx.svg,2021,Clausura - 7,True,2292,Pachuca,https://media.api-sports.io/football/teams/2292.png,True,14002,Mazatlán,https://media.api-sports.io/football/teams/14002.png,False,3,1,2,1,3,1,,,,
816384,"Oscar Mejia Garcia, Mexico",UTC,2022-02-25T03:05:00+00:00,1645758300,1645758300,1645761900,1084.0,Estadio La Corregidora,Santiago de Querétaro,Match Finished,FT,90,,262,Liga MX,Mexico,https://media.api-sports.io/football/leagues/262.png,https://media.api-sports.io/flags/mx.svg,2021,Clausura - 7,True,2290,Club Queretaro,https://media.api-sports.io/football/teams/2290.png,,2281,Toluca,https://media.api-sports.io/football/teams/2281.png,,1,1,1,0,1,1,,,,
816385,Ó. Macías,UTC,2022-02-26T01:00:00+00:00,1645837200,1645837200,1645840800,1080.0,Estadio Victoria de Aguascalientes,Aguascalientes,Match Finished,FT,90,,262,Liga MX,Mexico,https://media.api-sports.io/football/leagues/262.png,https://media.api-sports.io/flags/mx.svg,2021,Clausura - 7,True,2288,Necaxa,https://media.api-sports.io/football/teams/2288.png,False,2289,Leon,https://media.api-sports.io/football/teams/2289.png,True,0,1,0,1,0,1,,,,
816387,D. Quintero,UTC,2022-02-26T03:00:00+00:00,1645844400,1645844400,1645848000,1845.0,Estadio Olímpico Benito Juárez,Ciudad Juárez,Match Finished,FT,90,,262,Liga MX,Mexico,https://media.api-sports.io/football/leagues/262.png,https://media.api-sports.io/flags/mx.svg,2021,Clausura - 7,True,2298,FC Juarez,https://media.api-sports.io/football/teams/2298.png,False,2279,Tigres UANL,https://media.api-sports.io/football/teams/2279.png,True,2,3,0,3,2,3,,,,
816386,J. Pérez,UTC,2022-02-26T03:06:00+00:00,1645844760,1645844760,1645848360,1088.0,Estadio Caliente,Tijuana,Match Finished,FT,90,,262,Liga MX,Mexico,https://media.api-sports.io/football/leagues/262.png,https://media.api-sports.io/flags/mx.svg,2021,Clausura - 7,True,2280,Club Tijuana,https://media.api-sports.io/football/teams/2280.png,True,2283,Atlas,https://media.api-sports.io/football/teams/2283.png,False,2,0,2,0,2,0,,,,
816389,"Fernando Hernandez, Mexico",UTC,2022-02-27T01:00:00+00:00,1645923600,1645923600,1645927200,1076.0,Estadio AKRON,Zapopan,Match Finished,FT,90,,262,Liga MX,Mexico,https://media.api-sports.io/football/leagues/262.png,https://media.api-sports.io/flags/mx.svg,2021,Clausura - 7,True,2278,Guadalajara Chivas,https://media.api-sports.io/football/teams/2278.png,False,2291,Puebla,https://media.api-sports.io/football/teams/2291.png,True,2,3,2,0,2,3,,,,
816390,"Fernando Guerrero Ramirez, Mexico",UTC,2022-02-27T03:00:00+00:00,1645930800,1645930800,1645934400,1083.0,Estadio Olímpico de Universitario,D.F.,Match Finished,FT,90,,262,Liga MX,Mexico,https://media.api-sports.io/football/leagues/262.png,https://media.api-sports.io/flags/mx.svg,2021,Clausura - 7,True,2286,U.N.A.M. - Pumas,https://media.api-sports.io/football/teams/2286.png,,2287,Club America,https://media.api-sports.io/football/teams/2287.png,,0,0,0,0,0,0,,,,
816388,D. Montaño,UTC,2022-02-27T23:06:00+00:00,1646003160,1646003160,1646006760,11905.0,Estadio BBVA,Guadalupe,Match Finished,FT,90,,262,Liga MX,Mexico,https://media.api-sports.io/football/leagues/262.png,https://media.api-sports.io/flags/mx.svg,2021,Clausura - 7,True,2282,Monterrey,https://media.api-sports.io/football/teams/2282.png,False,2314,Atletico San Luis,https://media.api-sports.io/football/teams/2314.png,True,0,2,0,1,0,2,,,,
816391,"Cesar Arturo Ramos Palazuelos, Mexico",UTC,2022-02-28T01:00:00+00:00,1646010000,1646010000,1646013600,7182.0,Estadio Azteca,D.F.,Match Finished,FT,90,,262,Liga MX,Mexico,https://media.api-sports.io/football/leagues/262.png,https://media.api-sports.io/flags/mx.svg,2021,Clausura - 7,True,2295,Cruz Azul,https://media.api-sports.io/football/teams/2295.png,False,2285,Santos Laguna,https://media.api-sports.io/football/teams/2285.png,True,1,2,0,1,1,2,,,,
816392,"Jorge Abraham Camacho Peregrina, Mexico",UTC,2022-03-02T01:00:00+00:00,1646182800,1646182800,1646186400,1089.0,Estadio Nemesio Díez,Toluca de Lerdo,Match Finished,FT,90,,262,Liga MX,Mexico,https://media.api-sports.io/football/leagues/262.png,https://media.api-sports.io/flags/mx.svg,2021,Clausura - 8,True,2281,Toluca,https://media.api-sports.io/football/teams/2281.png,False,2280,Club Tijuana,https://media.api-sports.io/football/teams/2280.png,True,1,2,1,1,1,2,,,,
816393,"Ismael Rosario Lopez Penuelas, Mexico",UTC,2022-03-02T01:00:00+00:00,1646182800,1646182800,1646186400,1082.0,Estadio Cuauhtémoc,Puebla,Match Finished,FT,90,,262,Liga MX,Mexico,https://media.api-sports.io/football/leagues/262.png,https://media.api-sports.io/flags/mx.svg,2021,Clausura - 8,True,2291,Puebla,https://media.api-sports.io/football/teams/2291.png,,2298,FC Juarez,https://media.api-sports.io/football/teams/2298.png,,1,1,0,0,1,1,,,,
816396,"Fernando Hernandez, Mexico",UTC,2022-03-02T03:00:00+00:00,1646190000,1646190000,1646193600,7182.0,Estadio Azteca,D.F.,Match Finished,FT,90,,262,Liga MX,Mexico,https://media.api-sports.io/football/leagues/262.png,https://media.api-sports.io/flags/mx.svg,2021,Clausura - 8,True,2287,Club America,https://media.api-sports.io/football/teams/2287.png,,2290,Club Queretaro,https://media.api-sports.io/football/teams/2290.png,,1,1,1,0,1,1,,,,
816394,"Luis Santander, Mexico",UTC,2022-03-02T03:00:00+00:00,1646190000,1646190000,1646193600,,Estadio Leon,Leon,Match Finished,FT,90,,262,Liga MX,Mexico,https://media.api-sports.io/football/leagues/262.png,https://media.api-sports.io/flags/mx.svg,2021,Clausura - 8,True,2289,Leon,https://media.api-sports.io/football/teams/2289.png,,2282,Monterrey,https://media.api-sports.io/football/teams/2282.png,,0,0,0,0,0,0,,,,
816395,"Diego Montano, Mexico",UTC,2022-03-02T03:00:00+00:00,1646190000,1646190000,1646193600,10546.0,Estadio de Mazatlán,Mazatlán,Match Finished,FT,90,,262,Liga MX,Mexico,https://media.api-sports.io/football/leagues/262.png,https://media.api-sports.io/flags/mx.svg,2021,Clausura - 8,True,14002,Mazatlán,https://media.api-sports.io/football/teams/14002.png,,2288,Necaxa,https://media.api-sports.io/football/teams/2288.png,,0,0,0,0,0,0,,,,
816398,"Victor Alfonso Caceres Hernandez, Mexico",UTC,2022-03-03T01:00:00+00:00,1646269200,1646269200,1646272800,1087.0,Estadio Universitario de Nuevo León,San Nicolás de los Garza,Match Finished,FT,90,,262,Liga MX,Mexico,https://media.api-sports.io/football/leagues/262.png,https://media.api-sports.io/flags/mx.svg,2021,Clausura - 8,True,2279,Tigres UANL,https://media.api-sports.io/football/teams/2279.png,,2295,Cruz Azul,https://media.api-sports.io/football/teams/2295.png,,2,2,2,1,2,2,,,,
816397,"Brian Omar Gonzalez Veles, Mexico",UTC,2022-03-03T01:00:00+00:00,1646269200,1646269200,1646272800,1071.0,Estadio Jalisco,Guadalajara,Match Finished,FT,90,,262,Liga MX,Mexico,https://media.api-sports.io/football/leagues/262.png,https://media.api-sports.io/flags/mx.svg,2021,Clausura - 8,True,2283,Atlas,https://media.api-sports.io/football/teams/2283.png,False,2292,Pachuca,https://media.api-sports.io/football/teams/2292.png,True,0,1,0,0,0,1,,,,
816400,"Oscar Macias, Mexico",UTC,2022-03-03T03:00:00+00:00,1646276400,1646276400,1646280000,1085.0,Estadio Nuevo Corona,Torreón,Match Finished,FT,90,,262,Liga MX,Mexico,https://media.api-sports.io/football/leagues/262.png,https://media.api-sports.io/flags/mx.svg,2021,Clausura - 8,True,2285,Santos Laguna,https://media.api-sports.io/football/teams/2285.png,True,2286,U.N.A.M. - Pumas,https://media.api-sports.io/football/teams/2286.png,False,3,2,1,1,3,2,,,,
816399,"Cesar Arturo Ramos Palazuelos, Mexico",UTC,2022-03-03T03:00:00+00:00,1646276400,1646276400,1646280000,1795.0,Estadio Alfonso Lastras Ramírez,San Luis Potosí,Match Finished,FT,90,,262,Liga MX,Mexico,https://media.api-sports.io/football/leagues/262.png,https://media.api-sports.io/flags/mx.svg,2021,Clausura - 8,True,2314,Atletico San Luis,https://media.api-sports.io/football/teams/2314.png,,2278,Guadalajara Chivas,https://media.api-sports.io/football/teams/2278.png,,2,2,2,0,2,2,,,,
816401,"Guillermo Pacheco Larios, Mexico",UTC,2022-03-05T01:00:00+00:00,1646442000,1646442000,1646445600,1080.0,Estadio Victoria de Aguascalientes,Aguascalientes,Match Finished,FT,90,,262,Liga MX,Mexico,https://media.api-sports.io/football/leagues/262.png,https://media.api-sports.io/flags/mx.svg,2021,Clausura - 9,True,2288,Necaxa,https://media.api-sports.io/football/teams/2288.png,False,2281,Toluca,https://media.api-sports.io/football/teams/2281.png,True,0,1,0,1,0,1,,,,
816402,"Oscar Mejia Garcia, Mexico",UTC,2022-03-05T03:00:00+00:00,1646449200,1646449200,1646452800,1845.0,Estadio Olímpico Benito Juárez,Ciudad Juárez,Match Finished,FT,90,,262,Liga MX,Mexico,https://media.api-sports.io/football/leagues/262.png,https://media.api-sports.io/flags/mx.svg,2021,Clausura - 9,True,2298,FC Juarez,https://media.api-sports.io/football/teams/2298.png,False,2289,Leon,https://media.api-sports.io/football/teams/2289.png,True,0,1,0,0,0,1,,,,
816403,F. Guerrero,UTC,2022-03-05T23:00:00+00:00,1646521200,1646521200,1646524800,1084.0,Estadio La Corregidora,Santiago de Querétaro,Match Finished,FT,90,,262,Liga MX,Mexico,https://media.api-sports.io/football/leagues/262.png,https://media.api-sports.io/flags/mx.svg,2021,Clausura - 9,True,2290,Club Queretaro,https://media.api-sports.io/football/teams/2290.png,False,2283,Atlas,https://media.api-sports.io/football/teams/2283.png,True,0,1,0,1,0,1,,,,
816404,"Erick Yair Miranda Galindo, Mexico",UTC,2022-03-06T01:06:00+00:00,1646528760,1646528760,1646532360,11905.0,Estadio BBVA,Guadalupe,Match Finished,FT,90,,262,Liga MX,Mexico,https://media.api-sports.io/football/leagues/262.png,https://media.api-sports.io/flags/mx.svg,2021,Clausura - 9,True,2282,Monterrey,https://media.api-sports.io/football/teams/2282.png,True,2287,Club America,https://media.api-sports.io/football/teams/2287.png,False,2,1,1,1,2,1,,,,
816406,"Victor Alfonso Caceres Hernandez, Mexico",UTC,2022-03-06T03:00:00+00:00,1646535600,1646535600,1646539200,1076.0,Estadio AKRON,Zapopan,Match Finished,FT,90,,262,Liga MX,Mexico,https://media.api-sports.io/football/leagues/262.png,https://media.api-sports.io/flags/mx.svg,2021,Clausura - 9,True,2278,Guadalajara Chivas,https://media.api-sports.io/football/teams/2278.png,True,2285,Santos Laguna,https://media.api-sports.io/football/teams/2285.png,False,1,0,0,0,1,0,,,,
816405,"Jorge Antonio Perez Duran, Mexico",UTC,2022-03-06T03:00:00+00:00,1646535600,1646535600,1646539200,7182.0,Estadio Azteca,D.F.,Match Finished,FT,90,,262,Liga MX,Mexico,https://media.api-sports.io/football/leagues/262.png,https://media.api-sports.io/flags/mx.svg,2021,Clausura - 9,True,2295,Cruz Azul,https://media.api-sports.io/football/teams/2295.png,False,2291,Puebla,https://media.api-sports.io/football/teams/2291.png,True,1,3,1,2,1,3,,,,
816411,Ó. Mejía,UTC,2022-03-12T01:00:00+00:00,1647046800,1647046800,1647050400,1080.0,Estadio Victoria de Aguascalientes,Aguascalientes,Match Finished,FT,90,,262,Liga MX,Mexico,https://media.api-sports.io/football/leagues/262.png,https://media.api-sports.io/flags/mx.svg,2021,Clausura - 10,True,2288,Necaxa,https://media.api-sports.io/football/teams/2288.png,True,2290,Club Queretaro,https://media.api-sports.io/football/teams/2290.png,False,1,0,1,0,1,0,,,,
816412,E. Miranda,UTC,2022-03-12T03:00:00+00:00,1647054000,1647054000,1647057600,1845.0,Estadio Olímpico Benito Juárez,Ciudad Juárez,Match Finished,FT,90,,262,Liga MX,Mexico,https://media.api-sports.io/football/leagues/262.png,https://media.api-sports.io/flags/mx.svg,2021,Clausura - 10,True,2298,FC Juarez,https://media.api-sports.io/football/teams/2298.png,False,2283,Atlas,https://media.api-sports.io/football/teams/2283.png,True,1,2,0,1,1,2,,,,
816414,D. Quintero,UTC,2022-03-12T03:06:00+00:00,1647054360,1647054360,1647057960,11905.0,Estadio BBVA,Guadalupe,Match Finished,FT,90,,262,Liga MX,Mexico,https://media.api-sports.io/football/leagues/262.png,https://media.api-sports.io/flags/mx.svg,2021,Clausura - 10,True,2282,Monterrey,https://media.api-sports.io/football/teams/2282.png,True,14002,Mazatlán,https://media.api-sports.io/football/teams/14002.png,False,2,1,2,0,2,1,,,,
816413,"Fernando Guerrero Ramirez, Mexico",UTC,2022-03-12T23:00:00+00:00,1647126000,1647126000,1647129600,,Estadio Leon,Leon,Match Finished,FT,90,,262,Liga MX,Mexico,https://media.api-sports.io/football/leagues/262.png,https://media.api-sports.io/flags/mx.svg,2021,Clausura - 10,True,2289,Leon,https://media.api-sports.io/football/teams/2289.png,False,2279,Tigres UANL,https://media.api-sports.io/football/teams/2279.png,True,0,3,0,2,0,3,,,,
816415,F. Hernández,UTC,2022-03-13T01:00:00+00:00,1647133200,1647133200,1647136800,7182.0,Estadio Azteca,D.F.,Match Finished,FT,90,,262,Liga MX,Mexico,https://media.api-sports.io/football/leagues/262.png,https://media.api-sports.io/flags/mx.svg,2021,Clausura - 10,True,2295,Cruz Azul,https://media.api-sports.io/football/teams/2295.png,True,2286,U.N.A.M. - Pumas,https://media.api-sports.io/football/teams/2286.png,False,2,1,1,1,2,1,,,,
816416,J. Pérez,UTC,2022-03-13T03:00:00+00:00,1647140400,1647140400,1647144000,1076.0,Estadio AKRON,Zapopan,Match Finished,FT,90,,262,Liga MX,Mexico,https://media.api-sports.io/football/leagues/262.png,https://media.api-sports.io/flags/mx.svg,2021,Clausura - 10,True,2278,Guadalajara Chivas,https://media.api-sports.io/football/teams/2278.png,,2287,Club America,https://media.api-sports.io/football/teams/2287.png,,0,0,0,0,0,0,,,,
816417,"Cesar Arturo Ramos Palazuelos, Mexico",UTC,2022-03-13T18:00:00+00:00,1647194400,1647194400,1647198000,1089.0,Estadio Nemesio Díez,Toluca de Lerdo,Match Finished,FT,90,,262,Liga MX,Mexico,https://media.api-sports.io/football/leagues/262.png,https://media.api-sports.io/flags/mx.svg,2021,Clausura - 10,True,2281,Toluca,https://media.api-sports.io/football/teams/2281.png,False,2292,Pachuca,https://media.api-sports.io/football/teams/2292.png,True,0,3,0,1,0,3,,,,
816418,"Luis Santander, Mexico",UTC,2022-03-13T23:00:00+00:00,1647212400,1647212400,1647216000,1795.0,Estadio Alfonso Lastras Ramírez,San Luis Potosí,Match Finished,FT,90,,262,Liga MX,Mexico,https://media.api-sports.io/football/leagues/262.png,https://media.api-sports.io/flags/mx.svg,2021,Clausura - 10,True,2314,Atletico San Luis,https://media.api-sports.io/football/teams/2314.png,True,2291,Puebla,https://media.api-sports.io/football/teams/2291.png,False,2,1,1,0,2,1,,,,
816410,"Brian Omar Gonzalez Veles, Mexico",UTC,2022-03-14T01:00:00+00:00,1647219600,1647219600,1647223200,1085.0,Estadio Nuevo Corona,Torreón,Match Finished,FT,90,,262,Liga MX,Mexico,https://media.api-sports.io/football/leagues/262.png,https://media.api-sports.io/flags/mx.svg,2021,Clausura - 10,True,2285,Santos Laguna,https://media.api-sports.io/football/teams/2285.png,True,2280,Club Tijuana,https://media.api-sports.io/football/teams/2280.png,False,4,0,1,0,4,0,,,,
816373,"Victor Alfonso Caceres Hernandez, Mexico",UTC,2022-03-16T03:06:00+00:00,1647399960,1647399960,1647403560,11905.0,Estadio BBVA,Guadalupe,Match Finished,FT,90,,262,Liga MX,Mexico,https://media.api-sports.io/football/leagues/262.png,https://media.api-sports.io/flags/mx.svg,2021,Clausura - 5,True,2282,Monterrey,https://media.api-sports.io/football/teams/2282.png,True,2298,FC Juarez,https://media.api-sports.io/football/teams/2298.png,False,3,0,0,0,3,0,,,,
816419,"Fernando Hernandez, Mexico",UTC,2022-03-18T03:05:00+00:00,1647572700,1647572700,1647576300,1972.0,Estadio Generalísimo José María Morelos y Pavón,Morelia,Match Finished,FT,90,,262,Liga MX,Mexico,https://media.api-sports.io/football/leagues/262.png,https://media.api-sports.io/flags/mx.svg,2021,Clausura - 11,True,2290,Club Queretaro,https://media.api-sports.io/football/teams/2290.png,True,2314,Atletico San Luis,https://media.api-sports.io/football/teams/2314.png,False,2,1,0,0,2,1,,,,
816420,F. Guerrero,UTC,2022-03-19T03:00:00+00:00,1647658800,1647658800,1647662400,1082.0,Estadio Cuauhtémoc,Puebla,Match Finished,FT,90,,262,Liga MX,Mexico,https://media.api-sports.io/football/leagues/262.png,https://media.api-sports.io/flags/mx.svg,2021,Clausura - 11,True,2291,Puebla,https://media.api-sports.io/football/teams/2291.png,,2285,Santos Laguna,https://media.api-sports.io/football/teams/2285.png,,2,2,0,0,2,2,,,,
816423,"Adonai Escobedo Gonzalez, Mexico",UTC,2022-03-19T23:00:00+00:00,1647730800,1647730800,1647734400,1083.0,Estadio Olímpico de Universitario,D.F.,Match Finished,FT,90,,262,Liga MX,Mexico,https://media.api-sports.io/football/leagues/262.png,https://media.api-sports.io/flags/mx.svg,2021,Clausura - 11,True,2286,U.N.A.M. - Pumas,https://media.api-sports.io/football/teams/2286.png,False,2288,Necaxa,https://media.api-sports.io/football/teams/2288.png,True,1,3,0,2,1,3,,,,
816424,J. Pérez,UTC,2022-03-20T01:00:00+00:00,1647738000,1647738000,1647741600,1087.0,Estadio Universitario de Nuevo León,San Nicolás de los Garza,Match Finished,FT,90,,262,Liga MX,Mexico,https://media.api-sports.io/football/leagues/262.png,https://media.api-sports.io/flags/mx.svg,2021,Clausura - 11,True,2279,Tigres UANL,https://media.api-sports.io/football/teams/2279.png,True,2282,Monterrey,https://media.api-sports.io/football/teams/2282.png,False,2,0,0,0,2,0,,,,
816425,B. González,UTC,2022-03-20T03:00:00+00:00,1647745200,1647745200,1647748800,1081.0,Estadio Hidalgo,Pachuca de Soto,Match Finished,FT,90,,262,Liga MX,Mexico,https://media.api-sports.io/football/leagues/262.png,https://media.api-sports.io/flags/mx.svg,2021,Clausura - 11,True,2292,Pachuca,https://media.api-sports.io/football/teams/2292.png,True,2295,Cruz Azul,https://media.api-sports.io/football/teams/2295.png,False,1,0,1,0,1,0,,,,
816426,"Oscar Mejia Garcia, Mexico",UTC,2022-03-20T23:00:00+00:00,1647817200,1647817200,1647820800,7182.0,Estadio Azteca,D.F.,Match Finished,FT,90,,262,Liga MX,Mexico,https://media.api-sports.io/football/leagues/262.png,https://media.api-sports.io/flags/mx.svg,2021,Clausura - 11,True,2287,Club America,https://media.api-sports.io/football/teams/2287.png,True,2281,Toluca,https://media.api-sports.io/football/teams/2281.png,False,3,0,3,0,3,0,,,,
816427,"Cesar Arturo Ramos Palazuelos, Mexico",UTC,2022-03-21T01:00:00+00:00,1647824400,1647824400,1647828000,1071.0,Estadio Jalisco,Guadalajara,Match Finished,FT,90,,262,Liga MX,Mexico,https://media.api-sports.io/football/leagues/262.png,https://media.api-sports.io/flags/mx.svg,2021,Clausura - 11,True,2283,Atlas,https://media.api-sports.io/football/teams/2283.png,,2278,Guadalajara Chivas,https://media.api-sports.io/football/teams/2278.png,,1,1,0,0,1,1,,,,
816422,"Ismael Rosario Lopez Penuelas, Mexico",UTC,2022-03-21T03:00:00+00:00,1647831600,1647831600,1647835200,10546.0,Estadio de Mazatlán,Mazatlán,Match Finished,FT,90,,262,Liga MX,Mexico,https://media.api-sports.io/football/leagues/262.png,https://media.api-sports.io/flags/mx.svg,2021,Clausura - 11,True,14002,Mazatlán,https://media.api-sports.io/football/teams/14002.png,False,2289,Leon,https://media.api-sports.io/football/teams/2289.png,True,1,2,0,2,1,2,,,,
816421,"Luis Santander, Mexico",UTC,2022-03-21T03:06:00+00:00,1647831960,1647831960,1647835560,1088.0,Estadio Caliente,Tijuana,Match Finished,FT,90,,262,Liga MX,Mexico,https://media.api-sports.io/football/leagues/262.png,https://media.api-sports.io/flags/mx.svg,2021,Clausura - 11,True,2280,Club Tijuana,https://media.api-sports.io/football/teams/2280.png,True,2298,FC Juarez,https://media.api-sports.io/football/teams/2298.png,False,1,0,0,0,1,0,,,,
816407,L. Santander,UTC,2022-03-27T22:00:00+00:00,1648418400,1648418400,1648422000,1083.0,Estadio Olímpico de Universitario,D.F.,Match Finished,FT,90,,262,Liga MX,Mexico,https://media.api-sports.io/football/leagues/262.png,https://media.api-sports.io/flags/mx.svg,2021,Clausura - 9,True,2286,U.N.A.M. - Pumas,https://media.api-sports.io/football/teams/2286.png,,14002,Mazatlán,https://media.api-sports.io/football/teams/14002.png,,1,1,0,0,1,1,,,,
816428,C. Ramos,UTC,2022-04-02T02:00:00+00:00,1648864800,1648864800,1648868400,1795.0,Estadio Alfonso Lastras Ramírez,San Luis Potosí,Match Finished,FT,90,,262,Liga MX,Mexico,https://media.api-sports.io/football/leagues/262.png,https://media.api-sports.io/flags/mx.svg,2021,Clausura - 12,True,2314,Atletico San Luis,https://media.api-sports.io/football/teams/2314.png,True,14002,Mazatlán,https://media.api-sports.io/football/teams/14002.png,False,1,0,0,0,1,0,,,,
816430,D. Quintero,UTC,2022-04-03T01:00:00+00:00,1648947600,1648947600,1648951200,1080.0,Estadio Victoria de Aguascalientes,Aguascalientes,Match Finished,FT,90,,262,Liga MX,Mexico,https://media.api-sports.io/football/leagues/262.png,https://media.api-sports.io/flags/mx.svg,2021,Clausura - 12,True,2288,Necaxa,https://media.api-sports.io/football/teams/2288.png,False,2287,Club America,https://media.api-sports.io/football/teams/2287.png,True,0,1,0,0,0,1,,,,
816432,F. Guerrero,UTC,2022-04-03T03:00:00+00:00,1648954800,1648954800,1648958400,1845.0,Estadio Olímpico Benito Juárez,Ciudad Juárez,Match Finished,FT,90,,262,Liga MX,Mexico,https://media.api-sports.io/football/leagues/262.png,https://media.api-sports.io/flags/mx.svg,2021,Clausura - 12,True,2298,FC Juarez,https://media.api-sports.io/football/teams/2298.png,False,2286,U.N.A.M. - Pumas,https://media.api-sports.io/football/teams/2286.png,True,0,1,0,0,0,1,,,,
816433,"Fernando Hernandez, Mexico",UTC,2022-04-03T17:00:00+00:00,1649005200,1649005200,1649008800,1089.0,Estadio Nemesio Díez,Toluca de Lerdo,Match Finished,FT,90,,262,Liga MX,Mexico,https://media.api-sports.io/football/leagues/262.png,https://media.api-sports.io/flags/mx.svg,2021,Clausura - 12,True,2281,Toluca,https://media.api-sports.io/football/teams/2281.png,True,2291,Puebla,https://media.api-sports.io/football/teams/2291.png,False,2,1,2,1,2,1,,,,
816434,G. Pacheco,UTC,2022-04-03T22:00:00+00:00,1649023200,1649023200,1649026800,,Estadio León,León de los Aldamas,Match Finished,FT,90,,262,Liga MX,Mexico,https://media.api-sports.io/football/leagues/262.png,https://media.api-sports.io/flags/mx.svg,2021,Clausura - 12,True,2289,Leon,https://media.api-sports.io/football/teams/2289.png,,2290,Club Queretaro,https://media.api-sports.io/football/teams/2290.png,,1,1,0,1,1,1,,,,
816429,"Luis Santander, Mexico",UTC,2022-04-03T23:00:00+00:00,1649026800,1649026800,1649030400,7182.0,Estadio Azteca,D.F.,Match Finished,FT,90,,262,Liga MX,Mexico,https://media.api-sports.io/football/leagues/262.png,https://media.api-sports.io/flags/mx.svg,2021,Clausura - 12,True,2295,Cruz Azul,https://media.api-sports.io/football/teams/2295.png,True,2283,Atlas,https://media.api-sports.io/football/teams/2283.png,False,1,0,1,0,1,0,,,,
816435,"Oscar Macias, Mexico",UTC,2022-04-04T00:00:00+00:00,1649030400,1649030400,1649034000,1087.0,Estadio Universitario de Nuevo León,San Nicolás de los Garza,Match Finished,FT,90,,262,Liga MX,Mexico,https://media.api-sports.io/football/leagues/262.png,https://media.api-sports.io/flags/mx.svg,2021,Clausura - 12,True,2279,Tigres UANL,https://media.api-sports.io/football/teams/2279.png,True,2280,Club Tijuana,https://media.api-sports.io/football/teams/2280.png,False,2,0,0,0,2,0,,,,
816436,"Adonai Escobedo Gonzalez, Mexico",UTC,2022-04-04T00:00:00+00:00,1649030400,1649030400,1649034000,1085.0,Estadio Nuevo Corona,Torreón,Match Finished,FT,90,,262,Liga MX,Mexico,https://media.api-sports.io/football/leagues/262.png,https://media.api-sports.io/flags/mx.svg,2021,Clausura - 12,True,2285,Santos Laguna,https://media.api-sports.io/football/teams/2285.png,True,2292,Pachuca,https://media.api-sports.io/football/teams/2292.png,False,3,1,1,0,3,1,,,,
816364,"Eduardo Galvan Basulto, Mexico",UTC,2022-04-07T00:00:00+00:00,1649289600,1649289600,1649293200,1089.0,Estadio Nemesio Díez,Toluca de Lerdo,Match Finished,FT,90,,262,Liga MX,Mexico,https://media.api-sports.io/football/leagues/262.png,https://media.api-sports.io/flags/mx.svg,2021,Clausura - 4,True,2281,Toluca,https://media.api-sports.io/football/teams/2281.png,,2282,Monterrey,https://media.api-sports.io/football/teams/2282.png,,2,2,1,2,2,2,,,,
816409,"Jesus Rafael Lopez Valle, Mexico",UTC,2022-04-07T02:06:00+00:00,1649297160,1649297160,1649300760,1088.0,Estadio Caliente,Tijuana,Match Finished,FT,90,,262,Liga MX,Mexico,https://media.api-sports.io/football/leagues/262.png,https://media.api-sports.io/flags/mx.svg,2021,Clausura - 9,True,2280,Club Tijuana,https://media.api-sports.io/football/teams/2280.png,,2314,Atletico San Luis,https://media.api-sports.io/football/teams/2314.png,,1,1,0,0,1,1,,,,
816408,"Ismael Rosario Lopez Penuelas, Mexico",UTC,2022-04-08T00:00:00+00:00,1649376000,1649376000,1649379600,1081.0,Estadio Hidalgo,Pachuca de Soto,Match Finished,FT,90,,262,Liga MX,Mexico,https://media.api-sports.io/football/leagues/262.png,https://media.api-sports.io/flags/mx.svg,2021,Clausura - 9,True,2292,Pachuca,https://media.api-sports.io/football/teams/2292.png,True,2279,Tigres UANL,https://media.api-sports.io/football/teams/2279.png,False,2,1,0,0,2,1,,,,
816437,"Jorge Antonio Perez Duran, Mexico",UTC,2022-04-08T02:00:00+00:00,1649383200,1649383200,1649386800,1071.0,Estadio Jalisco,Guadalajara,Match Finished,FT,90,,262,Liga MX,Mexico,https://media.api-sports.io/football/leagues/262.png,https://media.api-sports.io/flags/mx.svg,2021,Clausura - 13,True,2283,Atlas,https://media.api-sports.io/football/teams/2283.png,True,2288,Necaxa,https://media.api-sports.io/football/teams/2288.png,False,2,1,1,0,2,1,,,,
816438,"Brian Omar Gonzalez Veles, Mexico",UTC,2022-04-09T00:00:00+00:00,1649462400,1649462400,1649466000,1082.0,Estadio Cuauhtémoc,Puebla,Match Finished,FT,90,,262,Liga MX,Mexico,https://media.api-sports.io/football/leagues/262.png,https://media.api-sports.io/flags/mx.svg,2021,Clausura - 13,True,2291,Puebla,https://media.api-sports.io/football/teams/2291.png,,2286,U.N.A.M. - Pumas,https://media.api-sports.io/football/teams/2286.png,,2,2,2,1,2,2,,,,
816439,"Erick Yair Miranda Galindo, Mexico",UTC,2022-04-09T02:00:00+00:00,1649469600,1649469600,1649473200,10546.0,Estadio de Mazatlán,Mazatlán,Match Finished,FT,90,,262,Liga MX,Mexico,https://media.api-sports.io/football/leagues/262.png,https://media.api-sports.io/flags/mx.svg,2021,Clausura - 13,True,14002,Mazatlán,https://media.api-sports.io/football/teams/14002.png,,2295,Cruz Azul,https://media.api-sports.io/football/teams/2295.png,,1,1,1,0,1,1,,,,
816440,"Luis Santander, Mexico",UTC,2022-04-09T22:00:00+00:00,1649541600,1649541600,1649545200,1795.0,Estadio Alfonso Lastras Ramírez,San Luis Potosí,Match Finished,FT,90,,262,Liga MX,Mexico,https://media.api-sports.io/football/leagues/262.png,https://media.api-sports.io/flags/mx.svg,2021,Clausura - 13,True,2314,Atletico San Luis,https://media.api-sports.io/football/teams/2314.png,True,2289,Leon,https://media.api-sports.io/football/teams/2289.png,False,2,0,1,0,2,0,,,,
816442,"Oscar Macias, Mexico",UTC,2022-04-10T00:00:00+00:00,1649548800,1649548800,1649552400,1089.0,Estadio Nemesio Díez,Toluca de Lerdo,Match Finished,FT,90,,262,Liga MX,Mexico,https://media.api-sports.io/football/leagues/262.png,https://media.api-sports.io/flags/mx.svg,2021,Clausura - 13,True,2281,Toluca,https://media.api-sports.io/football/teams/2281.png,,2278,Guadalajara Chivas,https://media.api-sports.io/football/teams/2278.png,,1,1,0,0,1,1,,,,
816441,"Marco Antonio Ortiz Nava, Mexico",UTC,2022-04-10T00:06:00+00:00,1649549160,1649549160,1649552760,11905.0,Estadio BBVA,Guadalupe,Match Finished,FT,90,,262,Liga MX,Mexico,https://media.api-sports.io/football/leagues/262.png,https://media.api-sports.io/flags/mx.svg,2021,Clausura - 13,True,2282,Monterrey,https://media.api-sports.io/football/teams/2282.png,True,2285,Santos Laguna,https://media.api-sports.io/football/teams/2285.png,False,1,0,0,0,1,0,,,,
816443,"Cesar Arturo Ramos Palazuelos, Mexico",UTC,2022-04-10T02:00:00+00:00,1649556000,1649556000,1649559600,7182.0,Estadio Azteca,D.F.,Match Finished,FT,90,,262,Liga MX,Mexico,https://media.api-sports.io/football/leagues/262.png,https://media.api-sports.io/flags/mx.svg,2021,Clausura - 13,True,2287,Club America,https://media.api-sports.io/football/teams/2287.png,True,2298,FC Juarez,https://media.api-sports.io/football/teams/2298.png,False,3,0,2,0,3,0,,,,
816444,"Diego Montano, Mexico",UTC,2022-04-11T00:00:00+00:00,1649635200,1649635200,1649638800,1084.0,Estadio La Corregidora,Santiago de Querétaro,Match Finished,FT,90,,262,Liga MX,Mexico,https://media.api-sports.io/football/leagues/262.png,https://media.api-sports.io/flags/mx.svg,2021,Clausura - 13,True,2290,Club Queretaro,https://media.api-sports.io/football/teams/2290.png,False,2279,Tigres UANL,https://media.api-sports.io/football/teams/2279.png,True,0,1,0,0,0,1,,,,
816445,"Daniel Quintero Huittron, Mexico",UTC,2022-04-12T02:00:00+00:00,1649728800,1649728800,1649732400,1081.0,Estadio Hidalgo,Pachuca de Soto,Match Finished,FT,90,,262,Liga MX,Mexico,https://media.api-sports.io/football/leagues/262.png,https://media.api-sports.io/flags/mx.svg,2021,Clausura - 13,True,2292,Pachuca,https://media.api-sports.io/football/teams/2292.png,,2280,Club Tijuana,https://media.api-sports.io/football/teams/2280.png,,0,0,0,0,0,0,,,,
816431,"Diego Montano, Mexico",UTC,2022-04-14T01:05:00+00:00,1649898300,1649898300,1649901900,1076.0,Estadio AKRON,Zapopan,Match Finished,FT,90,,262,Liga MX,Mexico,https://media.api-sports.io/football/leagues/262.png,https://media.api-sports.io/flags/mx.svg,2021,Clausura - 12,True,2278,Guadalajara Chivas,https://media.api-sports.io/football/teams/2278.png,False,2282,Monterrey,https://media.api-sports.io/football/teams/2282.png,True,1,3,1,1,1,3,,,,
816446,"Ismael Rosario Lopez Penuelas, Mexico",UTC,2022-04-15T02:00:00+00:00,1649988000,1649988000,1649991600,1071.0,Estadio Jalisco,Guadalajara,Match Finished,FT,90,,262,Liga MX,Mexico,https://media.api-sports.io/football/leagues/262.png,https://media.api-sports.io/flags/mx.svg,2021,Clausura - 14,True,2283,Atlas,https://media.api-sports.io/football/teams/2283.png,False,14002,Mazatlán,https://media.api-sports.io/football/teams/14002.png,True,1,2,0,2,1,2,,,,
816447,Ó. Mejía,UTC,2022-04-16T00:00:00+00:00,1650067200,1650067200,1650070800,1080.0,Estadio Victoria de Aguascalientes,Aguascalientes,Match Finished,FT,90,,262,Liga MX,Mexico,https://media.api-sports.io/football/leagues/262.png,https://media.api-sports.io/flags/mx.svg,2021,Clausura - 14,True,2288,Necaxa,https://media.api-sports.io/football/teams/2288.png,True,2314,Atletico San Luis,https://media.api-sports.io/football/teams/2314.png,False,4,2,3,1,4,2,,,,
816449,Ó. Macías,UTC,2022-04-16T02:00:00+00:00,1650074400,1650074400,1650078000,1845.0,Estadio Olímpico Benito Juárez,Ciudad Juárez,Match Finished,FT,90,,262,Liga MX,Mexico,https://media.api-sports.io/football/leagues/262.png,https://media.api-sports.io/flags/mx.svg,2021,Clausura - 14,True,2298,FC Juarez,https://media.api-sports.io/football/teams/2298.png,False,2292,Pachuca,https://media.api-sports.io/football/teams/2292.png,True,1,2,1,1,1,2,,,,
816448,L. Santander,UTC,2022-04-16T02:06:00+00:00,1650074760,1650074760,1650078360,1088.0,Estadio Caliente,Tijuana,Match Finished,FT,90,,262,Liga MX,Mexico,https://media.api-sports.io/football/leagues/262.png,https://media.api-sports.io/flags/mx.svg,2021,Clausura - 14,True,2280,Club Tijuana,https://media.api-sports.io/football/teams/2280.png,False,2287,Club America,https://media.api-sports.io/football/teams/2287.png,True,1,3,1,2,1,3,,,,
816450,"Eduardo Galvan Basulto, Mexico",UTC,2022-04-16T22:00:00+00:00,1650146400,1650146400,1650150000,,Estadio Leon,Leon,Match Finished,FT,90,,262,Liga MX,Mexico,https://media.api-sports.io/football/leagues/262.png,https://media.api-sports.io/flags/mx.svg,2021,Clausura - 14,True,2289,Leon,https://media.api-sports.io/football/teams/2289.png,False,2291,Puebla,https://media.api-sports.io/football/teams/2291.png,True,0,1,0,1,0,1,,,,
816452,M. Ortíz,UTC,2022-04-17T00:00:00+00:00,1650153600,1650153600,1650157200,1087.0,Estadio Universitario de Nuevo León,San Nicolás de los Garza,Match Finished,FT,90,,262,Liga MX,Mexico,https://media.api-sports.io/football/leagues/262.png,https://media.api-sports.io/flags/mx.svg,2021,Clausura - 14,True,2279,Tigres UANL,https://media.api-sports.io/football/teams/2279.png,True,2281,Toluca,https://media.api-sports.io/football/teams/2281.png,False,3,0,0,0,3,0,,,,
816451,C. Ramos,UTC,2022-04-17T00:00:00+00:00,1650153600,1650153600,1650157200,1085.0,Estadio Nuevo Corona,Torreón,Match Finished,FT,90,,262,Liga MX,Mexico,https://media.api-sports.io/football/leagues/262.png,https://media.api-sports.io/flags/mx.svg,2021,Clausura - 14,True,2285,Santos Laguna,https://media.api-sports.io/football/teams/2285.png,,2290,Club Queretaro,https://media.api-sports.io/football/teams/2290.png,,1,1,0,0,1,1,,,,
816453,J. Pérez,UTC,2022-04-17T02:00:00+00:00,1650160800,1650160800,1650164400,7182.0,Estadio Azteca,D.F.,Match Finished,FT,90,,262,Liga MX,Mexico,https://media.api-sports.io/football/leagues/262.png,https://media.api-sports.io/flags/mx.svg,2021,Clausura - 14,True,2295,Cruz Azul,https://media.api-sports.io/football/teams/2295.png,False,2278,Guadalajara Chivas,https://media.api-sports.io/football/teams/2278.png,True,0,1,0,0,0,1,,,,
816454,"Erick Yair Miranda Galindo, Mexico",UTC,2022-04-17T17:00:00+00:00,1650214800,1650214800,1650218400,1083.0,Estadio Olímpico de Universitario,D.F.,Match Finished,FT,90,,262,Liga MX,Mexico,https://media.api-sports.io/football/leagues/262.png,https://media.api-sports.io/flags/mx.svg,2021,Clausura - 14,True,2286,U.N.A.M. - Pumas,https://media.api-sports.io/football/teams/2286.png,True,2282,Monterrey,https://media.api-sports.io/football/teams/2282.png,False,2,0,0,0,2,0,,,,
816456,"Jesus Rafael Lopez Valle, Mexico",UTC,2022-04-20T00:00:00+00:00,1650412800,1650412800,1650416400,1080.0,Estadio Victoria de Aguascalientes,Aguascalientes,Match Finished,FT,90,,262,Liga MX,Mexico,https://media.api-sports.io/football/leagues/262.png,https://media.api-sports.io/flags/mx.svg,2021,Clausura - 15,True,2288,Necaxa,https://media.api-sports.io/football/teams/2288.png,True,2279,Tigres UANL,https://media.api-sports.io/football/teams/2279.png,False,2,0,2,0,2,0,,,,
816455,"Oscar Mejia Garcia, Mexico",UTC,2022-04-20T00:00:00+00:00,1650412800,1650412800,1650416400,1081.0,Estadio Hidalgo,Pachuca de Soto,Match Finished,FT,90,,262,Liga MX,Mexico,https://media.api-sports.io/football/leagues/262.png,https://media.api-sports.io/flags/mx.svg,2021,Clausura - 15,True,2292,Pachuca,https://media.api-sports.io/football/teams/2292.png,True,2291,Puebla,https://media.api-sports.io/football/teams/2291.png,False,1,0,1,0,1,0,,,,
816459,"Adonai Escobedo Gonzalez, Mexico",UTC,2022-04-20T02:00:00+00:00,1650420000,1650420000,1650423600,1076.0,Estadio AKRON,Zapopan,Match Finished,FT,90,,262,Liga MX,Mexico,https://media.api-sports.io/football/leagues/262.png,https://media.api-sports.io/flags/mx.svg,2021,Clausura - 15,True,2278,Guadalajara Chivas,https://media.api-sports.io/football/teams/2278.png,True,2280,Club Tijuana,https://media.api-sports.io/football/teams/2280.png,False,2,1,1,1,2,1,,,,
816458,"Victor Alfonso Caceres Hernandez, Mexico",UTC,2022-04-20T02:00:00+00:00,1650420000,1650420000,1650423600,1089.0,Estadio Nemesio Díez,Toluca de Lerdo,Match Finished,FT,90,,262,Liga MX,Mexico,https://media.api-sports.io/football/leagues/262.png,https://media.api-sports.io/flags/mx.svg,2021,Clausura - 15,True,2281,Toluca,https://media.api-sports.io/football/teams/2281.png,False,2298,FC Juarez,https://media.api-sports.io/football/teams/2298.png,True,0,1,0,0,0,1,,,,
816457,"Fernando Hernandez, Mexico",UTC,2022-04-20T02:00:00+00:00,1650420000,1650420000,1650423600,10546.0,Estadio de Mazatlán,Mazatlán,Match Finished,FT,90,,262,Liga MX,Mexico,https://media.api-sports.io/football/leagues/262.png,https://media.api-sports.io/flags/mx.svg,2021,Clausura - 15,True,14002,Mazatlán,https://media.api-sports.io/football/teams/14002.png,True,2285,Santos Laguna,https://media.api-sports.io/football/teams/2285.png,False,1,0,1,0,1,0,,,,
816460,"Marco Antonio Ortiz Nava, Mexico",UTC,2022-04-21T00:00:00+00:00,1650499200,1650499200,1650502800,1795.0,Estadio Alfonso Lastras Ramírez,San Luis Potosí,Match Finished,FT,90,,262,Liga MX,Mexico,https://media.api-sports.io/football/leagues/262.png,https://media.api-sports.io/flags/mx.svg,2021,Clausura - 15,True,2314,Atletico San Luis,https://media.api-sports.io/football/teams/2314.png,True,2286,U.N.A.M. - Pumas,https://media.api-sports.io/football/teams/2286.png,False,2,0,1,0,2,0,,,,
816461,"Diego Montano, Mexico",UTC,2022-04-21T02:00:00+00:00,1650506400,1650506400,1650510000,7182.0,Estadio Azteca,D.F.,Match Finished,FT,90,,262,Liga MX,Mexico,https://media.api-sports.io/football/leagues/262.png,https://media.api-sports.io/flags/mx.svg,2021,Clausura - 15,True,2287,Club America,https://media.api-sports.io/football/teams/2287.png,True,2289,Leon,https://media.api-sports.io/football/teams/2289.png,False,2,0,1,0,2,0,,,,
816462,"Cesar Arturo Ramos Palazuelos, Mexico",UTC,2022-04-21T02:06:00+00:00,1650506760,1650506760,1650510360,11905.0,Estadio BBVA,Guadalupe,Match Finished,FT,90,,262,Liga MX,Mexico,https://media.api-sports.io/football/leagues/262.png,https://media.api-sports.io/flags/mx.svg,2021,Clausura - 15,True,2282,Monterrey,https://media.api-sports.io/football/teams/2282.png,,2283,Atlas,https://media.api-sports.io/football/teams/2283.png,,0,0,0,0,0,0,,,,
816463,"Fernando Guerrero Ramirez, Mexico",UTC,2022-04-22T02:00:00+00:00,1650592800,1650592800,1650596400,1084.0,Estadio La Corregidora,Santiago de Querétaro,Match Finished,FT,90,,262,Liga MX,Mexico,https://media.api-sports.io/football/leagues/262.png,https://media.api-sports.io/flags/mx.svg,2021,Clausura - 15,True,2290,Club Queretaro,https://media.api-sports.io/football/teams/2290.png,False,2295,Cruz Azul,https://media.api-sports.io/football/teams/2295.png,True,0,1,0,0,0,1,,,,
816464,I. Lopez,UTC,2022-04-23T00:00:00+00:00,1650672000,1650672000,1650675600,1082.0,Estadio Cuauhtémoc,Puebla,Match Finished,FT,90,,262,Liga MX,Mexico,https://media.api-sports.io/football/leagues/262.png,https://media.api-sports.io/flags/mx.svg,2021,Clausura - 16,True,2291,Puebla,https://media.api-sports.io/football/teams/2291.png,False,2288,Necaxa,https://media.api-sports.io/football/teams/2288.png,True,0,1,0,0,0,1,,,,
816465,Ó. Mejía,UTC,2022-04-23T02:00:00+00:00,1650679200,1650679200,1650682800,1845.0,Estadio Olímpico Benito Juárez,Ciudad Juárez,Match Finished,FT,90,,262,Liga MX,Mexico,https://media.api-sports.io/football/leagues/262.png,https://media.api-sports.io/flags/mx.svg,2021,Clausura - 16,True,2298,FC Juarez,https://media.api-sports.io/football/teams/2298.png,False,14002,Mazatlán,https://media.api-sports.io/football/teams/14002.png,True,0,2,0,1,0,2,,,,
816466,"Luis Santander, Mexico",UTC,2022-04-23T22:00:00+00:00,1650751200,1650751200,1650754800,1081.0,Estadio Hidalgo,Pachuca de Soto,Match Finished,FT,90,,262,Liga MX,Mexico,https://media.api-sports.io/football/leagues/262.png,https://media.api-sports.io/flags/mx.svg,2021,Clausura - 16,True,2292,Pachuca,https://media.api-sports.io/football/teams/2292.png,True,2282,Monterrey,https://media.api-sports.io/football/teams/2282.png,False,3,0,1,0,3,0,,,,
816467,F. Hernández,UTC,2022-04-24T00:00:00+00:00,1650758400,1650758400,1650762000,1087.0,Estadio Universitario de Nuevo León,San Nicolás de los Garza,Match Finished,FT,90,,262,Liga MX,Mexico,https://media.api-sports.io/football/leagues/262.png,https://media.api-sports.io/flags/mx.svg,2021,Clausura - 16,True,2279,Tigres UANL,https://media.api-sports.io/football/teams/2279.png,False,2287,Club America,https://media.api-sports.io/football/teams/2287.png,True,0,2,0,1,0,2,,,,
816468,Ó. Macías,UTC,2022-04-24T02:00:00+00:00,1650765600,1650765600,1650769200,1076.0,Estadio AKRON,Zapopan,Match Finished,FT,90,,262,Liga MX,Mexico,https://media.api-sports.io/football/leagues/262.png,https://media.api-sports.io/flags/mx.svg,2021,Clausura - 16,True,2278,Guadalajara Chivas,https://media.api-sports.io/football/teams/2278.png,True,2286,U.N.A.M. - Pumas,https://media.api-sports.io/football/teams/2286.png,False,3,1,2,0,3,1,,,,
816469,"Fernando Guerrero Ramirez, Mexico",UTC,2022-04-24T17:00:00+00:00,1650819600,1650819600,1650823200,1089.0,Estadio Nemesio Díez,Toluca de Lerdo,Match Finished,FT,90,,262,Liga MX,Mexico,https://media.api-sports.io/football/leagues/262.png,https://media.api-sports.io/flags/mx.svg,2021,Clausura - 16,True,2281,Toluca,https://media.api-sports.io/football/teams/2281.png,False,2283,Atlas,https://media.api-sports.io/football/teams/2283.png,True,2,4,1,2,2,4,,,,
816470,"Jesus Rafael Lopez Valle, Mexico",UTC,2022-04-24T22:00:00+00:00,1650837600,1650837600,1650841200,7182.0,Estadio Azteca,D.F.,Match Finished,FT,90,,262,Liga MX,Mexico,https://media.api-sports.io/football/leagues/262.png,https://media.api-sports.io/flags/mx.svg,2021,Clausura - 16,True,2295,Cruz Azul,https://media.api-sports.io/football/teams/2295.png,False,2314,Atletico San Luis,https://media.api-sports.io/football/teams/2314.png,True,0,1,0,1,0,1,,,,
816471,"Adonai Escobedo Gonzalez, Mexico",UTC,2022-04-25T00:00:00+00:00,1650844800,1650844800,1650848400,1085.0,Estadio Nuevo Corona,Torreón,Match Finished,FT,90,,262,Liga MX,Mexico,https://media.api-sports.io/football/leagues/262.png,https://media.api-sports.io/flags/mx.svg,2021,Clausura - 16,True,2285,Santos Laguna,https://media.api-sports.io/football/teams/2285.png,,2289,Leon,https://media.api-sports.io/football/teams/2289.png,,1,1,0,0,1,1,,,,
816472,"Marco Antonio Ortiz Nava, Mexico",UTC,2022-04-25T02:06:00+00:00,1650852360,1650852360,1650855960,1088.0,Estadio Caliente,Tijuana,Match Finished,FT,90,,262,Liga MX,Mexico,https://media.api-sports.io/football/leagues/262.png,https://media.api-sports.io/flags/mx.svg,2021,Clausura - 16,True,2280,Club Tijuana,https://media.api-sports.io/football/teams/2280.png,,2290,Club Queretaro,https://media.api-sports.io/football/teams/2290.png,,2,2,2,0,2,2,,,,
816473,C. Ramos,UTC,2022-04-30T00:00:00+00:00,1651276800,1651276800,1651280400,1080.0,Estadio Victoria de Aguascalientes,Aguascalientes,Match Finished,FT,90,,262,Liga MX,Mexico,https://media.api-sports.io/football/leagues/262.png,https://media.api-sports.io/flags/mx.svg,2021,Clausura - 17,True,2288,Necaxa,https://media.api-sports.io/football/teams/2288.png,False,2278,Guadalajara Chivas,https://media.api-sports.io/football/teams/2278.png,True,0,1,0,0,0,1,,,,
816474,J. Pérez,UTC,2022-04-30T02:05:00+00:00,1651284300,1651284300,1651287900,10546.0,Estadio de Mazatlán,Mazatlán,Match Finished,FT,90,,262,Liga MX,Mexico,https://media.api-sports.io/football/leagues/262.png,https://media.api-sports.io/flags/mx.svg,2021,Clausura - 17,True,14002,Mazatlán,https://media.api-sports.io/football/teams/14002.png,True,2291,Puebla,https://media.api-sports.io/football/teams/2291.png,False,2,1,0,0,2,1,,,,
816475,"Adonai Escobedo Gonzalez, Mexico",UTC,2022-04-30T22:00:00+00:00,1651356000,1651356000,1651359600,1084.0,Estadio La Corregidora,Santiago de Querétaro,Match Finished,FT,90,,262,Liga MX,Mexico,https://media.api-sports.io/football/leagues/262.png,https://media.api-sports.io/flags/mx.svg,2021,Clausura - 17,True,2290,Club Queretaro,https://media.api-sports.io/football/teams/2290.png,True,2298,FC Juarez,https://media.api-sports.io/football/teams/2298.png,False,4,0,2,0,4,0,,,,
816476,Ó. Mejía,UTC,2022-05-01T00:00:00+00:00,1651363200,1651363200,1651366800,1071.0,Estadio Jalisco,Guadalajara,Match Finished,FT,90,,262,Liga MX,Mexico,https://media.api-sports.io/football/leagues/262.png,https://media.api-sports.io/flags/mx.svg,2021,Clausura - 17,True,2283,Atlas,https://media.api-sports.io/football/teams/2283.png,,2279,Tigres UANL,https://media.api-sports.io/football/teams/2279.png,,1,1,0,0,1,1,,,,
816477,D. Quintero,UTC,2022-05-01T00:06:00+00:00,1651363560,1651363560,1651367160,11905.0,Estadio BBVA,Guadalupe,Match Finished,FT,90,,262,Liga MX,Mexico,https://media.api-sports.io/football/leagues/262.png,https://media.api-sports.io/flags/mx.svg,2021,Clausura - 17,True,2282,Monterrey,https://media.api-sports.io/football/teams/2282.png,True,2280,Club Tijuana,https://media.api-sports.io/football/teams/2280.png,False,2,0,1,0,2,0,,,,
816478,M. Ortíz,UTC,2022-05-01T02:00:00+00:00,1651370400,1651370400,1651374000,7182.0,Estadio Azteca,D.F.,Match Finished,FT,90,,262,Liga MX,Mexico,https://media.api-sports.io/football/leagues/262.png,https://media.api-sports.io/flags/mx.svg,2021,Clausura - 17,True,2287,Club America,https://media.api-sports.io/football/teams/2287.png,,2295,Cruz Azul,https://media.api-sports.io/football/teams/2295.png,,0,0,0,0,0,0,,,,
816479,"Fernando Hernandez, Mexico",UTC,2022-05-01T17:00:00+00:00,1651424400,1651424400,1651428000,1083.0,Estadio Olímpico de Universitario,D.F.,Match Finished,FT,90,,262,Liga MX,Mexico,https://media.api-sports.io/football/leagues/262.png,https://media.api-sports.io/flags/mx.svg,2021,Clausura - 17,True,2286,U.N.A.M. - Pumas,https://media.api-sports.io/football/teams/2286.png,True,2292,Pachuca,https://media.api-sports.io/football/teams/2292.png,False,2,0,0,0,2,0,,,,
816480,"Ismael Rosario Lopez Penuelas, Mexico",UTC,2022-05-01T21:00:00+00:00,1651438800,1651438800,1651442400,1795.0,Estadio Alfonso Lastras Ramírez,San Luis Potosí,Match Finished,FT,90,,262,Liga MX,Mexico,https://media.api-sports.io/football/leagues/262.png,https://media.api-sports.io/flags/mx.svg,2021,Clausura - 17,True,2314,Atletico San Luis,https://media.api-sports.io/football/teams/2314.png,False,2285,Santos Laguna,https://media.api-sports.io/football/teams/2285.png,True,1,3,0,0,1,3,,,,
816481,"Luis Santander, Mexico",UTC,2022-05-02T01:06:00+00:00,1651453560,1651453560,1651457160,,Estadio Leon,Leon,Match Finished,FT,90,,262,Liga MX,Mexico,https://media.api-sports.io/football/leagues/262.png,https://media.api-sports.io/flags/mx.svg,2021,Clausura - 17,True,2289,Leon,https://media.api-sports.io/football/teams/2289.png,,2281,Toluca,https://media.api-sports.io/football/teams/2281.png,,4,4,3,3,4,4,,,,
860911,"Fernando Guerrero Ramirez, Mexico",UTC,2022-05-07T22:45:00+00:00,1651963500,1651963500,1651967100,7182.0,Estadio Azteca,D.F.,Match Finished,PEN,120,,262,Liga MX,Mexico,https://media.api-sports.io/football/leagues/262.png,https://media.api-sports.io/flags/mx.svg,2021,Clausura - Reclasificacion,True,2295,Cruz Azul,https://media.api-sports.io/football/teams/2295.png,True,2288,Necaxa,https://media.api-sports.io/football/teams/2288.png,False,1,1,0,0,1,1,0.0,0.0,3.0,1.0
860912,J. Pérez,UTC,2022-05-08T01:06:00+00:00,1651971960,1651971960,1651975560,11905.0,Estadio BBVA,Guadalupe,Match Finished,PEN,120,,262,Liga MX,Mexico,https://media.api-sports.io/football/leagues/262.png,https://media.api-sports.io/flags/mx.svg,2021,Clausura - Reclasificacion,True,2282,Monterrey,https://media.api-sports.io/football/teams/2282.png,False,2314,Atletico San Luis,https://media.api-sports.io/football/teams/2314.png,True,2,2,1,0,2,2,0.0,0.0,1.0,3.0
860913,"Cesar Arturo Ramos Palazuelos, Mexico",UTC,2022-05-08T22:00:00+00:00,1652047200,1652047200,1652050800,1082.0,Estadio Cuauhtémoc,Puebla,Match Finished,PEN,120,,262,Liga MX,Mexico,https://media.api-sports.io/football/leagues/262.png,https://media.api-sports.io/flags/mx.svg,2021,Clausura - Reclasificacion,True,2291,Puebla,https://media.api-sports.io/football/teams/2291.png,True,14002,Mazatlán,https://media.api-sports.io/football/teams/14002.png,False,2,2,2,1,2,2,0.0,0.0,3.0,1.0
860914,"Marco Antonio Ortiz Nava, Mexico",UTC,2022-05-09T00:15:00+00:00,1652055300,1652055300,1652058900,1076.0,Estadio AKRON,Zapopan,Match Finished,FT,90,,262,Liga MX,Mexico,https://media.api-sports.io/football/leagues/262.png,https://media.api-sports.io/flags/mx.svg,2021,Clausura - Reclasificacion,True,2278,Guadalajara Chivas,https://media.api-sports.io/football/teams/2278.png,True,2286,U.N.A.M. - Pumas,https://media.api-sports.io/football/teams/2286.png,False,4,1,1,1,4,1,,,,
861500,"Oscar Mejia Garcia, Mexico",UTC,2022-05-12T00:00:00+00:00,1652313600,1652313600,1652317200,1795.0,Estadio Alfonso Lastras Ramírez,San Luis Potosí,Match Finished,FT,90,,262,Liga MX,Mexico,https://media.api-sports.io/football/leagues/262.png,https://media.api-sports.io/flags/mx.svg,2021,Clausura - Quarter-finals,True,2314,Atletico San Luis,https://media.api-sports.io/football/teams/2314.png,,2292,Pachuca,https://media.api-sports.io/football/teams/2292.png,,2,2,1,1,2,2,,,,
861502,"Luis Santander, Mexico",UTC,2022-05-12T02:05:00+00:00,1652321100,1652321100,1652324700,1082.0,Estadio Cuauhtémoc,Puebla,Match Finished,FT,90,,262,Liga MX,Mexico,https://media.api-sports.io/football/leagues/262.png,https://media.api-sports.io/flags/mx.svg,2021,Clausura - Quarter-finals,True,2291,Puebla,https://media.api-sports.io/football/teams/2291.png,,2287,Club America,https://media.api-sports.io/football/teams/2287.png,,1,1,0,0,1,1,,,,
861504,"Fernando Hernandez, Mexico",UTC,2022-05-13T00:00:00+00:00,1652400000,1652400000,1652403600,7182.0,Estadio Azteca,D.F.,Match Finished,FT,90,,262,Liga MX,Mexico,https://media.api-sports.io/football/leagues/262.png,https://media.api-sports.io/flags/mx.svg,2021,Clausura - Quarter-finals,True,2295,Cruz Azul,https://media.api-sports.io/football/teams/2295.png,False,2279,Tigres UANL,https://media.api-sports.io/football/teams/2279.png,True,0,1,0,1,0,1,,,,
861506,"Jorge Antonio Perez Duran, Mexico",UTC,2022-05-13T02:05:00+00:00,1652407500,1652407500,1652411100,1076.0,Estadio AKRON,Zapopan,Match Finished,FT,90,,262,Liga MX,Mexico,https://media.api-sports.io/football/leagues/262.png,https://media.api-sports.io/flags/mx.svg,2021,Clausura - Quarter-finals,True,2278,Guadalajara Chivas,https://media.api-sports.io/football/teams/2278.png,False,2283,Atlas,https://media.api-sports.io/football/teams/2283.png,True,1,2,0,2,1,2,,,,
861503,"Julio Gerardo Garcia Armenta, Mexico",UTC,2022-05-14T23:00:00+00:00,1652569200,1652569200,1652572800,7182.0,Estadio Azteca,D.F.,Match Finished,FT,90,,262,Liga MX,Mexico,https://media.api-sports.io/football/leagues/262.png,https://media.api-sports.io/flags/mx.svg,2021,Clausura - Quarter-finals,True,2287,Club America,https://media.api-sports.io/football/teams/2287.png,True,2291,Puebla,https://media.api-sports.io/football/teams/2291.png,False,3,2,1,1,3,2,,,,
861501,M. Ortíz,UTC,2022-05-15T01:05:00+00:00,1652576700,1652576700,1652580300,1081.0,Estadio Hidalgo,Pachuca de Soto,Match Finished,FT,90,,262,Liga MX,Mexico,https://media.api-sports.io/football/leagues/262.png,https://media.api-sports.io/flags/mx.svg,2021,Clausura - Quarter-finals,True,2292,Pachuca,https://media.api-sports.io/football/teams/2292.png,True,2314,Atletico San Luis,https://media.api-sports.io/football/teams/2314.png,False,3,2,0,0,3,2,,,,
861507,"Fernando Hernandez, Mexico",UTC,2022-05-15T23:00:00+00:00,1652655600,1652655600,1652659200,1071.0,Estadio Jalisco,Guadalajara,Match Finished,FT,90,,262,Liga MX,Mexico,https://media.api-sports.io/football/leagues/262.png,https://media.api-sports.io/flags/mx.svg,2021,Clausura - Quarter-finals,True,2283,Atlas,https://media.api-sports.io/football/teams/2283.png,,2278,Guadalajara Chivas,https://media.api-sports.io/football/teams/2278.png,,1,1,1,0,1,1,,,,
861505,"Cesar Arturo Ramos Palazuelos, Mexico",UTC,2022-05-16T01:05:00+00:00,1652663100,1652663100,1652666700,1087.0,Estadio Universitario de Nuevo León,San Nicolás de los Garza,Match Finished,FT,90,,262,Liga MX,Mexico,https://media.api-sports.io/football/leagues/262.png,https://media.api-sports.io/flags/mx.svg,2021,Clausura - Quarter-finals,True,2279,Tigres UANL,https://media.api-sports.io/football/teams/2279.png,False,2295,Cruz Azul,https://media.api-sports.io/football/teams/2295.png,True,0,1,0,1,0,1,,,,
862203,"Marco Antonio Ortiz Nava, Mexico",UTC,2022-05-19T02:00:00+00:00,1652925600,1652925600,1652929200,1071.0,Estadio Jalisco,Guadalajara,Match Finished,FT,90,,262,Liga MX,Mexico,https://media.api-sports.io/football/leagues/262.png,https://media.api-sports.io/flags/mx.svg,2021,Clausura - Semi-finals,True,2283,Atlas,https://media.api-sports.io/football/teams/2283.png,True,2279,Tigres UANL,https://media.api-sports.io/football/teams/2279.png,False,3,0,1,0,3,0,,,,
862205,"Jorge Antonio Perez Duran, Mexico",UTC,2022-05-20T01:00:00+00:00,1653008400,1653008400,1653012000,7182.0,Estadio Azteca,D.F.,Match Finished,FT,90,,262,Liga MX,Mexico,https://media.api-sports.io/football/leagues/262.png,https://media.api-sports.io/flags/mx.svg,2021,Clausura - Semi-finals,True,2287,Club America,https://media.api-sports.io/football/teams/2287.png,,2292,Pachuca,https://media.api-sports.io/football/teams/2292.png,,1,1,0,0,1,1,,,,
862204,"Cesar Arturo Ramos Palazuelos, Mexico",UTC,2022-05-22T01:00:00+00:00,1653181200,1653181200,1653184800,1087.0,Estadio Universitario de Nuevo León,San Nicolás de los Garza,Match Finished,FT,90,,262,Liga MX,Mexico,https://media.api-sports.io/football/leagues/262.png,https://media.api-sports.io/flags/mx.svg,2021,Clausura - Semi-finals,True,2279,Tigres UANL,https://media.api-sports.io/football/teams/2279.png,True,2283,Atlas,https://media.api-sports.io/football/teams/2283.png,False,4,2,0,1,4,2,,,,
862206,"Fernando Hernandez, Mexico",UTC,2022-05-23T01:06:00+00:00,1653267960,1653267960,1653271560,1081.0,Estadio Hidalgo,Pachuca de Soto,Match Finished,FT,90,,262,Liga MX,Mexico,https://media.api-sports.io/football/leagues/262.png,https://media.api-sports.io/flags/mx.svg,2021,Clausura - Semi-finals,True,2292,Pachuca,https://media.api-sports.io/football/teams/2292.png,True,2287,Club America,https://media.api-sports.io/football/teams/2287.png,False,3,0,2,0,3,0,,,,
862941,"Marco Antonio Ortiz Nava, Mexico",UTC,2022-05-27T02:00:00+00:00,1653616800,1653616800,1653620400,1071.0,Estadio Jalisco,Guadalajara,Match Finished,FT,90,,262,Liga MX,Mexico,https://media.api-sports.io/football/leagues/262.png,https://media.api-sports.io/flags/mx.svg,2021,Clausura - Finals,True,2283,Atlas,https://media.api-sports.io/football/teams/2283.png,True,2292,Pachuca,https://media.api-sports.io/football/teams/2292.png,False,2,0,1,0,2,0,,,,
862942,"Fernando Hernandez, Mexico",UTC,2022-05-30T01:10:00+00:00,1653873000,1653873000,1653876600,1081.0,Estadio Hidalgo,Pachuca de Soto,Match Finished,FT,90,,262,Liga MX,Mexico,https://media.api-sports.io/football/leagues/262.png,https://media.api-sports.io/flags/mx.svg,2021,Clausura - Finals,True,2292,Pachuca,https://media.api-sports.io/football/teams/2292.png,True,2283,Atlas,https://media.api-sports.io/football/teams/2283.png,False,2,1,2,1,2,1,,,,
